id,samplingPoint.notation,samplingPoint.prefLabel,samplingPoint.easting,samplingPoint.northing,samplingPoint.region,samplingPoint.area,samplingPoint.subArea,samplingPoint.samplingPointStatus,samplingPoint.samplingPointType,phenomenonTime,samplingPurpose,sampleMaterialType,determinand.notation,determinand.prefLabel,result,unit,Date
https://environment.data.gov.uk/water-quality/sampling-point/SW-7002GW06/sample/3503704/observation/0076,SW-7002GW06,PENDRAGON FARM,332300,99300,SouthWest,SOUTH WEST - DEVON AND CORNWALL,EAST DEVON AND CORNWALL,OPEN,GROUNDWATER - BOREHOLE,2024-01-11 11:52:00,ENVIRONMENTAL MONITORING STATUTORY (EU DIRECTIVES),GROUNDWATER - PURGED/PUMPED/REFILLED,0076,Temperature of Water,6.1,CELSIUS,2024-01-11
https://environment.data.gov.uk/water-quality/sampling-point/SW-70220104/sample/3503229/observation/0076,SW-70220104,"RIVER AXE AT AXE BRIDGE BELOW COLYTON & COLYFORD STW, ALTERNATIVE HISTORIC DATA ON URN WSTW7554B",325931,92648,SouthWest,SOUTH WEST - DEVON AND CORNWALL,EAST DEVON AND CORNWALL,OPEN,FRESHWATER - RIVERS,2024-01-04 11:25:00,MONITORING  (UK GOVT POLICY - NOT GQA OR RE),RIVER / RUNNING SURFACE WATER,0076,Temperature of Water,8.7,CELSIUS,2024-01-04
https://environment.data.gov.uk/water-quality/sampling-point/SW-70220148/sample/3504802/observation/0076,SW-70220148,RIVER AXE NUNFORD FOOTBRIDGE,326287,94733,SouthWest,SOUTH WEST - DEVON AND CORNWALL,EAST DEVON AND CORNWALL,OPEN,FRESHWATER - RIVERS,2024-01-23 10:22:00,PLANNED INVESTIGATION (LOCAL MONITORING),RIVER / RUNNING SURFACE WATER,0076,Temperature of Water,7.2,CELSIUS,2024-01-23
https://environment.data.gov.uk/water-quality/sampling-point/SW-70220159/sample/3503674/observation/0076,SW-70220159,RIVER AXE AT WHITFORD BRIDGE,326225,95420,SouthWest,SOUTH WEST - DEVON AND CORNWALL,EAST DEVON AND CORNWALL,OPEN,FRESHWATER - RIVERS,2024-01-10 11:09:00,MONITORING  (UK GOVT POLICY - NOT GQA OR RE),RIVER / RUNNING SURFACE WATER,0076,Temperature of Water,4,CELSIUS,2024-01-10
https://environment.data.gov.uk/water-quality/sampling-point/SW-70220169/sample/3503594/observation/0076,SW-70220169,RIVER AXE BELOW AXMINSTER (KILMINGTON) STW,327823,97310,SouthWest,SOUTH WEST - DEVON AND CORNWALL,EAST DEVON AND CORNWALL,OPEN,FRESHWATER - RIVERS,2024-01-10 11:57:00,PLANNED INVESTIGATION (LOCAL MONITORING),RIVER / RUNNING SURFACE WATER,0076,Temperature of Water,4.3,CELSIUS,2024-01-10
https://environment.data.gov.uk/water-quality/sampling-point/SW-70220175/sample/3502765/observation/0076,SW-70220175,RIVER AXE ABOVE AXMINSTER (KILMINGTON) STW,327856,97351,SouthWest,SOUTH WEST - DEVON AND CORNWALL,EAST DEVON AND CORNWALL,OPEN,FRESHWATER - RIVERS,2024-01-03 09:20:00,PLANNED INVESTIGATION (LOCAL MONITORING),RIVER / RUNNING SURFACE WATER,0076,Temperature of Water,9.1,CELSIUS,2024-01-03
https://environment.data.gov.uk/water-quality/sampling-point/SW-70220505/sample/3503648/observation/0076,SW-70220505,RIVER COLY AT COLYFORD,325339,92658,SouthWest,SOUTH WEST - DEVON AND CORNWALL,EAST DEVON AND CORNWALL,OPEN,FRESHWATER - RIVERS,2024-01-10 11:26:00,PLANNED INVESTIGATION (LOCAL MONITORING),RIVER / RUNNING SURFACE WATER,0076,Temperature of Water,3.8,CELSIUS,2024-01-10
https://environment.data.gov.uk/water-quality/sampling-point/SW-70220535/sample/3503865/observation/0076,SW-70220535,NANNIES WATER @ BRIDGE ON BONEHAYNE & PURLBRIDGE ROAD,322681,94397,SouthWest,SOUTH WEST - DEVON AND CORNWALL,EAST DEVON AND CORNWALL,OPEN,FRESHWATER - RIVERS,2024-01-12 12:48:00,PLANNED INVESTIGATION (LOCAL MONITORING),RIVER / RUNNING SURFACE WATER,0076,Temperature of Water,5.7,CELSIUS,2024-01-12
https://environment.data.gov.uk/water-quality/sampling-point/SW-70220566/sample/3503857/observation/0076,SW-70220566,RIVER COLY AT WOODBRIDGE,318880,95322,SouthWest,SOUTH WEST - DEVON AND CORNWALL,EAST DEVON AND CORNWALL,OPEN,FRESHWATER - RIVERS,2024-01-12 13:13:00,PLANNED INVESTIGATION (LOCAL MONITORING),RIVER / RUNNING SURFACE WATER,0076,Temperature of Water,5.2,CELSIUS,2024-01-12
https://environment.data.gov.uk/water-quality/sampling-point/SW-70220602/sample/3503850/observation/0076,SW-70220602,UMBORNE BROOK AT UMBORNE BRIDGE,324868,94252,SouthWest,SOUTH WEST - DEVON AND CORNWALL,EAST DEVON AND CORNWALL,OPEN,FRESHWATER - RIVERS,2024-01-12 12:22:00,PLANNED INVESTIGATION (LOCAL MONITORING),RIVER / RUNNING SURFACE WATER,0076,Temperature of Water,6.2,CELSIUS,2024-01-12
https://environment.data.gov.uk/water-quality/sampling-point/SW-70221203/sample/3503831/observation/0076,SW-70221203,OFFWELL BROOK AT ROADPITT FARM,321482,95324,SouthWest,SOUTH WEST - DEVON AND CORNWALL,EAST DEVON AND CORNWALL,OPEN,FRESHWATER - RIVERS,2024-01-12 12:40:00,PLANNED INVESTIGATION (LOCAL MONITORING),RIVER / RUNNING SURFACE WATER,0076,Temperature of Water,6,CELSIUS,2024-01-12
https://environment.data.gov.uk/water-quality/sampling-point/SW-70230005/sample/3502801/observation/0076,SW-70230005,"LOWER BERRY FARM  HAWKSCHURCH   AXMINSTER, SAMPLED FROM HEAD OF BOREHOLE",336310,100150,SouthWest,SOUTH WEST - DEVON AND CORNWALL,EAST DEVON AND CORNWALL,OPEN,GROUNDWATER - BOREHOLE,2024-01-03 10:17:00,ENVIRONMENTAL MONITORING STATUTORY (EU DIRECTIVES),GROUNDWATER,0076,Temperature of Water,11.5,CELSIUS,2024-01-03
https://environment.data.gov.uk/water-quality/sampling-point/SW-70230103/sample/3502735/observation/0076,SW-70230103,RIVER AXE AT BOW BRIDGE,329048,98203,SouthWest,SOUTH WEST - DEVON AND CORNWALL,EAST DEVON AND CORNWALL,OPEN,FRESHWATER - RIVERS,2024-01-03 09:34:00,PLANNED INVESTIGATION (LOCAL MONITORING),RIVER / RUNNING SURFACE WATER,0076,Temperature of Water,9.2,CELSIUS,2024-01-03
https://environment.data.gov.uk/water-quality/sampling-point/SW-70230605/sample/3502802/observation/0076,SW-70230605,KIT BROOK AT AXE FARM,331944,101641,SouthWest,SOUTH WEST - DEVON AND CORNWALL,EAST DEVON AND CORNWALL,OPEN,FRESHWATER - RIVERS,2024-01-03 10:59:00,PLANNED INVESTIGATION (LOCAL MONITORING),RIVER / RUNNING SURFACE WATER,0076,Temperature of Water,9.5,CELSIUS,2024-01-03
https://environment.data.gov.uk/water-quality/sampling-point/SW-70240209/sample/3502790/observation/0076,SW-70240209,"RIVER YARTY AT A35 BRIDGE, GAMMONS HILL",328150,98010,SouthWest,SOUTH WEST - DEVON AND CORNWALL,EAST DEVON AND CORNWALL,OPEN,FRESHWATER - RIVERS,2024-01-03 09:41:00,PLANNED INVESTIGATION (LOCAL MONITORING),RIVER / RUNNING SURFACE WATER,0076,Temperature of Water,8.9,CELSIUS,2024-01-03
https://environment.data.gov.uk/water-quality/sampling-point/SW-70240215/sample/3503179/observation/0076,SW-70240215,"R. YARTY AT WESTWATER FARM, AXMINSTER",327687,99732,SouthWest,SOUTH WEST - DEVON AND CORNWALL,EAST DEVON AND CORNWALL,OPEN,FRESHWATER - RIVERS,2024-01-04 13:30:00,PLANNED INVESTIGATION (LOCAL MONITORING),RIVER / RUNNING SURFACE WATER,0076,Temperature of Water,7.9,CELSIUS,2024-01-04
https://environment.data.gov.uk/water-quality/sampling-point/SW-70240223/sample/3503230/observation/0076,SW-70240223,RIVER YARTY AT BECKFORD BRIDGE,326539,101447,SouthWest,SOUTH WEST - DEVON AND CORNWALL,EAST DEVON AND CORNWALL,OPEN,FRESHWATER - RIVERS,2024-01-04 13:47:00,PLANNED INVESTIGATION (LOCAL MONITORING),RIVER / RUNNING SURFACE WATER,0076,Temperature of Water,7.8,CELSIUS,2024-01-04
https://environment.data.gov.uk/water-quality/sampling-point/SW-70240231/sample/3503863/observation/0076,SW-70240231,R. YARTY-D/S OF BRIDGE AT CRANDONS FARM,325923,103587,SouthWest,SOUTH WEST - DEVON AND CORNWALL,EAST DEVON AND CORNWALL,OPEN,FRESHWATER - RIVERS,2024-01-12 11:43:00,PLANNED INVESTIGATION (LOCAL MONITORING),RIVER / RUNNING SURFACE WATER,0076,Temperature of Water,5.4,CELSIUS,2024-01-12
https://environment.data.gov.uk/water-quality/sampling-point/SW-70240265/sample/3503176/observation/0076,SW-70240265,RIVER YARTY AT NEWHAVEN BRIDGE,325863,110972,SouthWest,SOUTH WEST - DEVON AND CORNWALL,EAST DEVON AND CORNWALL,OPEN,FRESHWATER - RIVERS,2024-01-04 12:20:00,PLANNED INVESTIGATION (LOCAL MONITORING),RIVER / RUNNING SURFACE WATER,0076,Temperature of Water,7.5,CELSIUS,2024-01-04
https://environment.data.gov.uk/water-quality/sampling-point/SW-70240325/sample/3504813/observation/0076,SW-70240325,"CORRY BROOK - 100M U/S OF ROAD BRIDGE, OLD CORRYTON",326840,99080,SouthWest,SOUTH WEST - DEVON AND CORNWALL,EAST DEVON AND CORNWALL,OPEN,FRESHWATER - RIVERS,2024-01-23 09:57:00,PLANNED INVESTIGATION (LOCAL MONITORING),RIVER / RUNNING SURFACE WATER,0076,Temperature of Water,6.7,CELSIUS,2024-01-23
https://environment.data.gov.uk/water-quality/sampling-point/SW-70240360/sample/3503206/observation/0076,SW-70240360,"CORRY BROOK AT ROAD BRIDGE, D/S OF MILLHAYES",324058,102926,SouthWest,SOUTH WEST - DEVON AND CORNWALL,EAST DEVON AND CORNWALL,OPEN,FRESHWATER - RIVERS,2024-01-04 14:06:00,PLANNED INVESTIGATION (LOCAL MONITORING),RIVER / RUNNING SURFACE WATER,0076,Temperature of Water,7.8,CELSIUS,2024-01-04
https://environment.data.gov.uk/water-quality/sampling-point/SW-70241225/sample/3504814/observation/0076,SW-70241225,"R. YARTY - 30M U/S OF FOOTBRIDGE, YARCOMBE",325601,106901,SouthWest,SOUTH WEST - DEVON AND CORNWALL,EAST DEVON AND CORNWALL,OPEN,FRESHWATER - RIVERS,2024-01-23 12:23:00,PLANNED INVESTIGATION (LOCAL MONITORING),RIVER / RUNNING SURFACE WATER,0076,Temperature of Water,7.6,CELSIUS,2024-01-23
https://environment.data.gov.uk/water-quality/sampling-point/SW-70420102/sample/3503809/observation/0076,SW-70420102,RIVER OTTER AT OTTERTON,307896,85282,SouthWest,SOUTH WEST - DEVON AND CORNWALL,EAST DEVON AND CORNWALL,OPEN,FRESHWATER - RIVERS,2024-01-11 14:48:00,MONITORING  (UK GOVT POLICY - NOT GQA OR RE),RIVER / RUNNING SURFACE WATER,0076,Temperature of Water,4.5,CELSIUS,2024-01-11
https://environment.data.gov.uk/water-quality/sampling-point/SW-70420116/sample/3503787/observation/0076,SW-70420116,RIVER OTTER AT DOTTON MILL,308730,88570,SouthWest,SOUTH WEST - DEVON AND CORNWALL,EAST DEVON AND CORNWALL,OPEN,FRESHWATER - RIVERS,2024-01-11 13:54:00,MONITORING  (UK GOVT POLICY - NOT GQA OR RE),RIVER / RUNNING SURFACE WATER,0076,Temperature of Water,4.5,CELSIUS,2024-01-11
https://environment.data.gov.uk/water-quality/sampling-point/SW-70422007/sample/3503231/observation/0076,SW-70422007,RIVER TALE AT TALEFORD,308935,96908,SouthWest,SOUTH WEST - DEVON AND CORNWALL,EAST DEVON AND CORNWALL,OPEN,FRESHWATER - RIVERS,2024-01-04 14:40:00,ENVIRONMENTAL MONITORING STATUTORY (EU DIRECTIVES),RIVER / RUNNING SURFACE WATER,0076,Temperature of Water,8,CELSIUS,2024-01-04
https://environment.data.gov.uk/water-quality/sampling-point/SW-7046GW01/sample/3503564/observation/0076,SW-7046GW01,GOOSEFORD FARM SPRING,267550,91820,SouthWest,SOUTH WEST - DEVON AND CORNWALL,CENTRAL DEVON AND CORNWALL,OPEN,GROUNDWATER - BOREHOLE,2024-01-10 12:43:00,ENVIRONMENTAL MONITORING STATUTORY (EU DIRECTIVES),GROUNDWATER,0076,Temperature of Water,5,CELSIUS,2024-01-10
https://environment.data.gov.uk/water-quality/sampling-point/SW-70501029/sample/3504312/observation/0076,SW-70501029,RIVER YEO (CREEDY) AT GUNSTONE MILLS,280586,98496,SouthWest,SOUTH WEST - DEVON AND CORNWALL,EAST DEVON AND CORNWALL,OPEN,FRESHWATER - RIVERS,2024-01-15 10:24:00,MONITORING  (NATIONAL AGENCY POLICY),RIVER / RUNNING SURFACE WATER,0076,Temperature of Water,5.1,CELSIUS,2024-01-15
https://environment.data.gov.uk/water-quality/sampling-point/SW-70510007/sample/3503788/observation/0076,SW-70510007,POSTLAKE FARM  CLYST ST MARY   EXETER                                      SAMPLED FROM INFLOW INTO CATCHPIT,299510,88360,SouthWest,SOUTH WEST - DEVON AND CORNWALL,EAST DEVON AND CORNWALL,OPEN,GROUNDWATER - BOREHOLE,2024-01-11 16:01:00,ENVIRONMENTAL MONITORING STATUTORY (EU DIRECTIVES),GROUNDWATER,0076,Temperature of Water,12.4,CELSIUS,2024-01-11
https://environment.data.gov.uk/water-quality/sampling-point/SW-70510107/sample/3502803/observation/0076,SW-70510107,EXMOUTH BEACH (22300),300920,79980,SouthWest,SOUTH WEST - DEVON AND CORNWALL,EAST DEVON AND CORNWALL,OPEN,SALINE WATER - DESIGNATED BATHING BEACHES,2024-01-03 13:10:00,PLANNED INVESTIGATION (LOCAL MONITORING),SEA WATER,0076,Temperature of Water,10.8,CELSIUS,2024-01-03
https://environment.data.gov.uk/water-quality/sampling-point/SW-70510107/sample/3504469/observation/0076,SW-70510107,EXMOUTH BEACH (22300),300920,79980,SouthWest,SOUTH WEST - DEVON AND CORNWALL,EAST DEVON AND CORNWALL,OPEN,SALINE WATER - DESIGNATED BATHING BEACHES,2024-01-16 14:14:00,PLANNED INVESTIGATION (LOCAL MONITORING),SEA WATER,0076,Temperature of Water,7.8,CELSIUS,2024-01-16
https://environment.data.gov.uk/water-quality/sampling-point/SW-70510107/sample/3504837/observation/0076,SW-70510107,EXMOUTH BEACH (22300),300920,79980,SouthWest,SOUTH WEST - DEVON AND CORNWALL,EAST DEVON AND CORNWALL,OPEN,SALINE WATER - DESIGNATED BATHING BEACHES,2024-01-23 13:49:00,PLANNED INVESTIGATION (LOCAL MONITORING),SEA WATER,0076,Temperature of Water,9.9,CELSIUS,2024-01-23
https://environment.data.gov.uk/water-quality/sampling-point/SW-70510107/sample/3505106/observation/0076,SW-70510107,EXMOUTH BEACH (22300),300920,79980,SouthWest,SOUTH WEST - DEVON AND CORNWALL,EAST DEVON AND CORNWALL,OPEN,SALINE WATER - DESIGNATED BATHING BEACHES,2024-01-30 13:45:00,PLANNED INVESTIGATION (LOCAL MONITORING),SEA WATER,0076,Temperature of Water,9.3,CELSIUS,2024-01-30
https://environment.data.gov.uk/water-quality/sampling-point/SW-70510360/sample/3503302/observation/0076,SW-70510360,EXE ESTUARY - TURF,296546,85892,SouthWest,SOUTH WEST - DEVON AND CORNWALL,ECMAS SAMPLING (DEVON AND CORNWALL),OPEN,SALINE WATER - ESTUARINE SITES - NON BATHING/SHELLFISH,2024-01-07 12:30:00,ENVIRONMENTAL MONITORING STATUTORY (EU DIRECTIVES),ESTUARINE WATER,0076,Temperature of Water,7.2,CELSIUS,2024-01-07
https://environment.data.gov.uk/water-quality/sampling-point/SW-70510406/sample/3503297/observation/0076,SW-70510406,RIVER EXE OPPOSITE RIVERSMEET HOUSE,296710,87210,SouthWest,SOUTH WEST - DEVON AND CORNWALL,ECMAS SAMPLING (DEVON AND CORNWALL),OPEN,SALINE WATER - ESTUARINE SITES - NON BATHING/SHELLFISH,2024-01-07 12:38:00,ENVIRONMENTAL MONITORING STATUTORY (EU DIRECTIVES),ESTUARINE WATER,0076,Temperature of Water,7.2,CELSIUS,2024-01-07
https://environment.data.gov.uk/water-quality/sampling-point/SW-70514615/sample/3502761/observation/0076,SW-70514615,NORTH BROOK AT NORTHBROOK PARK,293954,90635,SouthWest,SOUTH WEST - DEVON AND CORNWALL,EAST DEVON AND CORNWALL,OPEN,FRESHWATER - RIVERS,2024-01-03 13:16:00,PLANNED INVESTIGATION (LOCAL MONITORING),RIVER / RUNNING SURFACE WATER,0076,Temperature of Water,10.8,CELSIUS,2024-01-03
https://environment.data.gov.uk/water-quality/sampling-point/SW-70514620/sample/3502685/observation/0076,SW-70514620,MINCINGLAKE AT CALTHORPE ROAD,294052,94022,SouthWest,SOUTH WEST - DEVON AND CORNWALL,EAST DEVON AND CORNWALL,OPEN,FRESHWATER - RIVERS,2024-01-02 11:15:00,PLANNED INVESTIGATION (LOCAL MONITORING),RIVER / RUNNING SURFACE WATER,0076,Temperature of Water,10.5,CELSIUS,2024-01-02
https://environment.data.gov.uk/water-quality/sampling-point/SW-70519999/sample/3504709/observation/0076,SW-70519999,MISCELLANEOUS TIDAL EXE CATCHMENT,302700,79600,SouthWest,SOUTH WEST - DEVON AND CORNWALL,EAST DEVON AND CORNWALL,OPEN,POLLUTION/INVESTIGATION POINTS - ENVIRONMENT,2024-01-19 11:01:00,UNPLANNED REACTIVE MONITORING FORMAL (POLLUTION INCIDENTS),RIVER / RUNNING SURFACE WATER,0076,Temperature of Water,3.1,CELSIUS,2024-01-19
https://environment.data.gov.uk/water-quality/sampling-point/SW-70519999/sample/3504710/observation/0076,SW-70519999,MISCELLANEOUS TIDAL EXE CATCHMENT,302700,79600,SouthWest,SOUTH WEST - DEVON AND CORNWALL,EAST DEVON AND CORNWALL,OPEN,POLLUTION/INVESTIGATION POINTS - ENVIRONMENT,2024-01-19 10:45:00,UNPLANNED REACTIVE MONITORING FORMAL (POLLUTION INCIDENTS),RIVER / RUNNING SURFACE WATER,0076,Temperature of Water,2.5,CELSIUS,2024-01-19
https://environment.data.gov.uk/water-quality/sampling-point/SW-70519999/sample/3504711/observation/0076,SW-70519999,MISCELLANEOUS TIDAL EXE CATCHMENT,302700,79600,SouthWest,SOUTH WEST - DEVON AND CORNWALL,EAST DEVON AND CORNWALL,OPEN,POLLUTION/INVESTIGATION POINTS - ENVIRONMENT,2024-01-19 11:30:00,UNPLANNED REACTIVE MONITORING FORMAL (POLLUTION INCIDENTS),RIVER / RUNNING SURFACE WATER,0076,Temperature of Water,3.7,CELSIUS,2024-01-19
https://environment.data.gov.uk/water-quality/sampling-point/SW-70519999/sample/3505085/observation/0076,SW-70519999,MISCELLANEOUS TIDAL EXE CATCHMENT,302700,79600,SouthWest,SOUTH WEST - DEVON AND CORNWALL,EAST DEVON AND CORNWALL,OPEN,POLLUTION/INVESTIGATION POINTS - ENVIRONMENT,2024-01-29 10:09:00,UNPLANNED REACTIVE MONITORING FORMAL (POLLUTION INCIDENTS),RIVER / RUNNING SURFACE WATER,0076,Temperature of Water,10.1,CELSIUS,2024-01-29
https://environment.data.gov.uk/water-quality/sampling-point/SW-70519999/sample/3505086/observation/0076,SW-70519999,MISCELLANEOUS TIDAL EXE CATCHMENT,302700,79600,SouthWest,SOUTH WEST - DEVON AND CORNWALL,EAST DEVON AND CORNWALL,OPEN,POLLUTION/INVESTIGATION POINTS - ENVIRONMENT,2024-01-29 10:14:00,UNPLANNED REACTIVE MONITORING FORMAL (POLLUTION INCIDENTS),RIVER / RUNNING SURFACE WATER,0076,Temperature of Water,8.4,CELSIUS,2024-01-29
https://environment.data.gov.uk/water-quality/sampling-point/SW-70519999/sample/3505087/observation/0076,SW-70519999,MISCELLANEOUS TIDAL EXE CATCHMENT,302700,79600,SouthWest,SOUTH WEST - DEVON AND CORNWALL,EAST DEVON AND CORNWALL,OPEN,POLLUTION/INVESTIGATION POINTS - ENVIRONMENT,2024-01-29 10:33:00,UNPLANNED REACTIVE MONITORING FORMAL (POLLUTION INCIDENTS),RIVER / RUNNING SURFACE WATER,0076,Temperature of Water,10.4,CELSIUS,2024-01-29
https://environment.data.gov.uk/water-quality/sampling-point/SW-7051GW01/sample/3504516/observation/0076,SW-7051GW01,WEST ILKERTON FARM BOREHOLE,270470,146750,SouthWest,SOUTH WEST - DEVON AND CORNWALL,EAST DEVON AND CORNWALL,OPEN,GROUNDWATER - BOREHOLE,2024-01-17 13:40:00,ENVIRONMENTAL MONITORING STATUTORY (EU DIRECTIVES),GROUNDWATER - PURGED/PUMPED/REFILLED,0076,Temperature of Water,1,CELSIUS,2024-01-17
https://environment.data.gov.uk/water-quality/sampling-point/SW-7051GW08/sample/3502724/observation/0076,SW-7051GW08,EXETER GOLF AND COUNTRY CLUB BH,295000,89900,SouthWest,SOUTH WEST - DEVON AND CORNWALL,EAST DEVON AND CORNWALL,OPEN,GROUNDWATER - BOREHOLE,2024-01-03 12:21:00,ENVIRONMENTAL MONITORING STATUTORY (EU DIRECTIVES),GROUNDWATER - PURGED/PUMPED/REFILLED,0076,Temperature of Water,12.8,CELSIUS,2024-01-03
https://environment.data.gov.uk/water-quality/sampling-point/SW-7051GW10/sample/3503566/observation/0076,SW-7051GW10,"HILLCREST NURSERIES, EXMINSTER",293630,87850,SouthWest,SOUTH WEST - DEVON AND CORNWALL,CENTRAL DEVON AND CORNWALL,OPEN,GROUNDWATER - BOREHOLE,2024-01-10 12:44:00,ENVIRONMENTAL MONITORING STATUTORY (EU DIRECTIVES),GROUNDWATER - PURGED/PUMPED/REFILLED,0076,Temperature of Water,11.3,CELSIUS,2024-01-10
https://environment.data.gov.uk/water-quality/sampling-point/SW-70531310/sample/3502695/observation/0076,SW-70531310,RIVER CULM AT BRIDGEHOUSE BRIDGE CLAYHIDON,315992,114087,SouthWest,SOUTH WEST - DEVON AND CORNWALL,EAST DEVON AND CORNWALL,OPEN,FRESHWATER - RIVERS,2024-01-02 09:24:00,MONITORING  (UK GOVT POLICY - NOT GQA OR RE),RIVER / RUNNING SURFACE WATER,0076,Temperature of Water,9.4,CELSIUS,2024-01-02
https://environment.data.gov.uk/water-quality/sampling-point/SW-70531310/sample/3503873/observation/0076,SW-70531310,RIVER CULM AT BRIDGEHOUSE BRIDGE CLAYHIDON,315992,114087,SouthWest,SOUTH WEST - DEVON AND CORNWALL,EAST DEVON AND CORNWALL,OPEN,FRESHWATER - RIVERS,2024-01-12 09:30:00,MONITORING  (UK GOVT POLICY - NOT GQA OR RE),RIVER / RUNNING SURFACE WATER,0076,Temperature of Water,4.8,CELSIUS,2024-01-12
https://environment.data.gov.uk/water-quality/sampling-point/SW-70531310/sample/3504351/observation/0076,SW-70531310,RIVER CULM AT BRIDGEHOUSE BRIDGE CLAYHIDON,315992,114087,SouthWest,SOUTH WEST - DEVON AND CORNWALL,EAST DEVON AND CORNWALL,OPEN,FRESHWATER - RIVERS,2024-01-15 10:09:00,MONITORING  (UK GOVT POLICY - NOT GQA OR RE),RIVER / RUNNING SURFACE WATER,0076,Temperature of Water,3.6,CELSIUS,2024-01-15
https://environment.data.gov.uk/water-quality/sampling-point/SW-70531310/sample/3504767/observation/0076,SW-70531310,RIVER CULM AT BRIDGEHOUSE BRIDGE CLAYHIDON,315992,114087,SouthWest,SOUTH WEST - DEVON AND CORNWALL,EAST DEVON AND CORNWALL,OPEN,FRESHWATER - RIVERS,2024-01-22 10:04:00,MONITORING  (UK GOVT POLICY - NOT GQA OR RE),RIVER / RUNNING SURFACE WATER,0076,Temperature of Water,6.6,CELSIUS,2024-01-22
https://environment.data.gov.uk/water-quality/sampling-point/SW-70531310/sample/3505066/observation/0076,SW-70531310,RIVER CULM AT BRIDGEHOUSE BRIDGE CLAYHIDON,315992,114087,SouthWest,SOUTH WEST - DEVON AND CORNWALL,EAST DEVON AND CORNWALL,OPEN,FRESHWATER - RIVERS,2024-01-29 09:56:00,MONITORING  (UK GOVT POLICY - NOT GQA OR RE),RIVER / RUNNING SURFACE WATER,0076,Temperature of Water,8.8,CELSIUS,2024-01-29
https://environment.data.gov.uk/water-quality/sampling-point/SW-70531633/sample/3503785/observation/0076,SW-70531633,"SPRATFORD STREAM-300M D/S OF TWO SISTERS, WILLAND",302662,111120,SouthWest,SOUTH WEST - DEVON AND CORNWALL,EAST DEVON AND CORNWALL,OPEN,FRESHWATER - RIVERS,2024-01-11 12:13:00,PLANNED INVESTIGATION (LOCAL MONITORING),RIVER / RUNNING SURFACE WATER,0076,Temperature of Water,5.3,CELSIUS,2024-01-11
https://environment.data.gov.uk/water-quality/sampling-point/SW-70531646/sample/3503784/observation/0076,SW-70531646,SPRATFORD STREAM ABOVE LLOYD MAUNDER TIVERTON JUNCTION  WILLAND,302924,111337,SouthWest,SOUTH WEST - DEVON AND CORNWALL,EAST DEVON AND CORNWALL,OPEN,FRESHWATER - RIVERS,2024-01-11 11:18:00,PLANNED INVESTIGATION (LOCAL MONITORING),RIVER / RUNNING SURFACE WATER,0076,Temperature of Water,4.9,CELSIUS,2024-01-11
https://environment.data.gov.uk/water-quality/sampling-point/SW-70533913/sample/3502666/observation/0076,SW-70533913,SHELDON STREAM AT CRADDOCK BRIDGE,308727,112446,SouthWest,SOUTH WEST - DEVON AND CORNWALL,EAST DEVON AND CORNWALL,OPEN,FRESHWATER - RIVERS,2024-01-02 09:56:00,MONITORING  (UK GOVT POLICY - NOT GQA OR RE),RIVER / RUNNING SURFACE WATER,0076,Temperature of Water,9.7,CELSIUS,2024-01-02
https://environment.data.gov.uk/water-quality/sampling-point/SW-70533913/sample/3503741/observation/0076,SW-70533913,SHELDON STREAM AT CRADDOCK BRIDGE,308727,112446,SouthWest,SOUTH WEST - DEVON AND CORNWALL,EAST DEVON AND CORNWALL,OPEN,FRESHWATER - RIVERS,2024-01-11 12:58:00,MONITORING  (UK GOVT POLICY - NOT GQA OR RE),RIVER / RUNNING SURFACE WATER,0076,Temperature of Water,4.7,CELSIUS,2024-01-11
https://environment.data.gov.uk/water-quality/sampling-point/SW-70533913/sample/3504282/observation/0076,SW-70533913,SHELDON STREAM AT CRADDOCK BRIDGE,308727,112446,SouthWest,SOUTH WEST - DEVON AND CORNWALL,EAST DEVON AND CORNWALL,OPEN,FRESHWATER - RIVERS,2024-01-15 10:40:00,MONITORING  (UK GOVT POLICY - NOT GQA OR RE),RIVER / RUNNING SURFACE WATER,0076,Temperature of Water,3.2,CELSIUS,2024-01-15
https://environment.data.gov.uk/water-quality/sampling-point/SW-70533913/sample/3504739/observation/0076,SW-70533913,SHELDON STREAM AT CRADDOCK BRIDGE,308727,112446,SouthWest,SOUTH WEST - DEVON AND CORNWALL,EAST DEVON AND CORNWALL,OPEN,FRESHWATER - RIVERS,2024-01-22 10:51:00,MONITORING  (UK GOVT POLICY - NOT GQA OR RE),RIVER / RUNNING SURFACE WATER,0076,Temperature of Water,6.9,CELSIUS,2024-01-22
https://environment.data.gov.uk/water-quality/sampling-point/SW-70533913/sample/3505039/observation/0076,SW-70533913,SHELDON STREAM AT CRADDOCK BRIDGE,308727,112446,SouthWest,SOUTH WEST - DEVON AND CORNWALL,EAST DEVON AND CORNWALL,OPEN,FRESHWATER - RIVERS,2024-01-29 10:27:00,MONITORING  (UK GOVT POLICY - NOT GQA OR RE),RIVER / RUNNING SURFACE WATER,0076,Temperature of Water,9,CELSIUS,2024-01-29
https://environment.data.gov.uk/water-quality/sampling-point/SW-70534704/sample/3502658/observation/0076,SW-70534704,BOLHAM RIVER AT FIVE BRIDGES,315000,112530,SouthWest,SOUTH WEST - DEVON AND CORNWALL,EAST DEVON AND CORNWALL,OPEN,FRESHWATER - RIVERS,2024-01-02 09:35:00,MONITORING  (UK GOVT POLICY - NOT GQA OR RE),RIVER / RUNNING SURFACE WATER,0076,Temperature of Water,9.4,CELSIUS,2024-01-02
https://environment.data.gov.uk/water-quality/sampling-point/SW-70534704/sample/3503834/observation/0076,SW-70534704,BOLHAM RIVER AT FIVE BRIDGES,315000,112530,SouthWest,SOUTH WEST - DEVON AND CORNWALL,EAST DEVON AND CORNWALL,OPEN,FRESHWATER - RIVERS,2024-01-12 09:41:00,MONITORING  (UK GOVT POLICY - NOT GQA OR RE),RIVER / RUNNING SURFACE WATER,0076,Temperature of Water,5,CELSIUS,2024-01-12
https://environment.data.gov.uk/water-quality/sampling-point/SW-70534704/sample/3504270/observation/0076,SW-70534704,BOLHAM RIVER AT FIVE BRIDGES,315000,112530,SouthWest,SOUTH WEST - DEVON AND CORNWALL,EAST DEVON AND CORNWALL,OPEN,FRESHWATER - RIVERS,2024-01-15 10:21:00,MONITORING  (UK GOVT POLICY - NOT GQA OR RE),RIVER / RUNNING SURFACE WATER,0076,Temperature of Water,3.5,CELSIUS,2024-01-15
https://environment.data.gov.uk/water-quality/sampling-point/SW-70534704/sample/3504728/observation/0076,SW-70534704,BOLHAM RIVER AT FIVE BRIDGES,315000,112530,SouthWest,SOUTH WEST - DEVON AND CORNWALL,EAST DEVON AND CORNWALL,OPEN,FRESHWATER - RIVERS,2024-01-22 10:15:00,MONITORING  (UK GOVT POLICY - NOT GQA OR RE),RIVER / RUNNING SURFACE WATER,0076,Temperature of Water,6.7,CELSIUS,2024-01-22
https://environment.data.gov.uk/water-quality/sampling-point/SW-70534704/sample/3505034/observation/0076,SW-70534704,BOLHAM RIVER AT FIVE BRIDGES,315000,112530,SouthWest,SOUTH WEST - DEVON AND CORNWALL,EAST DEVON AND CORNWALL,OPEN,FRESHWATER - RIVERS,2024-01-29 10:08:00,MONITORING  (UK GOVT POLICY - NOT GQA OR RE),RIVER / RUNNING SURFACE WATER,0076,Temperature of Water,8.9,CELSIUS,2024-01-29
https://environment.data.gov.uk/water-quality/sampling-point/SW-70534925/sample/3507735/observation/0076,SW-70534925,DUNKESWELL  S T W - EFFLUENT,314800,108100,SouthWest,SOUTH WEST - DEVON AND CORNWALL,EAST DEVON AND CORNWALL,OPEN,SEWAGE DISCHARGES - FINAL/TREATED EFFLUENT - WATER COMPANY,2024-01-10 12:15:00,WATER QUALITY OPERATOR SELF MONITORING COMPLIANCE DATA,FINAL SEWAGE EFFLUENT,0076,Temperature of Water,4,CELSIUS,2024-01-10
https://environment.data.gov.uk/water-quality/sampling-point/SW-70534925/sample/3507827/observation/0076,SW-70534925,DUNKESWELL  S T W - EFFLUENT,314800,108100,SouthWest,SOUTH WEST - DEVON AND CORNWALL,EAST DEVON AND CORNWALL,OPEN,SEWAGE DISCHARGES - FINAL/TREATED EFFLUENT - WATER COMPANY,2024-01-16 10:40:00,WATER QUALITY OPERATOR SELF MONITORING COMPLIANCE DATA,FINAL SEWAGE EFFLUENT,0076,Temperature of Water,2.5,CELSIUS,2024-01-16
https://environment.data.gov.uk/water-quality/sampling-point/SW-70540110/sample/3502806/observation/0076,SW-70540110,RIVER EXE AT TREWS WEIR  EXETER,292546,91506,SouthWest,SOUTH WEST - DEVON AND CORNWALL,EAST DEVON AND CORNWALL,OPEN,FRESHWATER - RIVERS,2024-01-03 13:58:00,MONITORING  (UK GOVT POLICY - NOT GQA OR RE),RIVER / RUNNING SURFACE WATER,0076,Temperature of Water,9.5,CELSIUS,2024-01-03
https://environment.data.gov.uk/water-quality/sampling-point/SW-70540224/sample/3503427/observation/0076,SW-70540224,RIVER EXE AT THORVERTON GAUGING STATION,293608,101640,SouthWest,SOUTH WEST - DEVON AND CORNWALL,EAST DEVON AND CORNWALL,OPEN,FRESHWATER - RIVERS,2024-01-08 12:29:00,MONITORING  (UK GOVT POLICY - NOT GQA OR RE),RIVER / RUNNING SURFACE WATER,0076,Temperature of Water,5.8,CELSIUS,2024-01-08
https://environment.data.gov.uk/water-quality/sampling-point/SW-70550265/sample/3502656/observation/0076,SW-70550265,RIVER EXE AT HALFPENNY BRIDGE,295239,120538,SouthWest,SOUTH WEST - DEVON AND CORNWALL,EAST DEVON AND CORNWALL,OPEN,FRESHWATER - RIVERS,2024-01-02 10:12:00,MONITORING  (NATIONAL AGENCY POLICY),RIVER / RUNNING SURFACE WATER,0076,Temperature of Water,10,CELSIUS,2024-01-02
https://environment.data.gov.uk/water-quality/sampling-point/SW-70591051/sample/3503232/observation/0076,SW-70591051,RIVER CREEDY AT CREEDY BRIDGE,284608,101166,SouthWest,SOUTH WEST - DEVON AND CORNWALL,EAST DEVON AND CORNWALL,OPEN,FRESHWATER - RIVERS,2024-01-04 08:49:00,MONITORING  (NATIONAL AGENCY POLICY),RIVER / RUNNING SURFACE WATER,0076,Temperature of Water,8.2,CELSIUS,2024-01-04
https://environment.data.gov.uk/water-quality/sampling-point/SW-70610159/sample/3503312/observation/0076,SW-70610159,TEIGN ESTUARY - LOWER ESTUARY,292820,72646,SouthWest,SOUTH WEST - DEVON AND CORNWALL,ECMAS SAMPLING (DEVON AND CORNWALL),OPEN,SALINE WATER - DESIGNATED SHELLFISHERIES,2024-01-07 11:16:00,ENVIRONMENTAL MONITORING STATUTORY (EU DIRECTIVES),ESTUARINE WATER,0076,Temperature of Water,9.7,CELSIUS,2024-01-07
https://environment.data.gov.uk/water-quality/sampling-point/SW-70610183/sample/3503311/observation/0076,SW-70610183,TEIGN ESTUARY WEST SHELLFISH WATER,290505,72633,SouthWest,SOUTH WEST - DEVON AND CORNWALL,ECMAS SAMPLING (DEVON AND CORNWALL),OPEN,SALINE WATER - DESIGNATED SHELLFISHERIES,2024-01-07 11:40:00,ENVIRONMENTAL MONITORING STATUTORY (EU DIRECTIVES),ESTUARINE WATER,0076,Temperature of Water,8.8,CELSIUS,2024-01-07
https://environment.data.gov.uk/water-quality/sampling-point/SW-70614780/sample/3503303/observation/0076,SW-70614780,SEA APPROX. 1.25KM EAST OF HOLLICOMBE HEAD                                 (4.5KM WEST SOUTH WEST OF HOPES NOSE OUTFALL),291000,62000,SouthWest,SOUTH WEST - DEVON AND CORNWALL,ECMAS SAMPLING (DEVON AND CORNWALL),OPEN,SALINE WATER - COASTAL SITES - NON BATHING/SHELLFISH,2024-01-07 10:34:00,ENVIRONMENTAL MONITORING STATUTORY (EU DIRECTIVES),SEA WATER,0076,Temperature of Water,9.7,CELSIUS,2024-01-07
https://environment.data.gov.uk/water-quality/sampling-point/SW-70614795/sample/3503304/observation/0076,SW-70614795,SEA APPROX. 1.25KM EAST OF ROUNDHAM HEAD                                   (5.5KM SOUTH WEST OF HOPES NOSE OUTFALL),291000,60000,SouthWest,SOUTH WEST - DEVON AND CORNWALL,ECMAS SAMPLING (DEVON AND CORNWALL),OPEN,SALINE WATER - COASTAL SITES - NON BATHING/SHELLFISH,2024-01-07 10:09:00,ENVIRONMENTAL MONITORING STATUTORY (EU DIRECTIVES),SEA WATER,0076,Temperature of Water,10,CELSIUS,2024-01-07
https://environment.data.gov.uk/water-quality/sampling-point/SW-70614940/sample/3503310/observation/0076,SW-70614940,BRIXHAM SHELLFISH WATERS,291300,57400,SouthWest,SOUTH WEST - DEVON AND CORNWALL,ECMAS SAMPLING (DEVON AND CORNWALL),OPEN,SALINE WATER - DESIGNATED SHELLFISHERIES,2024-01-07 10:20:00,ENVIRONMENTAL MONITORING STATUTORY (EU DIRECTIVES),SEA WATER,0076,Temperature of Water,9.6,CELSIUS,2024-01-07
https://environment.data.gov.uk/water-quality/sampling-point/SW-70620133/sample/3503495/observation/0076,SW-70620133,TEIGN BRIDGE     RIVER TEIGN,285877,73460,SouthWest,SOUTH WEST - DEVON AND CORNWALL,CENTRAL DEVON AND CORNWALL,OPEN,FRESHWATER - RIVERS,2024-01-09 12:15:00,ENVIRONMENTAL MONITORING STATUTORY (EU DIRECTIVES),RIVER / RUNNING SURFACE WATER,0076,Temperature of Water,5.6,CELSIUS,2024-01-09
https://environment.data.gov.uk/water-quality/sampling-point/SW-70620154/sample/3503497/observation/0076,SW-70620154,RIVER TEIGN AT PRESTON,285580,74543,SouthWest,SOUTH WEST - DEVON AND CORNWALL,CENTRAL DEVON AND CORNWALL,OPEN,FRESHWATER - RIVERS,2024-01-09 12:50:00,ENVIRONMENTAL MONITORING STATUTORY (EU DIRECTIVES),RIVER / RUNNING SURFACE WATER,0076,Temperature of Water,5.7,CELSIUS,2024-01-09
https://environment.data.gov.uk/water-quality/sampling-point/SW-70620509/sample/3503114/observation/0076,SW-70620509,RIVER LEMON AT BRADLEY PLAYING FIELDS NEWTON ABBOT,285286,70975,SouthWest,SOUTH WEST - DEVON AND CORNWALL,CENTRAL DEVON AND CORNWALL,OPEN,FRESHWATER - RIVERS,2024-01-04 15:29:00,ENVIRONMENTAL MONITORING STATUTORY (EU DIRECTIVES),RIVER / RUNNING SURFACE WATER,0076,Temperature of Water,8.8,CELSIUS,2024-01-04
https://environment.data.gov.uk/water-quality/sampling-point/SW-70620569/sample/3502754/observation/0076,SW-70620569,RIVER LEMON BELOW CONFLUENCE WITH RIVER SIG,278031,73536,SouthWest,SOUTH WEST - DEVON AND CORNWALL,CENTRAL DEVON AND CORNWALL,OPEN,FRESHWATER - RIVERS,2024-01-03 15:11:00,MONITORING  (UK GOVT POLICY - NOT GQA OR RE),RIVER / RUNNING SURFACE WATER,0076,Temperature of Water,9.8,CELSIUS,2024-01-03
https://environment.data.gov.uk/water-quality/sampling-point/SW-70620569/sample/3503351/observation/0076,SW-70620569,RIVER LEMON BELOW CONFLUENCE WITH RIVER SIG,278031,73536,SouthWest,SOUTH WEST - DEVON AND CORNWALL,CENTRAL DEVON AND CORNWALL,OPEN,FRESHWATER - RIVERS,2024-01-08 11:42:00,MONITORING  (UK GOVT POLICY - NOT GQA OR RE),RIVER / RUNNING SURFACE WATER,0076,Temperature of Water,7,CELSIUS,2024-01-08
https://environment.data.gov.uk/water-quality/sampling-point/SW-70620569/sample/3504279/observation/0076,SW-70620569,RIVER LEMON BELOW CONFLUENCE WITH RIVER SIG,278031,73536,SouthWest,SOUTH WEST - DEVON AND CORNWALL,CENTRAL DEVON AND CORNWALL,OPEN,FRESHWATER - RIVERS,2024-01-15 10:09:00,MONITORING  (UK GOVT POLICY - NOT GQA OR RE),RIVER / RUNNING SURFACE WATER,0076,Temperature of Water,6.3,CELSIUS,2024-01-15
https://environment.data.gov.uk/water-quality/sampling-point/SW-70620569/sample/3504735/observation/0076,SW-70620569,RIVER LEMON BELOW CONFLUENCE WITH RIVER SIG,278031,73536,SouthWest,SOUTH WEST - DEVON AND CORNWALL,CENTRAL DEVON AND CORNWALL,OPEN,FRESHWATER - RIVERS,2024-01-22 14:35:00,MONITORING  (UK GOVT POLICY - NOT GQA OR RE),RIVER / RUNNING SURFACE WATER,0076,Temperature of Water,8.5,CELSIUS,2024-01-22
https://environment.data.gov.uk/water-quality/sampling-point/SW-70630113/sample/3503233/observation/0076,SW-70630113,RIVER TEIGN 350M D/S NEW BRIDGE (FORMERLY CALLED D/S HEATHFIELD TIP),284869,76030,SouthWest,SOUTH WEST - DEVON AND CORNWALL,CENTRAL DEVON AND CORNWALL,OPEN,FRESHWATER - RIVERS,2024-01-04 11:55:00,ENVIRONMENTAL MONITORING STATUTORY (EU DIRECTIVES),RIVER / RUNNING SURFACE WATER,0076,Temperature of Water,8.4,CELSIUS,2024-01-04
https://environment.data.gov.uk/water-quality/sampling-point/SW-70630207/sample/3503597/observation/0076,SW-70630207,NORTH TEIGN RIVER @ TEIGN-E-VER (U/S FORD) SCORHILL,265301,87021,SouthWest,SOUTH WEST - DEVON AND CORNWALL,CENTRAL DEVON AND CORNWALL,OPEN,FRESHWATER - RIVERS,2024-01-10 11:47:00,MONITORING  (NATIONAL AGENCY POLICY),RIVER / RUNNING SURFACE WATER,0076,Temperature of Water,3.5,CELSIUS,2024-01-10
https://environment.data.gov.uk/water-quality/sampling-point/SW-70630270/sample/3503649/observation/0076,SW-70630270,NORTH TEIGN RIVER AT GIDLEIGH PARK HOTEL,267767,87937,SouthWest,SOUTH WEST - DEVON AND CORNWALL,CENTRAL DEVON AND CORNWALL,OPEN,FRESHWATER - RIVERS,2024-01-10 10:22:00,ENVIRONMENTAL MONITORING STATUTORY (EU DIRECTIVES),RIVER / RUNNING SURFACE WATER,0076,Temperature of Water,3.4,CELSIUS,2024-01-10
https://environment.data.gov.uk/water-quality/sampling-point/SW-70630275/sample/3502683/observation/0076,SW-70630275,RIVER TEIGN AT CHAGFORD BRIDGE,269368,87954,SouthWest,SOUTH WEST - DEVON AND CORNWALL,CENTRAL DEVON AND CORNWALL,OPEN,FRESHWATER - RIVERS,2024-01-02 13:42:00,PLANNED INVESTIGATION (LOCAL MONITORING),RIVER / RUNNING SURFACE WATER,0076,Temperature of Water,9.6,CELSIUS,2024-01-02
https://environment.data.gov.uk/water-quality/sampling-point/SW-70630284/sample/3502696/observation/0076,SW-70630284,RIVER TEIGN AT RUSHFORD                                                    SAMPLING DISCONTINUED - SEE URN WSTW6046B,270505,88221,SouthWest,SOUTH WEST - DEVON AND CORNWALL,CENTRAL DEVON AND CORNWALL,OPEN,FRESHWATER - RIVERS,2024-01-02 14:44:00,PLANNED INVESTIGATION (LOCAL MONITORING),RIVER / RUNNING SURFACE WATER,0076,Temperature of Water,9.9,CELSIUS,2024-01-02
https://environment.data.gov.uk/water-quality/sampling-point/SW-70630288/sample/3503174/observation/0076,SW-70630288,RIVER TEIGN BELOW DUNSFORD STW,282284,88505,SouthWest,SOUTH WEST - DEVON AND CORNWALL,CENTRAL DEVON AND CORNWALL,OPEN,FRESHWATER - RIVERS,2024-01-04 10:29:00,PLANNED INVESTIGATION (LOCAL MONITORING),RIVER / RUNNING SURFACE WATER,0076,Temperature of Water,8.1,CELSIUS,2024-01-04
https://environment.data.gov.uk/water-quality/sampling-point/SW-70630291/sample/3503173/observation/0076,SW-70630291,RIVER TEIGN ABOVE DUNSFORD STW,281830,88744,SouthWest,SOUTH WEST - DEVON AND CORNWALL,CENTRAL DEVON AND CORNWALL,OPEN,FRESHWATER - RIVERS,2024-01-04 10:30:00,PLANNED INVESTIGATION (LOCAL MONITORING),RIVER / RUNNING SURFACE WATER,0076,Temperature of Water,8.1,CELSIUS,2024-01-04
https://environment.data.gov.uk/water-quality/sampling-point/SW-70631802/sample/3503387/observation/0076,SW-70631802,BEADON BROOK PRIOR TO RIVER TEIGN,284280,81700,SouthWest,SOUTH WEST - DEVON AND CORNWALL,CENTRAL DEVON AND CORNWALL,OPEN,FRESHWATER - RIVERS,2024-01-08 12:05:00,MONITORING  (UK GOVT POLICY - NOT GQA OR RE),RIVER / RUNNING SURFACE WATER,0076,Temperature of Water,7.1,CELSIUS,2024-01-08
https://environment.data.gov.uk/water-quality/sampling-point/SW-70631802/sample/3504352/observation/0076,SW-70631802,BEADON BROOK PRIOR TO RIVER TEIGN,284280,81700,SouthWest,SOUTH WEST - DEVON AND CORNWALL,CENTRAL DEVON AND CORNWALL,OPEN,FRESHWATER - RIVERS,2024-01-15 12:52:00,MONITORING  (UK GOVT POLICY - NOT GQA OR RE),RIVER / RUNNING SURFACE WATER,0076,Temperature of Water,6.1,CELSIUS,2024-01-15
https://environment.data.gov.uk/water-quality/sampling-point/SW-70631802/sample/3504768/observation/0076,SW-70631802,BEADON BROOK PRIOR TO RIVER TEIGN,284280,81700,SouthWest,SOUTH WEST - DEVON AND CORNWALL,CENTRAL DEVON AND CORNWALL,OPEN,FRESHWATER - RIVERS,2024-01-22 15:16:00,MONITORING  (UK GOVT POLICY - NOT GQA OR RE),RIVER / RUNNING SURFACE WATER,0076,Temperature of Water,6.8,CELSIUS,2024-01-22
https://environment.data.gov.uk/water-quality/sampling-point/SW-70631802/sample/3505109/observation/0076,SW-70631802,BEADON BROOK PRIOR TO RIVER TEIGN,284280,81700,SouthWest,SOUTH WEST - DEVON AND CORNWALL,CENTRAL DEVON AND CORNWALL,OPEN,FRESHWATER - RIVERS,2024-01-30 09:48:00,MONITORING  (UK GOVT POLICY - NOT GQA OR RE),RIVER / RUNNING SURFACE WATER,0076,Temperature of Water,7,CELSIUS,2024-01-30
https://environment.data.gov.uk/water-quality/sampling-point/SW-70635506/sample/3502697/observation/0076,SW-70635506,SOUTH TEIGN RIVER AT LEIGH BRIDGE,268316,87635,SouthWest,SOUTH WEST - DEVON AND CORNWALL,CENTRAL DEVON AND CORNWALL,OPEN,FRESHWATER - RIVERS,2024-01-02 15:03:00,ENVIRONMENTAL MONITORING STATUTORY (EU DIRECTIVES),RIVER / RUNNING SURFACE WATER,0076,Temperature of Water,8.9,CELSIUS,2024-01-02
https://environment.data.gov.uk/water-quality/sampling-point/SW-70635819/sample/3502671/observation/0076,SW-70635819,BLACKATON BROOK AT CHAPPLE,267821,89005,SouthWest,SOUTH WEST - DEVON AND CORNWALL,CENTRAL DEVON AND CORNWALL,OPEN,FRESHWATER - RIVERS,2024-01-02 15:28:00,ENVIRONMENTAL MONITORING STATUTORY (EU DIRECTIVES),RIVER / RUNNING SURFACE WATER,0076,Temperature of Water,9.7,CELSIUS,2024-01-02
https://environment.data.gov.uk/water-quality/sampling-point/SW-7063GW02/sample/3503569/observation/0076,SW-7063GW02,GIDLEIGH PARK HOTEL BOREHOLE,267738,88046,SouthWest,SOUTH WEST - DEVON AND CORNWALL,CENTRAL DEVON AND CORNWALL,OPEN,GROUNDWATER - BOREHOLE,2024-01-10 10:33:00,ENVIRONMENTAL MONITORING STATUTORY (EU DIRECTIVES),GROUNDWATER,0076,Temperature of Water,6.9,CELSIUS,2024-01-10
https://environment.data.gov.uk/water-quality/sampling-point/SW-70641129/sample/3503651/observation/0076,SW-70641129,RIVER BOVEY AT BLACKALLER  NORTH BOVEY,273775,83732,SouthWest,SOUTH WEST - DEVON AND CORNWALL,CENTRAL DEVON AND CORNWALL,OPEN,FRESHWATER - RIVERS,2024-01-10 11:47:00,MONITORING  (UK GOVT POLICY - NOT GQA OR RE),RIVER / RUNNING SURFACE WATER,0076,Temperature of Water,5.4,CELSIUS,2024-01-10
https://environment.data.gov.uk/water-quality/sampling-point/SW-70641129/sample/3504353/observation/0076,SW-70641129,RIVER BOVEY AT BLACKALLER  NORTH BOVEY,273775,83732,SouthWest,SOUTH WEST - DEVON AND CORNWALL,CENTRAL DEVON AND CORNWALL,OPEN,FRESHWATER - RIVERS,2024-01-15 11:53:00,MONITORING  (UK GOVT POLICY - NOT GQA OR RE),RIVER / RUNNING SURFACE WATER,0076,Temperature of Water,6.1,CELSIUS,2024-01-15
https://environment.data.gov.uk/water-quality/sampling-point/SW-70641129/sample/3504769/observation/0076,SW-70641129,RIVER BOVEY AT BLACKALLER  NORTH BOVEY,273775,83732,SouthWest,SOUTH WEST - DEVON AND CORNWALL,CENTRAL DEVON AND CORNWALL,OPEN,FRESHWATER - RIVERS,2024-01-22 10:51:00,MONITORING  (UK GOVT POLICY - NOT GQA OR RE),RIVER / RUNNING SURFACE WATER,0076,Temperature of Water,7.3,CELSIUS,2024-01-22
https://environment.data.gov.uk/water-quality/sampling-point/SW-70641805/sample/3503652/observation/0076,SW-70641805,WRAY BROOK AT KNOWLE,278913,80256,SouthWest,SOUTH WEST - DEVON AND CORNWALL,CENTRAL DEVON AND CORNWALL,OPEN,FRESHWATER - RIVERS,2024-01-10 12:31:00,PLANNED INVESTIGATION (LOCAL MONITORING),RIVER / RUNNING SURFACE WATER,0076,Temperature of Water,6.5,CELSIUS,2024-01-10
https://environment.data.gov.uk/water-quality/sampling-point/SW-70641818/sample/3503603/observation/0076,SW-70641818,WRAY BROOK U/S LUSTLEIGH STW,278644,80966,SouthWest,SOUTH WEST - DEVON AND CORNWALL,CENTRAL DEVON AND CORNWALL,OPEN,FRESHWATER - RIVERS,2024-01-10 12:50:00,PLANNED INVESTIGATION (LOCAL MONITORING),RIVER / RUNNING SURFACE WATER,0076,Temperature of Water,6.6,CELSIUS,2024-01-10
https://environment.data.gov.uk/water-quality/sampling-point/SW-70642153/sample/3503600/observation/0076,SW-70642153,BECKA BROOK AT NEWBRIDGE,275800,80003,SouthWest,SOUTH WEST - DEVON AND CORNWALL,CENTRAL DEVON AND CORNWALL,OPEN,FRESHWATER - RIVERS,2024-01-10 12:03:00,MONITORING  (UK GOVT POLICY - NOT GQA OR RE),RIVER / RUNNING SURFACE WATER,0076,Temperature of Water,5,CELSIUS,2024-01-10
https://environment.data.gov.uk/water-quality/sampling-point/SW-70642153/sample/3504314/observation/0076,SW-70642153,BECKA BROOK AT NEWBRIDGE,275800,80003,SouthWest,SOUTH WEST - DEVON AND CORNWALL,CENTRAL DEVON AND CORNWALL,OPEN,FRESHWATER - RIVERS,2024-01-15 12:18:00,MONITORING  (UK GOVT POLICY - NOT GQA OR RE),RIVER / RUNNING SURFACE WATER,0076,Temperature of Water,5.7,CELSIUS,2024-01-15
https://environment.data.gov.uk/water-quality/sampling-point/SW-70642153/sample/3504751/observation/0076,SW-70642153,BECKA BROOK AT NEWBRIDGE,275800,80003,SouthWest,SOUTH WEST - DEVON AND CORNWALL,CENTRAL DEVON AND CORNWALL,OPEN,FRESHWATER - RIVERS,2024-01-22 10:23:00,MONITORING  (UK GOVT POLICY - NOT GQA OR RE),RIVER / RUNNING SURFACE WATER,0076,Temperature of Water,7.5,CELSIUS,2024-01-22
https://environment.data.gov.uk/water-quality/sampling-point/SW-70642153/sample/3505103/observation/0076,SW-70642153,BECKA BROOK AT NEWBRIDGE,275800,80003,SouthWest,SOUTH WEST - DEVON AND CORNWALL,CENTRAL DEVON AND CORNWALL,OPEN,FRESHWATER - RIVERS,2024-01-30 10:54:00,MONITORING  (UK GOVT POLICY - NOT GQA OR RE),RIVER / RUNNING SURFACE WATER,0076,Temperature of Water,7.5,CELSIUS,2024-01-30
https://environment.data.gov.uk/water-quality/sampling-point/SW-70710338/sample/3503294/observation/0076,SW-70710338,DART ESTUARY - LOWER GURROW POINT,287115,55155,SouthWest,SOUTH WEST - DEVON AND CORNWALL,ECMAS SAMPLING (DEVON AND CORNWALL),OPEN,SALINE WATER - DESIGNATED SHELLFISHERIES,2024-01-06 11:06:00,ENVIRONMENTAL MONITORING STATUTORY (EU DIRECTIVES),ESTUARINE WATER,0076,Temperature of Water,8.9,CELSIUS,2024-01-06
https://environment.data.gov.uk/water-quality/sampling-point/SW-70710370/sample/3503295/observation/0076,SW-70710370,DART ESTUARY - WHITE ROCK,284272,56540,SouthWest,SOUTH WEST - DEVON AND CORNWALL,ECMAS SAMPLING (DEVON AND CORNWALL),OPEN,SALINE WATER - ESTUARINE SITES - NON BATHING/SHELLFISH,2024-01-06 11:22:00,ENVIRONMENTAL MONITORING STATUTORY (EU DIRECTIVES),ESTUARINE WATER,0076,Temperature of Water,8.7,CELSIUS,2024-01-06
https://environment.data.gov.uk/water-quality/sampling-point/SW-70711714/sample/3507901/observation/0076,SW-70711714,ASHPRINGTON (NEW)  S T W - EFFLUENT,281500,56500,SouthWest,SOUTH WEST - DEVON AND CORNWALL,CENTRAL DEVON AND CORNWALL,OPEN,SEWAGE DISCHARGES - FINAL/TREATED EFFLUENT - WATER COMPANY,2024-01-18 10:05:00,WATER QUALITY OPERATOR SELF MONITORING COMPLIANCE DATA,FINAL SEWAGE EFFLUENT,0076,Temperature of Water,4.3,CELSIUS,2024-01-18
https://environment.data.gov.uk/water-quality/sampling-point/SW-70711753/sample/3504283/observation/0076,SW-70711753,HARBOURNE RIVER AT LEIGH BRIDGE,277109,56624,SouthWest,SOUTH WEST - DEVON AND CORNWALL,CENTRAL DEVON AND CORNWALL,OPEN,FRESHWATER - RIVERS,2024-01-15 12:58:00,MONITORING  (NATIONAL AGENCY POLICY),RIVER / RUNNING SURFACE WATER,0076,Temperature of Water,6.6,CELSIUS,2024-01-15
https://environment.data.gov.uk/water-quality/sampling-point/SW-70711764/sample/3504941/observation/0076,SW-70711764,HATCHLANDS TROUT FARM OUTLET,273550,60430,SouthWest,SOUTH WEST - DEVON AND CORNWALL,CENTRAL DEVON AND CORNWALL,CLOSED,AGRICULTURE - FISH FARMING - WATER COMPANY,2024-01-25 12:45:00,COMPLIANCE AUDIT (PERMIT),TRADE EFFLUENT - FRESHWATER RETURNED ABSTRACTED,0076,Temperature of Water,8.6,CELSIUS,2024-01-25
https://environment.data.gov.uk/water-quality/sampling-point/SW-70711770/sample/3504940/observation/0076,SW-70711770,HATCHLANDS TROUT FARM INLET,273270,60540,SouthWest,SOUTH WEST - DEVON AND CORNWALL,CENTRAL DEVON AND CORNWALL,CLOSED,FRESHWATER - COMPARATIVE INLET POINTS,2024-01-25 12:28:00,COMPLIANCE AUDIT (PERMIT),RIVER / RUNNING SURFACE WATER,0076,Temperature of Water,10.4,CELSIUS,2024-01-25
https://environment.data.gov.uk/water-quality/sampling-point/SW-70720104/sample/3504354/observation/0076,SW-70720104,RIVER DART AT TOTNES WEIR,280100,61220,SouthWest,SOUTH WEST - DEVON AND CORNWALL,CENTRAL DEVON AND CORNWALL,OPEN,FRESHWATER - RIVERS,2024-01-15 13:45:00,MONITORING  (UK GOVT POLICY - NOT GQA OR RE),RIVER / RUNNING SURFACE WATER,0076,Temperature of Water,5.9,CELSIUS,2024-01-15
https://environment.data.gov.uk/water-quality/sampling-point/SW-70720260/sample/3503170/observation/0076,SW-70720260,RIVER DART AT DART BRIDGE,274467,66719,SouthWest,SOUTH WEST - DEVON AND CORNWALL,CENTRAL DEVON AND CORNWALL,OPEN,FRESHWATER - RIVERS,2024-01-04 12:14:00,MONITORING  (NATIONAL AGENCY POLICY),RIVER / RUNNING SURFACE WATER,0076,Temperature of Water,8.2,CELSIUS,2024-01-04
https://environment.data.gov.uk/water-quality/sampling-point/SW-70720287/sample/3502714/observation/0076,SW-70720287,WEST DART RIVER AT TWO BRIDGES,260811,74973,SouthWest,SOUTH WEST - DEVON AND CORNWALL,CENTRAL DEVON AND CORNWALL,OPEN,FRESHWATER - RIVERS,2024-01-02 12:52:00,MONITORING  (UK GOVT POLICY - NOT GQA OR RE),RIVER / RUNNING SURFACE WATER,0076,Temperature of Water,9.1,CELSIUS,2024-01-02
https://environment.data.gov.uk/water-quality/sampling-point/SW-70720287/sample/3503558/observation/0076,SW-70720287,WEST DART RIVER AT TWO BRIDGES,260811,74973,SouthWest,SOUTH WEST - DEVON AND CORNWALL,CENTRAL DEVON AND CORNWALL,OPEN,FRESHWATER - RIVERS,2024-01-10 10:26:00,MONITORING  (UK GOVT POLICY - NOT GQA OR RE),RIVER / RUNNING SURFACE WATER,0076,Temperature of Water,3.2,CELSIUS,2024-01-10
https://environment.data.gov.uk/water-quality/sampling-point/SW-70720287/sample/3504239/observation/0076,SW-70720287,WEST DART RIVER AT TWO BRIDGES,260811,74973,SouthWest,SOUTH WEST - DEVON AND CORNWALL,CENTRAL DEVON AND CORNWALL,OPEN,FRESHWATER - RIVERS,2024-01-15 12:42:00,MONITORING  (UK GOVT POLICY - NOT GQA OR RE),RIVER / RUNNING SURFACE WATER,0076,Temperature of Water,5.1,CELSIUS,2024-01-15
https://environment.data.gov.uk/water-quality/sampling-point/SW-70720287/sample/3504712/observation/0076,SW-70720287,WEST DART RIVER AT TWO BRIDGES,260811,74973,SouthWest,SOUTH WEST - DEVON AND CORNWALL,CENTRAL DEVON AND CORNWALL,OPEN,FRESHWATER - RIVERS,2024-01-22 11:36:00,MONITORING  (UK GOVT POLICY - NOT GQA OR RE),RIVER / RUNNING SURFACE WATER,0076,Temperature of Water,6.3,CELSIUS,2024-01-22
https://environment.data.gov.uk/water-quality/sampling-point/SW-70721066/sample/3504304/observation/0076,SW-70721066,AM BROOK AT COLLACOMBE BRIDGE,281070,67450,SouthWest,SOUTH WEST - DEVON AND CORNWALL,CENTRAL DEVON AND CORNWALL,OPEN,FRESHWATER - RIVERS,2024-01-15 09:24:00,MONITORING  (NATIONAL AGENCY POLICY),RIVER / RUNNING SURFACE WATER,0076,Temperature of Water,6.6,CELSIUS,2024-01-15
https://environment.data.gov.uk/water-quality/sampling-point/SW-70723535/sample/3502648/observation/0076,SW-70723535,WEST WEBBURN RIVER AT PONSWORTHY BRIDGE,270136,73925,SouthWest,SOUTH WEST - DEVON AND CORNWALL,CENTRAL DEVON AND CORNWALL,OPEN,FRESHWATER - RIVERS,2024-01-02 11:34:00,MONITORING  (UK GOVT POLICY - NOT GQA OR RE),RIVER / RUNNING SURFACE WATER,0076,Temperature of Water,10.5,CELSIUS,2024-01-02
https://environment.data.gov.uk/water-quality/sampling-point/SW-70723535/sample/3503559/observation/0076,SW-70723535,WEST WEBBURN RIVER AT PONSWORTHY BRIDGE,270136,73925,SouthWest,SOUTH WEST - DEVON AND CORNWALL,CENTRAL DEVON AND CORNWALL,OPEN,FRESHWATER - RIVERS,2024-01-10 11:10:00,MONITORING  (UK GOVT POLICY - NOT GQA OR RE),RIVER / RUNNING SURFACE WATER,0076,Temperature of Water,5.4,CELSIUS,2024-01-10
https://environment.data.gov.uk/water-quality/sampling-point/SW-70723535/sample/3504240/observation/0076,SW-70723535,WEST WEBBURN RIVER AT PONSWORTHY BRIDGE,270136,73925,SouthWest,SOUTH WEST - DEVON AND CORNWALL,CENTRAL DEVON AND CORNWALL,OPEN,FRESHWATER - RIVERS,2024-01-15 11:05:00,MONITORING  (UK GOVT POLICY - NOT GQA OR RE),RIVER / RUNNING SURFACE WATER,0076,Temperature of Water,6.2,CELSIUS,2024-01-15
https://environment.data.gov.uk/water-quality/sampling-point/SW-70723535/sample/3504713/observation/0076,SW-70723535,WEST WEBBURN RIVER AT PONSWORTHY BRIDGE,270136,73925,SouthWest,SOUTH WEST - DEVON AND CORNWALL,CENTRAL DEVON AND CORNWALL,OPEN,FRESHWATER - RIVERS,2024-01-22 13:56:00,MONITORING  (UK GOVT POLICY - NOT GQA OR RE),RIVER / RUNNING SURFACE WATER,0076,Temperature of Water,7.9,CELSIUS,2024-01-22
https://environment.data.gov.uk/water-quality/sampling-point/SW-70724308/sample/3502681/observation/0076,SW-70724308,WALLA BROOK AT BABENY,267300,75145,SouthWest,SOUTH WEST - DEVON AND CORNWALL,CENTRAL DEVON AND CORNWALL,OPEN,FRESHWATER - RIVERS,2024-01-02 12:00:00,MONITORING  (UK GOVT POLICY - NOT GQA OR RE),RIVER / RUNNING SURFACE WATER,0076,Temperature of Water,10.3,CELSIUS,2024-01-02
https://environment.data.gov.uk/water-quality/sampling-point/SW-70724308/sample/3503601/observation/0076,SW-70724308,WALLA BROOK AT BABENY,267300,75145,SouthWest,SOUTH WEST - DEVON AND CORNWALL,CENTRAL DEVON AND CORNWALL,OPEN,FRESHWATER - RIVERS,2024-01-10 10:53:00,MONITORING  (UK GOVT POLICY - NOT GQA OR RE),RIVER / RUNNING SURFACE WATER,0076,Temperature of Water,3.9,CELSIUS,2024-01-10
https://environment.data.gov.uk/water-quality/sampling-point/SW-70724308/sample/3504315/observation/0076,SW-70724308,WALLA BROOK AT BABENY,267300,75145,SouthWest,SOUTH WEST - DEVON AND CORNWALL,CENTRAL DEVON AND CORNWALL,OPEN,FRESHWATER - RIVERS,2024-01-15 11:08:00,MONITORING  (UK GOVT POLICY - NOT GQA OR RE),RIVER / RUNNING SURFACE WATER,0076,Temperature of Water,5.2,CELSIUS,2024-01-15
https://environment.data.gov.uk/water-quality/sampling-point/SW-70724308/sample/3504752/observation/0076,SW-70724308,WALLA BROOK AT BABENY,267300,75145,SouthWest,SOUTH WEST - DEVON AND CORNWALL,CENTRAL DEVON AND CORNWALL,OPEN,FRESHWATER - RIVERS,2024-01-22 13:34:00,MONITORING  (UK GOVT POLICY - NOT GQA OR RE),RIVER / RUNNING SURFACE WATER,0076,Temperature of Water,7.3,CELSIUS,2024-01-22
https://environment.data.gov.uk/water-quality/sampling-point/SW-70725509/sample/3502699/observation/0076,SW-70725509,COWSIC RIVER AT BEARDOWN FARM,260294,75305,SouthWest,SOUTH WEST - DEVON AND CORNWALL,CENTRAL DEVON AND CORNWALL,OPEN,FRESHWATER - RIVERS,2024-01-02 13:03:00,MONITORING  (UK GOVT POLICY - NOT GQA OR RE),RIVER / RUNNING SURFACE WATER,0076,Temperature of Water,9.1,CELSIUS,2024-01-02
https://environment.data.gov.uk/water-quality/sampling-point/SW-70725509/sample/3503653/observation/0076,SW-70725509,COWSIC RIVER AT BEARDOWN FARM,260294,75305,SouthWest,SOUTH WEST - DEVON AND CORNWALL,CENTRAL DEVON AND CORNWALL,OPEN,FRESHWATER - RIVERS,2024-01-10 10:08:00,MONITORING  (UK GOVT POLICY - NOT GQA OR RE),RIVER / RUNNING SURFACE WATER,0076,Temperature of Water,3.8,CELSIUS,2024-01-10
https://environment.data.gov.uk/water-quality/sampling-point/SW-70725509/sample/3504355/observation/0076,SW-70725509,COWSIC RIVER AT BEARDOWN FARM,260294,75305,SouthWest,SOUTH WEST - DEVON AND CORNWALL,CENTRAL DEVON AND CORNWALL,OPEN,FRESHWATER - RIVERS,2024-01-15 12:53:00,MONITORING  (UK GOVT POLICY - NOT GQA OR RE),RIVER / RUNNING SURFACE WATER,0076,Temperature of Water,5.6,CELSIUS,2024-01-15
https://environment.data.gov.uk/water-quality/sampling-point/SW-70725509/sample/3504770/observation/0076,SW-70725509,COWSIC RIVER AT BEARDOWN FARM,260294,75305,SouthWest,SOUTH WEST - DEVON AND CORNWALL,CENTRAL DEVON AND CORNWALL,OPEN,FRESHWATER - RIVERS,2024-01-22 12:26:00,MONITORING  (UK GOVT POLICY - NOT GQA OR RE),RIVER / RUNNING SURFACE WATER,0076,Temperature of Water,6.5,CELSIUS,2024-01-22
https://environment.data.gov.uk/water-quality/sampling-point/SW-70810124/sample/3504306/observation/0076,SW-70810124,THE GARA AT SLAPTON BRIDGE,282798,44363,SouthWest,SOUTH WEST - DEVON AND CORNWALL,CENTRAL DEVON AND CORNWALL,OPEN,FRESHWATER - RIVERS,2024-01-15 12:01:00,MONITORING  (NATIONAL AGENCY POLICY),RIVER / RUNNING SURFACE WATER,0076,Temperature of Water,6,CELSIUS,2024-01-15
https://environment.data.gov.uk/water-quality/sampling-point/SW-70810155/sample/3503171/observation/0076,SW-70810155,THE GARA U/S BOWBRIDGE CROSS,280705,49394,SouthWest,SOUTH WEST - DEVON AND CORNWALL,CENTRAL DEVON AND CORNWALL,OPEN,FRESHWATER - RIVERS,2024-01-04 14:26:00,PLANNED INVESTIGATION (LOCAL MONITORING),RIVER / RUNNING SURFACE WATER,0076,Temperature of Water,9.8,CELSIUS,2024-01-04
https://environment.data.gov.uk/water-quality/sampling-point/SW-70810160/sample/3503172/observation/0076,SW-70810160,THE GARA AT MILLCOMBE FARMHOUSE BRIDGE,280273,49908,SouthWest,SOUTH WEST - DEVON AND CORNWALL,CENTRAL DEVON AND CORNWALL,OPEN,FRESHWATER - RIVERS,2024-01-04 14:36:00,PLANNED INVESTIGATION (LOCAL MONITORING),RIVER / RUNNING SURFACE WATER,0076,Temperature of Water,9.9,CELSIUS,2024-01-04
https://environment.data.gov.uk/water-quality/sampling-point/SW-70810177/sample/3504303/observation/0076,SW-70810177,THE GARA AT WOODFORD,279860,50990,SouthWest,SOUTH WEST - DEVON AND CORNWALL,CENTRAL DEVON AND CORNWALL,OPEN,FRESHWATER - RIVERS,2024-01-15 12:36:00,MONITORING  (NATIONAL AGENCY POLICY),RIVER / RUNNING SURFACE WATER,0076,Temperature of Water,7.2,CELSIUS,2024-01-15
https://environment.data.gov.uk/water-quality/sampling-point/SW-70811776/sample/3503275/observation/0076,SW-70811776,KINGSBRIDGE ESTUARY - KINGSBRIDGE STW - 250M DOWNSTREAM OF DISCHARGE,274200,42000,SouthWest,SOUTH WEST - DEVON AND CORNWALL,ECMAS SAMPLING (DEVON AND CORNWALL),OPEN,SALINE WATER - ESTUARINE SITES - NON BATHING/SHELLFISH,2024-01-05 10:26:00,PLANNED INVESTIGATION (LOCAL MONITORING),SEA WATER,0076,Temperature of Water,10.8,CELSIUS,2024-01-05
https://environment.data.gov.uk/water-quality/sampling-point/SW-70811776/sample/3505124/observation/0076,SW-70811776,KINGSBRIDGE ESTUARY - KINGSBRIDGE STW - 250M DOWNSTREAM OF DISCHARGE,274200,42000,SouthWest,SOUTH WEST - DEVON AND CORNWALL,ECMAS SAMPLING (DEVON AND CORNWALL),OPEN,SALINE WATER - ESTUARINE SITES - NON BATHING/SHELLFISH,2024-01-30 08:09:00,PLANNED INVESTIGATION (LOCAL MONITORING),SEA WATER,0076,Temperature of Water,10,CELSIUS,2024-01-30
https://environment.data.gov.uk/water-quality/sampling-point/SW-70811777/sample/3503484/observation/0076,SW-70811777,CHURCHSTOW STREAM IN KINGSBRIDGE AT TL,273550,44011,SouthWest,SOUTH WEST - DEVON AND CORNWALL,CENTRAL DEVON AND CORNWALL,OPEN,FRESHWATER - RIVERS,2024-01-09 11:03:00,PLANNED INVESTIGATION (LOCAL MONITORING),RIVER / RUNNING SURFACE WATER,0076,Temperature of Water,8.2,CELSIUS,2024-01-09
https://environment.data.gov.uk/water-quality/sampling-point/SW-70811778/sample/3503452/observation/0076,SW-70811778,SOUTH STREAM IN KINGSBRIDGE AT TIDAL LIMIT,273830,43900,SouthWest,SOUTH WEST - DEVON AND CORNWALL,CENTRAL DEVON AND CORNWALL,OPEN,FRESHWATER - RIVERS,2024-01-09 11:09:00,PLANNED INVESTIGATION (LOCAL MONITORING),RIVER / RUNNING SURFACE WATER,0076,Temperature of Water,9,CELSIUS,2024-01-09
https://environment.data.gov.uk/water-quality/sampling-point/SW-70811779/sample/3503453/observation/0076,SW-70811779,NORTH STREAM IN KINGSBRIDGE AT TIDAL LIMIT,273550,44010,SouthWest,SOUTH WEST - DEVON AND CORNWALL,CENTRAL DEVON AND CORNWALL,OPEN,FRESHWATER - RIVERS,2024-01-09 11:03:00,PLANNED INVESTIGATION (LOCAL MONITORING),RIVER / RUNNING SURFACE WATER,0076,Temperature of Water,8.8,CELSIUS,2024-01-09
https://environment.data.gov.uk/water-quality/sampling-point/SW-70811815/sample/3503388/observation/0076,SW-70811815,SALCOMBE SOUTH SANDS - COMBE STREAM     (BEACH SURVEY),272817,37671,SouthWest,SOUTH WEST - DEVON AND CORNWALL,CENTRAL DEVON AND CORNWALL,OPEN,FRESHWATER - RIVERS,2024-01-08 11:47:00,PLANNED INVESTIGATION (LOCAL MONITORING),RIVER / RUNNING SURFACE WATER,0076,Temperature of Water,9.3,CELSIUS,2024-01-08
https://environment.data.gov.uk/water-quality/sampling-point/SW-70811912/sample/3503500/observation/0076,SW-70811912,SALCOMBE NORTH SANDS - COLLATON STREAM  (BEACH SURVEY),273039,38179,SouthWest,SOUTH WEST - DEVON AND CORNWALL,CENTRAL DEVON AND CORNWALL,OPEN,FRESHWATER - RIVERS,2024-01-09 11:46:00,PLANNED INVESTIGATION (LOCAL MONITORING),RIVER / RUNNING SURFACE WATER,0076,Temperature of Water,9.4,CELSIUS,2024-01-09
https://environment.data.gov.uk/water-quality/sampling-point/SW-70812124/sample/3502726/observation/0076,SW-70812124,"WATERHEAD CREEK STREAM AT TIDAL LIMIT,KINGSBRIDGE ESTUARY",276990,38850,SouthWest,SOUTH WEST - DEVON AND CORNWALL,CENTRAL DEVON AND CORNWALL,OPEN,FRESHWATER - RIVERS,2024-01-03 11:43:00,PLANNED INVESTIGATION (LOCAL MONITORING),RIVER / RUNNING SURFACE WATER,0076,Temperature of Water,10.9,CELSIUS,2024-01-03
https://environment.data.gov.uk/water-quality/sampling-point/SW-70812130/sample/3502727/observation/0076,SW-70812130,"SOUTHPOOL STREAM AT TIDAL LIMIT,KINGSBRIDGE ESTUARY",277460,40100,SouthWest,SOUTH WEST - DEVON AND CORNWALL,CENTRAL DEVON AND CORNWALL,OPEN,FRESHWATER - RIVERS,2024-01-03 11:16:00,PLANNED INVESTIGATION (LOCAL MONITORING),RIVER / RUNNING SURFACE WATER,0076,Temperature of Water,10.8,CELSIUS,2024-01-03
https://environment.data.gov.uk/water-quality/sampling-point/SW-70812370/sample/3502728/observation/0076,SW-70812370,"SHERFORD STREAM AT TIDAL LIMIT,KINGSBRIDGE ESTUARY",277580,42680,SouthWest,SOUTH WEST - DEVON AND CORNWALL,CENTRAL DEVON AND CORNWALL,OPEN,FRESHWATER - RIVERS,2024-01-03 10:31:00,PLANNED INVESTIGATION (LOCAL MONITORING),RIVER / RUNNING SURFACE WATER,0076,Temperature of Water,10.7,CELSIUS,2024-01-03
https://environment.data.gov.uk/water-quality/sampling-point/SW-70812665/sample/3502807/observation/0076,SW-70812665,CHILLINGTON  STREAM DOWNSTREAM OF CHILLINGTON S T W,277643,42601,SouthWest,SOUTH WEST - DEVON AND CORNWALL,CENTRAL DEVON AND CORNWALL,OPEN,FRESHWATER - RIVERS,2024-01-03 10:37:00,PLANNED INVESTIGATION (LOCAL MONITORING),RIVER / RUNNING SURFACE WATER,0076,Temperature of Water,10.9,CELSIUS,2024-01-03
https://environment.data.gov.uk/water-quality/sampling-point/SW-70812860/sample/3502729/observation/0076,SW-70812860,"COLLAPIT STREAM AT TIDAL LIMIT,KINGSBRIDGE SETUARY",272820,42140,SouthWest,SOUTH WEST - DEVON AND CORNWALL,CENTRAL DEVON AND CORNWALL,OPEN,FRESHWATER - RIVERS,2024-01-03 12:55:00,PLANNED INVESTIGATION (LOCAL MONITORING),RIVER / RUNNING SURFACE WATER,0076,Temperature of Water,11.3,CELSIUS,2024-01-03
https://environment.data.gov.uk/water-quality/sampling-point/SW-70812861/sample/3502730/observation/0076,SW-70812861,"BLANKSMILL STREAM AT TIDAL LIMIT,KINGSBRIDGE ESTUARY",272660,40980,SouthWest,SOUTH WEST - DEVON AND CORNWALL,CENTRAL DEVON AND CORNWALL,OPEN,FRESHWATER - RIVERS,2024-01-03 13:08:00,PLANNED INVESTIGATION (LOCAL MONITORING),RIVER / RUNNING SURFACE WATER,0076,Temperature of Water,11.1,CELSIUS,2024-01-03
https://environment.data.gov.uk/water-quality/sampling-point/SW-70813027/sample/3503284/observation/0076,SW-70813027,KINGSBRIDGE ESTUARY - PARK FARM,273850,42950,SouthWest,SOUTH WEST - DEVON AND CORNWALL,ECMAS SAMPLING (DEVON AND CORNWALL),OPEN,SALINE WATER - ESTUARINE SITES - NON BATHING/SHELLFISH,2024-01-05 10:36:00,PLANNED INVESTIGATION (LOCAL MONITORING),SEA WATER,0076,Temperature of Water,10.7,CELSIUS,2024-01-05
https://environment.data.gov.uk/water-quality/sampling-point/SW-70813027/sample/3505132/observation/0076,SW-70813027,KINGSBRIDGE ESTUARY - PARK FARM,273850,42950,SouthWest,SOUTH WEST - DEVON AND CORNWALL,ECMAS SAMPLING (DEVON AND CORNWALL),OPEN,SALINE WATER - ESTUARINE SITES - NON BATHING/SHELLFISH,2024-01-30 07:59:00,PLANNED INVESTIGATION (LOCAL MONITORING),SEA WATER,0076,Temperature of Water,10.1,CELSIUS,2024-01-30
https://environment.data.gov.uk/water-quality/sampling-point/SW-70813150/sample/3502808/observation/0076,SW-70813150,WEST ALVINGTON STREAM AT TACKETWOOD,273410,43650,SouthWest,SOUTH WEST - DEVON AND CORNWALL,CENTRAL DEVON AND CORNWALL,OPEN,FRESHWATER - RIVERS,2024-01-03 12:39:00,PLANNED INVESTIGATION (LOCAL MONITORING),RIVER / RUNNING SURFACE WATER,0076,Temperature of Water,11.5,CELSIUS,2024-01-03
https://environment.data.gov.uk/water-quality/sampling-point/SW-70813312/sample/3503235/observation/0076,SW-70813312,SMALL BROOK (KINGSBRIDGE) AT BOWCOMBE,275030,44380,SouthWest,SOUTH WEST - DEVON AND CORNWALL,CENTRAL DEVON AND CORNWALL,OPEN,FRESHWATER - RIVERS,2024-01-04 12:00:00,PLANNED INVESTIGATION (LOCAL MONITORING),RIVER / RUNNING SURFACE WATER,0076,Temperature of Water,10.7,CELSIUS,2024-01-04
https://environment.data.gov.uk/water-quality/sampling-point/SW-70826005/sample/3504356/observation/0076,SW-70826005,RIVER AVON AT HATCH,271427,47251,SouthWest,SOUTH WEST - DEVON AND CORNWALL,CENTRAL DEVON AND CORNWALL,OPEN,FRESHWATER - RIVERS,2024-01-15 11:15:00,MONITORING  (UK GOVT POLICY - NOT GQA OR RE),RIVER / RUNNING SURFACE WATER,0076,Temperature of Water,6,CELSIUS,2024-01-15
https://environment.data.gov.uk/water-quality/sampling-point/SW-70826089/sample/3504305/observation/0076,SW-70826089,RIVER AVON DOWNSTREAM AVON DAM AT BRIDGE,267900,64900,SouthWest,SOUTH WEST - DEVON AND CORNWALL,CENTRAL DEVON AND CORNWALL,OPEN,FRESHWATER - RIVERS,2024-01-15 15:20:00,MONITORING  (NATIONAL AGENCY POLICY),RIVER / RUNNING SURFACE WATER,0076,Temperature of Water,5,CELSIUS,2024-01-15
https://environment.data.gov.uk/water-quality/sampling-point/SW-70910356/sample/3503475/observation/0076,SW-70910356,AYLESTON BROOK WIDLAND,267462,51665,SouthWest,SOUTH WEST - DEVON AND CORNWALL,CENTRAL DEVON AND CORNWALL,OPEN,FRESHWATER - RIVERS,2024-01-09 13:11:00,PLANNED INVESTIGATION (LOCAL MONITORING),RIVER / RUNNING SURFACE WATER,0076,Temperature of Water,7.1,CELSIUS,2024-01-09
https://environment.data.gov.uk/water-quality/sampling-point/SW-70920104/sample/3503389/observation/0076,SW-70920104,RIVER ERME AT SEQUER'S BRIDGE,263210,51880,SouthWest,SOUTH WEST - DEVON AND CORNWALL,CENTRAL DEVON AND CORNWALL,OPEN,FRESHWATER - RIVERS,2024-01-08 12:58:00,MONITORING  (UK GOVT POLICY - NOT GQA OR RE),RIVER / RUNNING SURFACE WATER,0076,Temperature of Water,7.2,CELSIUS,2024-01-08
https://environment.data.gov.uk/water-quality/sampling-point/SW-70920131/sample/3502672/observation/0076,SW-70920131,R.ERME D/S OF IVYBRIDGE STW (ALT HISTORIC DATA ON R09B002),263203,55410,SouthWest,SOUTH WEST - DEVON AND CORNWALL,CENTRAL DEVON AND CORNWALL,OPEN,FRESHWATER - RIVERS,2024-01-02 11:07:00,PLANNED INVESTIGATION (LOCAL MONITORING),RIVER / RUNNING SURFACE WATER,0076,Temperature of Water,10.3,CELSIUS,2024-01-02
https://environment.data.gov.uk/water-quality/sampling-point/SW-70920134/sample/3502700/observation/0076,SW-70920134,RIVER ERME AT A38 BRIDGE IVYBRIDGE ABOVE IVYBRIDGE STW                     ALTERNATIVE HISTORIC DATA ON URN WSTW4622A,263310,55760,SouthWest,SOUTH WEST - DEVON AND CORNWALL,CENTRAL DEVON AND CORNWALL,OPEN,FRESHWATER - RIVERS,2024-01-02 11:17:00,PLANNED INVESTIGATION (LOCAL MONITORING),RIVER / RUNNING SURFACE WATER,0076,Temperature of Water,10.2,CELSIUS,2024-01-02
https://environment.data.gov.uk/water-quality/sampling-point/SW-70920250/sample/3503370/observation/0076,SW-70920250,AYLESTON BROOK AT COTTLASS FARM,264405,51230,SouthWest,SOUTH WEST - DEVON AND CORNWALL,CENTRAL DEVON AND CORNWALL,OPEN,FRESHWATER - RIVERS,2024-01-08 12:29:00,PLANNED INVESTIGATION (LOCAL MONITORING),RIVER / RUNNING SURFACE WATER,0076,Temperature of Water,8.4,CELSIUS,2024-01-08
https://environment.data.gov.uk/water-quality/sampling-point/SW-72810003/sample/3504241/observation/0076,SW-72810003,END COTTAGE    ELMSCOTT    HARTLAND                                        SAMPLED FROM TAP 5M FROM BOREHOLE,223170,121830,SouthWest,SOUTH WEST - DEVON AND CORNWALL,EAST DEVON AND CORNWALL,OPEN,GROUNDWATER - BOREHOLE,2024-01-15 15:32:00,ENVIRONMENTAL MONITORING STATUTORY (EU DIRECTIVES),GROUNDWATER,0076,Temperature of Water,5.5,CELSIUS,2024-01-15
https://environment.data.gov.uk/water-quality/sampling-point/SW-72811028/sample/3504284/observation/0076,SW-72811028,ABBEY RIVER AT HARTLAND ABBEY,223766,124924,SouthWest,SOUTH WEST - DEVON AND CORNWALL,EAST DEVON AND CORNWALL,OPEN,FRESHWATER - RIVERS,2024-01-15 14:28:00,MONITORING  (NATIONAL AGENCY POLICY),RIVER / RUNNING SURFACE WATER,0076,Temperature of Water,5.3,CELSIUS,2024-01-15
https://environment.data.gov.uk/water-quality/sampling-point/SW-72811040/sample/3504302/observation/0076,SW-72811040,ABBEY RIVER AT METTAFORD CROSS BRIDGE,228079,124740,SouthWest,SOUTH WEST - DEVON AND CORNWALL,EAST DEVON AND CORNWALL,OPEN,FRESHWATER - RIVERS,2024-01-15 13:50:00,MONITORING  (NATIONAL AGENCY POLICY),RIVER / RUNNING SURFACE WATER,0076,Temperature of Water,6.2,CELSIUS,2024-01-15
https://environment.data.gov.uk/water-quality/sampling-point/SW-72819999/sample/3502645/observation/0076,SW-72819999,MISCELLANEOUS HARTLAND AND CLOVELLY CATCHMENT,221100,117800,SouthWest,SOUTH WEST - DEVON AND CORNWALL,EAST DEVON AND CORNWALL,OPEN,POLLUTION/INVESTIGATION POINTS - ENVIRONMENT,2024-01-01 12:39:00,UNPLANNED REACTIVE MONITORING FORMAL (POLLUTION INCIDENTS),RIVER / RUNNING SURFACE WATER,0076,Temperature of Water,9.1,CELSIUS,2024-01-01
https://environment.data.gov.uk/water-quality/sampling-point/SW-72910261/sample/3504509/observation/0076,SW-72910261,TORRIDGE ESTUARY - BY NAPP HOUSE    NORTHAM,246730,129380,SouthWest,SOUTH WEST - DEVON AND CORNWALL,ECMAS SAMPLING (DEVON AND CORNWALL),OPEN,SALINE WATER - DESIGNATED SHELLFISHERIES,2024-01-17 10:35:00,ENVIRONMENTAL MONITORING STATUTORY (EU DIRECTIVES),ESTUARINE WATER,0076,Temperature of Water,8.8,CELSIUS,2024-01-17
https://environment.data.gov.uk/water-quality/sampling-point/SW-72910440/sample/3504527/observation/0076,SW-72910440,TORRIDGE ESTUARY - LITTLE AMERICA - SURFACE READING,245400,125300,SouthWest,SOUTH WEST - DEVON AND CORNWALL,ECMAS SAMPLING (DEVON AND CORNWALL),OPEN,SALINE WATER - ESTUARINE SITES - NON BATHING/SHELLFISH,2024-01-17 10:56:00,ENVIRONMENTAL MONITORING STATUTORY (EU DIRECTIVES),ESTUARINE WATER,0076,Temperature of Water,7.2,CELSIUS,2024-01-17
https://environment.data.gov.uk/water-quality/sampling-point/SW-72920121/sample/3503501/observation/0076,SW-72920121,RIVER TORRIDGE AT BEAM BRIDGE,247359,120917,SouthWest,SOUTH WEST - DEVON AND CORNWALL,EAST DEVON AND CORNWALL,OPEN,FRESHWATER - RIVERS,2024-01-09 11:49:00,MONITORING  (UK GOVT POLICY - NOT GQA OR RE),RIVER / RUNNING SURFACE WATER,0076,Temperature of Water,4.6,CELSIUS,2024-01-09
https://environment.data.gov.uk/water-quality/sampling-point/SW-72930018/sample/3503875/observation/0076,SW-72930018,HELE BARTON  PETROCKSTOWE  OKEHAMPTON                                      SAMPLED FROM OUTSIDE TAP ON BUNGALOW,251280,107350,SouthWest,SOUTH WEST - DEVON AND CORNWALL,EAST DEVON AND CORNWALL,OPEN,GROUNDWATER - BOREHOLE,2024-01-12 10:51:00,ENVIRONMENTAL MONITORING STATUTORY (EU DIRECTIVES),GROUNDWATER,0076,Temperature of Water,10.7,CELSIUS,2024-01-12
https://environment.data.gov.uk/water-quality/sampling-point/SW-72930136/sample/3503158/observation/0076,SW-72930136,RIVER TORRIDGE AT ROCKHAY BRIDGE,250640,106990,SouthWest,SOUTH WEST - DEVON AND CORNWALL,EAST DEVON AND CORNWALL,OPEN,FRESHWATER - RIVERS,2024-01-04 13:47:00,PLANNED INVESTIGATION (LOCAL MONITORING),RIVER / RUNNING SURFACE WATER,0076,Temperature of Water,8.6,CELSIUS,2024-01-04
https://environment.data.gov.uk/water-quality/sampling-point/SW-72930188/sample/3503236/observation/0076,SW-72930188,RIVER TORRIDGE AT KINGSLEY MILL ABOVE BLACK TORRINGTON STW                 ALTERNATIVE HISTORIC DATA ON URN WSTW3026A,246960,106080,SouthWest,SOUTH WEST - DEVON AND CORNWALL,EAST DEVON AND CORNWALL,OPEN,FRESHWATER - RIVERS,2024-01-04 13:08:00,PLANNED INVESTIGATION (LOCAL MONITORING),RIVER / RUNNING SURFACE WATER,0076,Temperature of Water,8.6,CELSIUS,2024-01-04
https://environment.data.gov.uk/water-quality/sampling-point/SW-72930250/sample/3503371/observation/0076,SW-72930250,RIVER TORRIDGE BELOW SHEBBEAR STW,242520,109000,SouthWest,SOUTH WEST - DEVON AND CORNWALL,EAST DEVON AND CORNWALL,OPEN,FRESHWATER - RIVERS,2024-01-08 13:30:00,PLANNED INVESTIGATION (LOCAL MONITORING),RIVER / RUNNING SURFACE WATER,0076,Temperature of Water,5.4,CELSIUS,2024-01-08
https://environment.data.gov.uk/water-quality/sampling-point/SW-72930270/sample/3503357/observation/0076,SW-72930270,RIVER TORRIDGE AT GIDCOTT,242183,109424,SouthWest,SOUTH WEST - DEVON AND CORNWALL,EAST DEVON AND CORNWALL,OPEN,FRESHWATER - RIVERS,2024-01-08 13:14:00,PLANNED INVESTIGATION (LOCAL MONITORING),RIVER / RUNNING SURFACE WATER,0076,Temperature of Water,5.3,CELSIUS,2024-01-08
https://environment.data.gov.uk/water-quality/sampling-point/SW-72930325/sample/3503352/observation/0076,SW-72930325,R.TORRIDGE U/S OF WOODFORD BRIDGE HOTEL STW,239878,112514,SouthWest,SOUTH WEST - DEVON AND CORNWALL,EAST DEVON AND CORNWALL,OPEN,FRESHWATER - UNSPECIFIED,2024-01-08 12:07:00,PLANNED INVESTIGATION (LOCAL MONITORING),RIVER / RUNNING SURFACE WATER,0076,Temperature of Water,5.2,CELSIUS,2024-01-08
https://environment.data.gov.uk/water-quality/sampling-point/SW-72930420/sample/3503790/observation/0076,SW-72930420,RIVER TORRIDGE AT FORDMILL FARM,232510,117760,SouthWest,SOUTH WEST - DEVON AND CORNWALL,EAST DEVON AND CORNWALL,OPEN,FRESHWATER - RIVERS,2024-01-11 12:41:00,PLANNED INVESTIGATION (LOCAL MONITORING),RIVER / RUNNING SURFACE WATER,0076,Temperature of Water,4.5,CELSIUS,2024-01-11
https://environment.data.gov.uk/water-quality/sampling-point/SW-72930805/sample/3503791/observation/0076,SW-72930805,RIVER LEW (TORRIDGE) AT LEWER BRIDGE,253130,105250,SouthWest,SOUTH WEST - DEVON AND CORNWALL,EAST DEVON AND CORNWALL,OPEN,FRESHWATER - RIVERS,2024-01-11 10:05:00,PLANNED INVESTIGATION (LOCAL MONITORING),RIVER / RUNNING SURFACE WATER,0076,Temperature of Water,3.5,CELSIUS,2024-01-11
https://environment.data.gov.uk/water-quality/sampling-point/SW-72930813/sample/3502684/observation/0076,SW-72930813,RIVER LEW (TORRIDGE) BELOW HATHERLEIGH STW,253780,104320,SouthWest,SOUTH WEST - DEVON AND CORNWALL,EAST DEVON AND CORNWALL,OPEN,FRESHWATER - RIVERS,2024-01-02 09:40:00,PLANNED INVESTIGATION (LOCAL MONITORING),RIVER / RUNNING SURFACE WATER,0076,Temperature of Water,10.4,CELSIUS,2024-01-02
https://environment.data.gov.uk/water-quality/sampling-point/SW-72930819/sample/3502673/observation/0076,SW-72930819,R.LEW @ H'LEIGH BR U/S H'LEIGH STW (ALT DATA ON URN WSTW3127A),254058,104185,SouthWest,SOUTH WEST - DEVON AND CORNWALL,EAST DEVON AND CORNWALL,OPEN,FRESHWATER - RIVERS,2024-01-02 09:56:00,PLANNED INVESTIGATION (LOCAL MONITORING),RIVER / RUNNING SURFACE WATER,0076,Temperature of Water,10.3,CELSIUS,2024-01-02
https://environment.data.gov.uk/water-quality/sampling-point/SW-72930857/sample/3502674/observation/0076,SW-72930857,RIVER LEW (TORRIDGE) AT GREAT RUTLEIGH,251400,100790,SouthWest,SOUTH WEST - DEVON AND CORNWALL,EAST DEVON AND CORNWALL,OPEN,FRESHWATER - RIVERS,2024-01-02 11:24:00,PLANNED INVESTIGATION (LOCAL MONITORING),RIVER / RUNNING SURFACE WATER,0076,Temperature of Water,10.4,CELSIUS,2024-01-02
https://environment.data.gov.uk/water-quality/sampling-point/SW-72930877/sample/3502675/observation/0076,SW-72930877,RIVER LEW (TORRIDGE) AT HOLE STOCK BRIDGE,248870,100030,SouthWest,SOUTH WEST - DEVON AND CORNWALL,EAST DEVON AND CORNWALL,OPEN,FRESHWATER - RIVERS,2024-01-02 10:58:00,PLANNED INVESTIGATION (LOCAL MONITORING),RIVER / RUNNING SURFACE WATER,0076,Temperature of Water,10,CELSIUS,2024-01-02
https://environment.data.gov.uk/water-quality/sampling-point/SW-72930900/sample/3503700/observation/0076,SW-72930900,PULWORTHY BROOK 30M UPSTREAM OF CONFLUENCE WITH RIVER LEW,253190,105050,SouthWest,SOUTH WEST - DEVON AND CORNWALL,EAST DEVON AND CORNWALL,OPEN,FRESHWATER - RIVERS,2024-01-11 10:39:00,PLANNED INVESTIGATION (LOCAL MONITORING),RIVER / RUNNING SURFACE WATER,0076,Temperature of Water,2.8,CELSIUS,2024-01-11
https://environment.data.gov.uk/water-quality/sampling-point/SW-72930937/sample/3504624/observation/0076,SW-72930937,PULWORTHY BROOK AT LEWMOOR BRIDGE,250700,102880,SouthWest,SOUTH WEST - DEVON AND CORNWALL,EAST DEVON AND CORNWALL,OPEN,FRESHWATER - RIVERS,2024-01-18 10:18:00,PLANNED INVESTIGATION (LOCAL MONITORING),RIVER / RUNNING SURFACE WATER,0076,Temperature of Water,0.3,CELSIUS,2024-01-18
https://environment.data.gov.uk/water-quality/sampling-point/SW-72931847/sample/3502649/observation/0076,SW-72931847,WAGAFORD WATER AT WAGAFORD BRIDGE,248820,101680,SouthWest,SOUTH WEST - DEVON AND CORNWALL,EAST DEVON AND CORNWALL,OPEN,FRESHWATER - RIVERS,2024-01-02 10:28:00,PLANNED INVESTIGATION (LOCAL MONITORING),RIVER / RUNNING SURFACE WATER,0076,Temperature of Water,10,CELSIUS,2024-01-02
https://environment.data.gov.uk/water-quality/sampling-point/SW-72932015/sample/3503835/observation/0076,SW-72932015,NORTHLEW STREAM AT NORTHLEW,250750,99100,SouthWest,SOUTH WEST - DEVON AND CORNWALL,EAST DEVON AND CORNWALL,OPEN,FRESHWATER - RIVERS,2024-01-12 11:26:00,MONITORING  (NATIONAL AGENCY POLICY),RIVER / RUNNING SURFACE WATER,0076,Temperature of Water,5.3,CELSIUS,2024-01-12
https://environment.data.gov.uk/water-quality/sampling-point/SW-72932020/sample/3503855/observation/0076,SW-72932020,NORTHLEW STREAM U/S NORTHLEW STW,250756,99026,SouthWest,SOUTH WEST - DEVON AND CORNWALL,CENTRAL DEVON AND CORNWALL,OPEN,FRESHWATER - RIVERS,2024-01-12 11:39:00,PLANNED INVESTIGATION (LOCAL MONITORING),RIVER / RUNNING SURFACE WATER,0076,Temperature of Water,5.3,CELSIUS,2024-01-12
https://environment.data.gov.uk/water-quality/sampling-point/SW-72933607/sample/3503237/observation/0076,SW-72933607,MUSSEL BROOK AT WESTOVER,247770,106450,SouthWest,SOUTH WEST - DEVON AND CORNWALL,EAST DEVON AND CORNWALL,OPEN,FRESHWATER - RIVERS,2024-01-04 13:21:00,PLANNED INVESTIGATION (LOCAL MONITORING),RIVER / RUNNING SURFACE WATER,0076,Temperature of Water,8.7,CELSIUS,2024-01-04
https://environment.data.gov.uk/water-quality/sampling-point/SW-72933916/sample/3503502/observation/0076,SW-72933916,WHITELEIGH WATER AT DIPPERMILL,243890,106380,SouthWest,SOUTH WEST - DEVON AND CORNWALL,EAST DEVON AND CORNWALL,OPEN,FRESHWATER - RIVERS,2024-01-09 14:14:00,PLANNED INVESTIGATION (LOCAL MONITORING),RIVER / RUNNING SURFACE WATER,0076,Temperature of Water,3.6,CELSIUS,2024-01-09
https://environment.data.gov.uk/water-quality/sampling-point/SW-72934611/sample/3503390/observation/0076,SW-72934611,RIVER WALDON AT HENSCOTT BRIDGE,241510,108040,SouthWest,SOUTH WEST - DEVON AND CORNWALL,EAST DEVON AND CORNWALL,OPEN,FRESHWATER - RIVERS,2024-01-08 14:14:00,PLANNED INVESTIGATION (LOCAL MONITORING),RIVER / RUNNING SURFACE WATER,0076,Temperature of Water,5.2,CELSIUS,2024-01-08
https://environment.data.gov.uk/water-quality/sampling-point/SW-72934639/sample/3503742/observation/0076,SW-72934639,RIVER WALDON AT WALDON BRIDGE,236840,110410,SouthWest,SOUTH WEST - DEVON AND CORNWALL,EAST DEVON AND CORNWALL,OPEN,FRESHWATER - RIVERS,2024-01-11 11:54:00,PLANNED INVESTIGATION (LOCAL MONITORING),RIVER / RUNNING SURFACE WATER,0076,Temperature of Water,4.7,CELSIUS,2024-01-11
https://environment.data.gov.uk/water-quality/sampling-point/SW-72934659/sample/3503358/observation/0076,SW-72934659,RIVER WALDON AT SUTCOMBE,234680,110960,SouthWest,SOUTH WEST - DEVON AND CORNWALL,EAST DEVON AND CORNWALL,OPEN,FRESHWATER - RIVERS,2024-01-08 10:57:00,PLANNED INVESTIGATION (LOCAL MONITORING),RIVER / RUNNING SURFACE WATER,0076,Temperature of Water,5.1,CELSIUS,2024-01-08
https://environment.data.gov.uk/water-quality/sampling-point/SW-72937110/sample/3503792/observation/0076,SW-72937110,DIPPLE WATER AT DIPPLE BRIDGE,234950,117760,SouthWest,SOUTH WEST - DEVON AND CORNWALL,EAST DEVON AND CORNWALL,OPEN,FRESHWATER - RIVERS,2024-01-11 12:24:00,PLANNED INVESTIGATION (LOCAL MONITORING),RIVER / RUNNING SURFACE WATER,0076,Temperature of Water,5.3,CELSIUS,2024-01-11
https://environment.data.gov.uk/water-quality/sampling-point/SW-72937830/sample/3503743/observation/0076,SW-72937830,CLIFFORD WATER AT BITEFORD,230210,118930,SouthWest,SOUTH WEST - DEVON AND CORNWALL,EAST DEVON AND CORNWALL,OPEN,FRESHWATER - RIVERS,2024-01-11 13:04:00,PLANNED INVESTIGATION (LOCAL MONITORING),RIVER / RUNNING SURFACE WATER,0076,Temperature of Water,5,CELSIUS,2024-01-11
https://environment.data.gov.uk/water-quality/sampling-point/SW-72940136/sample/3503754/observation/0076,SW-72940136,RIVER OKEMENT AT JACOBSTOWE,259250,101720,SouthWest,SOUTH WEST - DEVON AND CORNWALL,EAST DEVON AND CORNWALL,OPEN,FRESHWATER - RIVERS,2024-01-11 09:35:00,MONITORING  (NATIONAL AGENCY POLICY),RIVER / RUNNING SURFACE WATER,0076,Temperature of Water,4.6,CELSIUS,2024-01-11
https://environment.data.gov.uk/water-quality/sampling-point/SW-72940158/sample/3503856/observation/0076,SW-72940158,RIVER OKEMENT AT SOUTH DORNAFORD BELOW HILL BARTON STW,259990,100050,SouthWest,SOUTH WEST - DEVON AND CORNWALL,EAST DEVON AND CORNWALL,OPEN,FRESHWATER - RIVERS,2024-01-12 10:17:00,PLANNED INVESTIGATION (LOCAL MONITORING),RIVER / RUNNING SURFACE WATER,0076,Temperature of Water,5.9,CELSIUS,2024-01-12
https://environment.data.gov.uk/water-quality/sampling-point/SW-72940185/sample/3503175/observation/0076,SW-72940185,RIVER OKEMENT AT BRIGHTLEY BRIDGE,259871,97447,SouthWest,SOUTH WEST - DEVON AND CORNWALL,EAST DEVON AND CORNWALL,OPEN,FRESHWATER - RIVERS,2024-01-04 15:07:00,PLANNED INVESTIGATION (LOCAL MONITORING),RIVER / RUNNING SURFACE WATER,0076,Temperature of Water,8.4,CELSIUS,2024-01-04
https://environment.data.gov.uk/water-quality/sampling-point/SW-73010007/sample/3503391/observation/0076,SW-73010007,PICKWELL BARTON (SPRING 2)  GEORGEHAM  BRAUNTON                            SAMPLED PRIOR TO ENTERING RESERVOIR,245980,141000,SouthWest,SOUTH WEST - DEVON AND CORNWALL,EAST DEVON AND CORNWALL,OPEN,GROUNDWATER - SPRING,2024-01-08 15:26:00,ENVIRONMENTAL MONITORING STATUTORY (EU DIRECTIVES),GROUNDWATER,0076,Temperature of Water,10.5,CELSIUS,2024-01-08
https://environment.data.gov.uk/water-quality/sampling-point/SW-73010011/sample/3502701/observation/0076,SW-73010011,BOODE FARM  BRAUNTON  BARNSTAPLE                                           SAMPLED FROM TAP ADJACENT TO GARAGE,250160,137960,SouthWest,SOUTH WEST - DEVON AND CORNWALL,EAST DEVON AND CORNWALL,OPEN,GROUNDWATER - BOREHOLE,2024-01-02 11:34:00,ENVIRONMENTAL MONITORING STATUTORY (EU DIRECTIVES),GROUNDWATER,0076,Temperature of Water,11.8,CELSIUS,2024-01-02
https://environment.data.gov.uk/water-quality/sampling-point/SW-73010031/sample/3503749/observation/0076,SW-73010031,"RUDA HOLIDAY PARK, CROYDE - NEW BOREHOLE",243501,139866,SouthWest,SOUTH WEST - DEVON AND CORNWALL,EAST DEVON AND CORNWALL,OPEN,GROUNDWATER - BOREHOLE,2024-01-11 12:33:00,ENVIRONMENTAL MONITORING STATUTORY (EU DIRECTIVES),GROUNDWATER - PURGED/PUMPED/REFILLED,0076,Temperature of Water,11.4,CELSIUS,2024-01-11
https://environment.data.gov.uk/water-quality/sampling-point/SW-73010147/sample/3504514/observation/0076,SW-73010147,TAW-TORRIDGE ESTUARY MOUTH SHELLFISH WATER,245693,131751,SouthWest,SOUTH WEST - DEVON AND CORNWALL,ECMAS SAMPLING (DEVON AND CORNWALL),OPEN,SALINE WATER - DESIGNATED SHELLFISHERIES,2024-01-17 09:43:00,ENVIRONMENTAL MONITORING STATUTORY (EU DIRECTIVES),ESTUARINE WATER,0076,Temperature of Water,9.2,CELSIUS,2024-01-17
https://environment.data.gov.uk/water-quality/sampling-point/SW-73010260/sample/3504596/observation/0076,SW-73010260,TAW SHELLFISH WATER,247944,133012,SouthWest,SOUTH WEST - DEVON AND CORNWALL,ECMAS SAMPLING (DEVON AND CORNWALL),OPEN,SALINE WATER - DESIGNATED SHELLFISHERIES,2024-01-17 09:51:00,ENVIRONMENTAL MONITORING STATUTORY (EU DIRECTIVES),ESTUARINE WATER,0076,Temperature of Water,9,CELSIUS,2024-01-17
https://environment.data.gov.uk/water-quality/sampling-point/SW-73010388/sample/3504573/observation/0076,SW-73010388,TAW ESTUARY - OFF ASHFORD STW,253119,133989,SouthWest,SOUTH WEST - DEVON AND CORNWALL,ECMAS SAMPLING (DEVON AND CORNWALL),OPEN,SALINE WATER - ESTUARINE SITES - NON BATHING/SHELLFISH,2024-01-17 10:05:00,ENVIRONMENTAL MONITORING STATUTORY (EU DIRECTIVES),ESTUARINE WATER,0076,Temperature of Water,7.6,CELSIUS,2024-01-17
https://environment.data.gov.uk/water-quality/sampling-point/SW-7301GW01/sample/3505024/observation/0076,SW-7301GW01,WILLESLEIGH FARM SPRING,260180,133480,SouthWest,SOUTH WEST - DEVON AND CORNWALL,EAST DEVON AND CORNWALL,OPEN,GROUNDWATER - SPRING,2024-01-29 11:58:00,ENVIRONMENTAL MONITORING STATUTORY (EU DIRECTIVES),GROUNDWATER,0076,Temperature of Water,10.2,CELSIUS,2024-01-29
https://environment.data.gov.uk/water-quality/sampling-point/SW-73020110/sample/3504450/observation/0076,SW-73020110,RIVER TAW AT NEW BRIDGE,256990,128280,SouthWest,SOUTH WEST - DEVON AND CORNWALL,EAST DEVON AND CORNWALL,OPEN,FRESHWATER - RIVERS,2024-01-16 10:55:00,MONITORING  (NATIONAL AGENCY POLICY),RIVER / RUNNING SURFACE WATER,0076,Temperature of Water,3.9,CELSIUS,2024-01-16
https://environment.data.gov.uk/water-quality/sampling-point/SW-73020127/sample/3504472/observation/0076,SW-73020127,RIVER TAW AT CHAPELTON FOOTBRIDGE,258220,126100,SouthWest,SOUTH WEST - DEVON AND CORNWALL,EAST DEVON AND CORNWALL,OPEN,FRESHWATER - RIVERS,2024-01-16 10:30:00,MONITORING  (UK GOVT POLICY - NOT GQA OR RE),RIVER / RUNNING SURFACE WATER,0076,Temperature of Water,3.5,CELSIUS,2024-01-16
https://environment.data.gov.uk/water-quality/sampling-point/SW-73030002/sample/3503793/observation/0076,SW-73030002,"ARLA FOODS (BOREHOLE), TAW VALLEY CREAMERY,  NORTH TAWTON",265430,101080,SouthWest,SOUTH WEST - DEVON AND CORNWALL,EAST DEVON AND CORNWALL,OPEN,GROUNDWATER - BOREHOLE,2024-01-11 09:56:00,ENVIRONMENTAL MONITORING STATUTORY (EU DIRECTIVES),GROUNDWATER,0076,Temperature of Water,11.4,CELSIUS,2024-01-11
https://environment.data.gov.uk/water-quality/sampling-point/SW-73030120/sample/3503503/observation/0076,SW-73030120,RIVER TAW AT TAW BRIDGE,267294,106589,SouthWest,SOUTH WEST - DEVON AND CORNWALL,EAST DEVON AND CORNWALL,OPEN,FRESHWATER - RIVERS,2024-01-09 10:07:00,MONITORING  (UK GOVT POLICY - NOT GQA OR RE),RIVER / RUNNING SURFACE WATER,0076,Temperature of Water,4.5,CELSIUS,2024-01-09
https://environment.data.gov.uk/water-quality/sampling-point/SW-73030162/sample/3503827/observation/0076,SW-73030162,RIVER TAW ABOVE NORTH TAWTON STW,265420,101930,SouthWest,SOUTH WEST - DEVON AND CORNWALL,EAST DEVON AND CORNWALL,OPEN,FRESHWATER - RIVERS,2024-01-11 10:03:00,PLANNED INVESTIGATION (LOCAL MONITORING),RIVER / RUNNING SURFACE WATER,0076,Temperature of Water,5,CELSIUS,2024-01-11
https://environment.data.gov.uk/water-quality/sampling-point/SW-73030162/sample/3505139/observation/0076,SW-73030162,RIVER TAW ABOVE NORTH TAWTON STW,265420,101930,SouthWest,SOUTH WEST - DEVON AND CORNWALL,EAST DEVON AND CORNWALL,OPEN,FRESHWATER - RIVERS,2024-01-30 12:38:00,PLANNED INVESTIGATION (LOCAL MONITORING),RIVER / RUNNING SURFACE WATER,0076,Temperature of Water,8.3,CELSIUS,2024-01-30
https://environment.data.gov.uk/water-quality/sampling-point/SW-73030183/sample/3503826/observation/0076,SW-73030183,ARLA FOODS (TAW VALLEY CREAMERY) - SITE DRAINAGE,265510,101520,SouthWest,SOUTH WEST - DEVON AND CORNWALL,EAST DEVON AND CORNWALL,OPEN,TRADE DISCHARGES - SITE DRAINAGE,2024-01-11 10:18:00,PLANNED INVESTIGATION (LOCAL MONITORING),ANY TRADE EFFLUENT,0076,Temperature of Water,8.2,CELSIUS,2024-01-11
https://environment.data.gov.uk/water-quality/sampling-point/SW-73030183/sample/3505140/observation/0076,SW-73030183,ARLA FOODS (TAW VALLEY CREAMERY) - SITE DRAINAGE,265510,101520,SouthWest,SOUTH WEST - DEVON AND CORNWALL,EAST DEVON AND CORNWALL,OPEN,TRADE DISCHARGES - SITE DRAINAGE,2024-01-30 12:51:00,PLANNED INVESTIGATION (LOCAL MONITORING),ANY WATER,0076,Temperature of Water,12.9,CELSIUS,2024-01-30
https://environment.data.gov.uk/water-quality/sampling-point/SW-73030189/sample/3503825/observation/0076,SW-73030189,"RIVER TAW ABOVE ARLA FOODS DISCHARGE, N. TAWTON",265631,101657,SouthWest,SOUTH WEST - DEVON AND CORNWALL,EAST DEVON AND CORNWALL,OPEN,FRESHWATER - RIVERS,2024-01-11 10:28:00,PLANNED INVESTIGATION (LOCAL MONITORING),RIVER / RUNNING SURFACE WATER,0076,Temperature of Water,5,CELSIUS,2024-01-11
https://environment.data.gov.uk/water-quality/sampling-point/SW-73030189/sample/3505141/observation/0076,SW-73030189,"RIVER TAW ABOVE ARLA FOODS DISCHARGE, N. TAWTON",265631,101657,SouthWest,SOUTH WEST - DEVON AND CORNWALL,EAST DEVON AND CORNWALL,OPEN,FRESHWATER - RIVERS,2024-01-30 13:00:00,PLANNED INVESTIGATION (LOCAL MONITORING),RIVER / RUNNING SURFACE WATER,0076,Temperature of Water,8.2,CELSIUS,2024-01-30
https://environment.data.gov.uk/water-quality/sampling-point/SW-73060254/sample/3504451/observation/0076,SW-73060254,RIVER MOLE BELOW NORTH MOLTON STW,274580,129540,SouthWest,SOUTH WEST - DEVON AND CORNWALL,EAST DEVON AND CORNWALL,OPEN,FRESHWATER - RIVERS,2024-01-16 12:09:00,PLANNED INVESTIGATION (LOCAL MONITORING),RIVER / RUNNING SURFACE WATER,0076,Temperature of Water,5.3,CELSIUS,2024-01-16
https://environment.data.gov.uk/water-quality/sampling-point/SW-73060277/sample/3504473/observation/0076,SW-73060277,RIVER MOLE AT NORTH MOLTON ABOVE NORTH MOLTON STW                          OTHER HISTORIC DATA ON R30F026 & WSTW3218A,274370,129834,SouthWest,SOUTH WEST - DEVON AND CORNWALL,EAST DEVON AND CORNWALL,OPEN,FRESHWATER - RIVERS,2024-01-16 12:18:00,PLANNED INVESTIGATION (LOCAL MONITORING),RIVER / RUNNING SURFACE WATER,0076,Temperature of Water,6,CELSIUS,2024-01-16
https://environment.data.gov.uk/water-quality/sampling-point/SW-73060314/sample/3504443/observation/0076,SW-73060314,HEASLEY MILL   RIVER MOLE,273800,132200,SouthWest,SOUTH WEST - DEVON AND CORNWALL,EAST DEVON AND CORNWALL,OPEN,FRESHWATER - RIVERS,2024-01-16 13:12:00,MONITORING  (UK GOVT POLICY - NOT GQA OR RE),RIVER / RUNNING SURFACE WATER,0076,Temperature of Water,6.6,CELSIUS,2024-01-16
https://environment.data.gov.uk/water-quality/sampling-point/SW-73060314/sample/3504746/observation/0076,SW-73060314,HEASLEY MILL   RIVER MOLE,273800,132200,SouthWest,SOUTH WEST - DEVON AND CORNWALL,EAST DEVON AND CORNWALL,OPEN,FRESHWATER - RIVERS,2024-01-22 13:30:00,MONITORING  (UK GOVT POLICY - NOT GQA OR RE),RIVER / RUNNING SURFACE WATER,0076,Temperature of Water,8.2,CELSIUS,2024-01-22
https://environment.data.gov.uk/water-quality/sampling-point/SW-73060314/sample/3505045/observation/0076,SW-73060314,HEASLEY MILL   RIVER MOLE,273800,132200,SouthWest,SOUTH WEST - DEVON AND CORNWALL,EAST DEVON AND CORNWALL,OPEN,FRESHWATER - RIVERS,2024-01-29 13:39:00,MONITORING  (UK GOVT POLICY - NOT GQA OR RE),RIVER / RUNNING SURFACE WATER,0076,Temperature of Water,10.2,CELSIUS,2024-01-29
https://environment.data.gov.uk/water-quality/sampling-point/SW-73063264/sample/3503602/observation/0076,SW-73063264,RIVER YEO (MOLLAND) AT BOTTREAUX MILL,282110,126380,SouthWest,SOUTH WEST - DEVON AND CORNWALL,EAST DEVON AND CORNWALL,OPEN,FRESHWATER - RIVERS,2024-01-10 11:24:00,MONITORING  (UK GOVT POLICY - NOT GQA OR RE),RIVER / RUNNING SURFACE WATER,0076,Temperature of Water,5,CELSIUS,2024-01-10
https://environment.data.gov.uk/water-quality/sampling-point/SW-73063264/sample/3504316/observation/0076,SW-73063264,RIVER YEO (MOLLAND) AT BOTTREAUX MILL,282110,126380,SouthWest,SOUTH WEST - DEVON AND CORNWALL,EAST DEVON AND CORNWALL,OPEN,FRESHWATER - RIVERS,2024-01-15 11:20:00,MONITORING  (UK GOVT POLICY - NOT GQA OR RE),RIVER / RUNNING SURFACE WATER,0076,Temperature of Water,4.6,CELSIUS,2024-01-15
https://environment.data.gov.uk/water-quality/sampling-point/SW-73063264/sample/3504753/observation/0076,SW-73063264,RIVER YEO (MOLLAND) AT BOTTREAUX MILL,282110,126380,SouthWest,SOUTH WEST - DEVON AND CORNWALL,EAST DEVON AND CORNWALL,OPEN,FRESHWATER - RIVERS,2024-01-22 15:35:00,MONITORING  (UK GOVT POLICY - NOT GQA OR RE),RIVER / RUNNING SURFACE WATER,0076,Temperature of Water,7.5,CELSIUS,2024-01-22
https://environment.data.gov.uk/water-quality/sampling-point/SW-73063264/sample/3505049/observation/0076,SW-73063264,RIVER YEO (MOLLAND) AT BOTTREAUX MILL,282110,126380,SouthWest,SOUTH WEST - DEVON AND CORNWALL,EAST DEVON AND CORNWALL,OPEN,FRESHWATER - RIVERS,2024-01-29 09:53:00,MONITORING  (UK GOVT POLICY - NOT GQA OR RE),RIVER / RUNNING SURFACE WATER,0076,Temperature of Water,9.8,CELSIUS,2024-01-29
https://environment.data.gov.uk/water-quality/sampling-point/SW-73070186/sample/3502702/observation/0076,SW-73070186,RIVER BRAY AT LEEHAM FORD,267739,139911,SouthWest,SOUTH WEST - DEVON AND CORNWALL,EAST DEVON AND CORNWALL,OPEN,FRESHWATER - RIVERS,2024-01-02 13:54:00,MONITORING  (NATIONAL AGENCY POLICY),RIVER / RUNNING SURFACE WATER,0076,Temperature of Water,9.9,CELSIUS,2024-01-02
https://environment.data.gov.uk/water-quality/sampling-point/SW-73070503/sample/3502703/observation/0076,SW-73070503,RIVER HOLEWATER (MOLLAND) AT LINKLEYHAM BRIDGE,269602,132512,SouthWest,SOUTH WEST - DEVON AND CORNWALL,EAST DEVON AND CORNWALL,OPEN,FRESHWATER - RIVERS,2024-01-02 14:22:00,MONITORING  (UK GOVT POLICY - NOT GQA OR RE),RIVER / RUNNING SURFACE WATER,0076,Temperature of Water,10.3,CELSIUS,2024-01-02
https://environment.data.gov.uk/water-quality/sampling-point/SW-73070503/sample/3503392/observation/0076,SW-73070503,RIVER HOLEWATER (MOLLAND) AT LINKLEYHAM BRIDGE,269602,132512,SouthWest,SOUTH WEST - DEVON AND CORNWALL,EAST DEVON AND CORNWALL,OPEN,FRESHWATER - RIVERS,2024-01-08 15:11:00,MONITORING  (UK GOVT POLICY - NOT GQA OR RE),RIVER / RUNNING SURFACE WATER,0076,Temperature of Water,6.7,CELSIUS,2024-01-08
https://environment.data.gov.uk/water-quality/sampling-point/SW-73070503/sample/3504474/observation/0076,SW-73070503,RIVER HOLEWATER (MOLLAND) AT LINKLEYHAM BRIDGE,269602,132512,SouthWest,SOUTH WEST - DEVON AND CORNWALL,EAST DEVON AND CORNWALL,OPEN,FRESHWATER - RIVERS,2024-01-16 12:37:00,MONITORING  (UK GOVT POLICY - NOT GQA OR RE),RIVER / RUNNING SURFACE WATER,0076,Temperature of Water,5.6,CELSIUS,2024-01-16
https://environment.data.gov.uk/water-quality/sampling-point/SW-73070503/sample/3504771/observation/0076,SW-73070503,RIVER HOLEWATER (MOLLAND) AT LINKLEYHAM BRIDGE,269602,132512,SouthWest,SOUTH WEST - DEVON AND CORNWALL,EAST DEVON AND CORNWALL,OPEN,FRESHWATER - RIVERS,2024-01-22 14:16:00,MONITORING  (UK GOVT POLICY - NOT GQA OR RE),RIVER / RUNNING SURFACE WATER,0076,Temperature of Water,8.1,CELSIUS,2024-01-22
https://environment.data.gov.uk/water-quality/sampling-point/SW-73070503/sample/3505067/observation/0076,SW-73070503,RIVER HOLEWATER (MOLLAND) AT LINKLEYHAM BRIDGE,269602,132512,SouthWest,SOUTH WEST - DEVON AND CORNWALL,EAST DEVON AND CORNWALL,OPEN,FRESHWATER - RIVERS,2024-01-29 13:56:00,MONITORING  (UK GOVT POLICY - NOT GQA OR RE),RIVER / RUNNING SURFACE WATER,0076,Temperature of Water,10.3,CELSIUS,2024-01-29
https://environment.data.gov.uk/water-quality/sampling-point/SW-73080442/sample/3503393/observation/0076,SW-73080442,RIVER YEO (BARNSTAPLE) AT COLLARD BRIDGE,259552,135665,SouthWest,SOUTH WEST - DEVON AND CORNWALL,EAST DEVON AND CORNWALL,OPEN,FRESHWATER - RIVERS,2024-01-08 16:37:00,MONITORING  (UK GOVT POLICY - NOT GQA OR RE),RIVER / RUNNING SURFACE WATER,0076,Temperature of Water,6.8,CELSIUS,2024-01-08
https://environment.data.gov.uk/water-quality/sampling-point/SW-8048GW01/sample/3502723/observation/0076,SW-8048GW01,TREGENNA FARM,194650,40650,SouthWest,SOUTH WEST - DEVON AND CORNWALL,WEST DEVON AND CORNWALL,OPEN,GROUNDWATER - BOREHOLE,2024-01-03 11:03:00,ENVIRONMENTAL MONITORING STATUTORY (EU DIRECTIVES),GROUNDWATER - PURGED/PUMPED/REFILLED,0076,Temperature of Water,10.3,CELSIUS,2024-01-03
https://environment.data.gov.uk/water-quality/sampling-point/SW-8048GW05/sample/3504400/observation/0076,SW-8048GW05,TREWILLIS FARM,177850,17480,SouthWest,SOUTH WEST - DEVON AND CORNWALL,WEST DEVON AND CORNWALL,OPEN,GROUNDWATER - BOREHOLE,2024-01-16 13:10:00,ENVIRONMENTAL MONITORING STATUTORY (EU DIRECTIVES),GROUNDWATER - PURGED/PUMPED/REFILLED,0076,Temperature of Water,11.7,CELSIUS,2024-01-16
https://environment.data.gov.uk/water-quality/sampling-point/SW-8049GW01/sample/3503563/observation/0076,SW-8049GW01,BINNERTON MANOR,160800,33100,SouthWest,SOUTH WEST - DEVON AND CORNWALL,WEST DEVON AND CORNWALL,OPEN,GROUNDWATER - WELLS & ADITS,2024-01-10 14:10:00,ENVIRONMENTAL MONITORING STATUTORY (EU DIRECTIVES),GROUNDWATER - STATIC/UNPURGED,0076,Temperature of Water,7.8,CELSIUS,2024-01-10
https://environment.data.gov.uk/water-quality/sampling-point/SW-81010117/sample/3503267/observation/0076,SW-81010117,YEALM ESTUARY 100M DOWNSTREAM OF INTERNATIONAL PAINTS DISCHARGE,254000,47900,SouthWest,SOUTH WEST - DEVON AND CORNWALL,ECMAS SAMPLING (DEVON AND CORNWALL),OPEN,SALINE WATER - ESTUARINE SITES - NON BATHING/SHELLFISH,2024-01-05 12:14:00,ENVIRONMENTAL MONITORING STATUTORY (EU DIRECTIVES),ESTUARINE WATER,0076,Temperature of Water,11,CELSIUS,2024-01-05
https://environment.data.gov.uk/water-quality/sampling-point/SW-81010117/sample/3505123/observation/0076,SW-81010117,YEALM ESTUARY 100M DOWNSTREAM OF INTERNATIONAL PAINTS DISCHARGE,254000,47900,SouthWest,SOUTH WEST - DEVON AND CORNWALL,ECMAS SAMPLING (DEVON AND CORNWALL),OPEN,SALINE WATER - ESTUARINE SITES - NON BATHING/SHELLFISH,2024-01-30 11:08:00,ENVIRONMENTAL MONITORING STATUTORY (EU DIRECTIVES),ESTUARINE WATER,0076,Temperature of Water,9.7,CELSIUS,2024-01-30
https://environment.data.gov.uk/water-quality/sampling-point/SW-81010221/sample/3503780/observation/0076,SW-81010221,NEWTON STREAM AT BRIDGEND (U/S TRIBS),255576,48196,SouthWest,SOUTH WEST - DEVON AND CORNWALL,CENTRAL DEVON AND CORNWALL,OPEN,FRESHWATER - RIVERS,2024-01-11 13:02:00,MONITORING  (UK GOVT POLICY - NOT GQA OR RE),RIVER / RUNNING SURFACE WATER,0076,Temperature of Water,7.9,CELSIUS,2024-01-11
https://environment.data.gov.uk/water-quality/sampling-point/SW-81010221/sample/3504464/observation/0076,SW-81010221,NEWTON STREAM AT BRIDGEND (U/S TRIBS),255576,48196,SouthWest,SOUTH WEST - DEVON AND CORNWALL,CENTRAL DEVON AND CORNWALL,OPEN,FRESHWATER - RIVERS,2024-01-16 11:49:00,MONITORING  (UK GOVT POLICY - NOT GQA OR RE),RIVER / RUNNING SURFACE WATER,0076,Temperature of Water,5.7,CELSIUS,2024-01-16
https://environment.data.gov.uk/water-quality/sampling-point/SW-81010221/sample/3504832/observation/0076,SW-81010221,NEWTON STREAM AT BRIDGEND (U/S TRIBS),255576,48196,SouthWest,SOUTH WEST - DEVON AND CORNWALL,CENTRAL DEVON AND CORNWALL,OPEN,FRESHWATER - RIVERS,2024-01-23 13:51:00,MONITORING  (UK GOVT POLICY - NOT GQA OR RE),RIVER / RUNNING SURFACE WATER,0076,Temperature of Water,10.4,CELSIUS,2024-01-23
https://environment.data.gov.uk/water-quality/sampling-point/SW-81010221/sample/3505062/observation/0076,SW-81010221,NEWTON STREAM AT BRIDGEND (U/S TRIBS),255576,48196,SouthWest,SOUTH WEST - DEVON AND CORNWALL,CENTRAL DEVON AND CORNWALL,OPEN,FRESHWATER - RIVERS,2024-01-29 10:51:00,MONITORING  (UK GOVT POLICY - NOT GQA OR RE),RIVER / RUNNING SURFACE WATER,0076,Temperature of Water,10.5,CELSIUS,2024-01-29
https://environment.data.gov.uk/water-quality/sampling-point/SW-81010236/sample/3507801/observation/0076,SW-81010236,NEWTON FERRERS  S T W - EFFLUENT,256680,48390,SouthWest,SOUTH WEST - DEVON AND CORNWALL,CENTRAL DEVON AND CORNWALL,OPEN,SEWAGE DISCHARGES - FINAL/TREATED EFFLUENT - WATER COMPANY,2024-01-10 09:20:00,WATER QUALITY OPERATOR SELF MONITORING COMPLIANCE DATA,FINAL SEWAGE EFFLUENT,0076,Temperature of Water,4,CELSIUS,2024-01-10
https://environment.data.gov.uk/water-quality/sampling-point/SW-81010238/sample/3504798/observation/0076,SW-81010238,NEWTON STREAM ABOVE NEWTON FERRERS STW,256716,48416,SouthWest,SOUTH WEST - DEVON AND CORNWALL,CENTRAL DEVON AND CORNWALL,OPEN,FRESHWATER - RIVERS,2024-01-23 13:36:00,MONITORING  (NATIONAL AGENCY POLICY),RIVER / RUNNING SURFACE WATER,0076,Temperature of Water,10.6,CELSIUS,2024-01-23
https://environment.data.gov.uk/water-quality/sampling-point/SW-81020105/sample/3503781/observation/0076,SW-81020105,R YEALM AT PUSLINCH GAUGING STATION,257400,51120,SouthWest,SOUTH WEST - DEVON AND CORNWALL,CENTRAL DEVON AND CORNWALL,OPEN,FRESHWATER - RIVERS,2024-01-11 13:35:00,MONITORING  (UK GOVT POLICY - NOT GQA OR RE),RIVER / RUNNING SURFACE WATER,0076,Temperature of Water,6.8,CELSIUS,2024-01-11
https://environment.data.gov.uk/water-quality/sampling-point/SW-81020105/sample/3504465/observation/0076,SW-81020105,R YEALM AT PUSLINCH GAUGING STATION,257400,51120,SouthWest,SOUTH WEST - DEVON AND CORNWALL,CENTRAL DEVON AND CORNWALL,OPEN,FRESHWATER - RIVERS,2024-01-16 12:10:00,MONITORING  (UK GOVT POLICY - NOT GQA OR RE),RIVER / RUNNING SURFACE WATER,0076,Temperature of Water,5.1,CELSIUS,2024-01-16
https://environment.data.gov.uk/water-quality/sampling-point/SW-81020105/sample/3504833/observation/0076,SW-81020105,R YEALM AT PUSLINCH GAUGING STATION,257400,51120,SouthWest,SOUTH WEST - DEVON AND CORNWALL,CENTRAL DEVON AND CORNWALL,OPEN,FRESHWATER - RIVERS,2024-01-23 12:58:00,MONITORING  (UK GOVT POLICY - NOT GQA OR RE),RIVER / RUNNING SURFACE WATER,0076,Temperature of Water,9.5,CELSIUS,2024-01-23
https://environment.data.gov.uk/water-quality/sampling-point/SW-81020105/sample/3505063/observation/0076,SW-81020105,R YEALM AT PUSLINCH GAUGING STATION,257400,51120,SouthWest,SOUTH WEST - DEVON AND CORNWALL,CENTRAL DEVON AND CORNWALL,OPEN,FRESHWATER - RIVERS,2024-01-29 11:19:00,MONITORING  (UK GOVT POLICY - NOT GQA OR RE),RIVER / RUNNING SURFACE WATER,0076,Temperature of Water,10.3,CELSIUS,2024-01-29
https://environment.data.gov.uk/water-quality/sampling-point/SW-81020165/sample/3503782/observation/0076,SW-81020165,RIVER YEALM AT FARDEL MILL FARM BRIDGE,260248,57192,SouthWest,SOUTH WEST - DEVON AND CORNWALL,CENTRAL DEVON AND CORNWALL,OPEN,FRESHWATER - RIVERS,2024-01-11 14:11:00,MONITORING  (UK GOVT POLICY - NOT GQA OR RE),RIVER / RUNNING SURFACE WATER,0076,Temperature of Water,6.3,CELSIUS,2024-01-11
https://environment.data.gov.uk/water-quality/sampling-point/SW-81020165/sample/3504466/observation/0076,SW-81020165,RIVER YEALM AT FARDEL MILL FARM BRIDGE,260248,57192,SouthWest,SOUTH WEST - DEVON AND CORNWALL,CENTRAL DEVON AND CORNWALL,OPEN,FRESHWATER - RIVERS,2024-01-16 13:01:00,MONITORING  (UK GOVT POLICY - NOT GQA OR RE),RIVER / RUNNING SURFACE WATER,0076,Temperature of Water,5.3,CELSIUS,2024-01-16
https://environment.data.gov.uk/water-quality/sampling-point/SW-81020165/sample/3504834/observation/0076,SW-81020165,RIVER YEALM AT FARDEL MILL FARM BRIDGE,260248,57192,SouthWest,SOUTH WEST - DEVON AND CORNWALL,CENTRAL DEVON AND CORNWALL,OPEN,FRESHWATER - RIVERS,2024-01-23 12:17:00,MONITORING  (UK GOVT POLICY - NOT GQA OR RE),RIVER / RUNNING SURFACE WATER,0076,Temperature of Water,8.8,CELSIUS,2024-01-23
https://environment.data.gov.uk/water-quality/sampling-point/SW-81020165/sample/3505064/observation/0076,SW-81020165,RIVER YEALM AT FARDEL MILL FARM BRIDGE,260248,57192,SouthWest,SOUTH WEST - DEVON AND CORNWALL,CENTRAL DEVON AND CORNWALL,OPEN,FRESHWATER - RIVERS,2024-01-29 11:52:00,MONITORING  (UK GOVT POLICY - NOT GQA OR RE),RIVER / RUNNING SURFACE WATER,0076,Temperature of Water,10.1,CELSIUS,2024-01-29
https://environment.data.gov.uk/water-quality/sampling-point/SW-81020186/sample/3502704/observation/0076,SW-81020186,RIVER YEALM AT HELE CROSS,261454,60887,SouthWest,SOUTH WEST - DEVON AND CORNWALL,CENTRAL DEVON AND CORNWALL,OPEN,FRESHWATER - RIVERS,2024-01-02 13:23:00,MONITORING  (UK GOVT POLICY - NOT GQA OR RE),RIVER / RUNNING SURFACE WATER,0076,Temperature of Water,10.1,CELSIUS,2024-01-02
https://environment.data.gov.uk/water-quality/sampling-point/SW-81020186/sample/3503394/observation/0076,SW-81020186,RIVER YEALM AT HELE CROSS,261454,60887,SouthWest,SOUTH WEST - DEVON AND CORNWALL,CENTRAL DEVON AND CORNWALL,OPEN,FRESHWATER - RIVERS,2024-01-08 13:35:00,MONITORING  (UK GOVT POLICY - NOT GQA OR RE),RIVER / RUNNING SURFACE WATER,0076,Temperature of Water,6.3,CELSIUS,2024-01-08
https://environment.data.gov.uk/water-quality/sampling-point/SW-81020186/sample/3504357/observation/0076,SW-81020186,RIVER YEALM AT HELE CROSS,261454,60887,SouthWest,SOUTH WEST - DEVON AND CORNWALL,CENTRAL DEVON AND CORNWALL,OPEN,FRESHWATER - RIVERS,2024-01-15 12:12:00,MONITORING  (UK GOVT POLICY - NOT GQA OR RE),RIVER / RUNNING SURFACE WATER,0076,Temperature of Water,6.4,CELSIUS,2024-01-15
https://environment.data.gov.uk/water-quality/sampling-point/SW-81020186/sample/3504772/observation/0076,SW-81020186,RIVER YEALM AT HELE CROSS,261454,60887,SouthWest,SOUTH WEST - DEVON AND CORNWALL,CENTRAL DEVON AND CORNWALL,OPEN,FRESHWATER - RIVERS,2024-01-22 13:49:00,MONITORING  (UK GOVT POLICY - NOT GQA OR RE),RIVER / RUNNING SURFACE WATER,0076,Temperature of Water,8,CELSIUS,2024-01-22
https://environment.data.gov.uk/water-quality/sampling-point/SW-81020186/sample/3505068/observation/0076,SW-81020186,RIVER YEALM AT HELE CROSS,261454,60887,SouthWest,SOUTH WEST - DEVON AND CORNWALL,CENTRAL DEVON AND CORNWALL,OPEN,FRESHWATER - RIVERS,2024-01-29 12:45:00,MONITORING  (UK GOVT POLICY - NOT GQA OR RE),RIVER / RUNNING SURFACE WATER,0076,Temperature of Water,9.8,CELSIUS,2024-01-29
https://environment.data.gov.uk/water-quality/sampling-point/SW-81020802/sample/3503783/observation/0076,SW-81020802,RIVER PIALL AT MARKS BRIDGE,260142,57148,SouthWest,SOUTH WEST - DEVON AND CORNWALL,CENTRAL DEVON AND CORNWALL,OPEN,FRESHWATER - RIVERS,2024-01-11 14:03:00,MONITORING  (UK GOVT POLICY - NOT GQA OR RE),RIVER / RUNNING SURFACE WATER,0076,Temperature of Water,6.3,CELSIUS,2024-01-11
https://environment.data.gov.uk/water-quality/sampling-point/SW-81020802/sample/3504358/observation/0076,SW-81020802,RIVER PIALL AT MARKS BRIDGE,260142,57148,SouthWest,SOUTH WEST - DEVON AND CORNWALL,CENTRAL DEVON AND CORNWALL,OPEN,FRESHWATER - RIVERS,2024-01-15 12:37:00,MONITORING  (NATIONAL AGENCY POLICY),RIVER / RUNNING SURFACE WATER,0076,Temperature of Water,6.5,CELSIUS,2024-01-15
https://environment.data.gov.uk/water-quality/sampling-point/SW-81020802/sample/3504467/observation/0076,SW-81020802,RIVER PIALL AT MARKS BRIDGE,260142,57148,SouthWest,SOUTH WEST - DEVON AND CORNWALL,CENTRAL DEVON AND CORNWALL,OPEN,FRESHWATER - RIVERS,2024-01-16 13:09:00,MONITORING  (UK GOVT POLICY - NOT GQA OR RE),RIVER / RUNNING SURFACE WATER,0076,Temperature of Water,5.5,CELSIUS,2024-01-16
https://environment.data.gov.uk/water-quality/sampling-point/SW-81020802/sample/3504835/observation/0076,SW-81020802,RIVER PIALL AT MARKS BRIDGE,260142,57148,SouthWest,SOUTH WEST - DEVON AND CORNWALL,CENTRAL DEVON AND CORNWALL,OPEN,FRESHWATER - RIVERS,2024-01-23 12:30:00,MONITORING  (UK GOVT POLICY - NOT GQA OR RE),RIVER / RUNNING SURFACE WATER,0076,Temperature of Water,9.3,CELSIUS,2024-01-23
https://environment.data.gov.uk/water-quality/sampling-point/SW-81020802/sample/3505065/observation/0076,SW-81020802,RIVER PIALL AT MARKS BRIDGE,260142,57148,SouthWest,SOUTH WEST - DEVON AND CORNWALL,CENTRAL DEVON AND CORNWALL,OPEN,FRESHWATER - RIVERS,2024-01-29 11:42:00,MONITORING  (UK GOVT POLICY - NOT GQA OR RE),RIVER / RUNNING SURFACE WATER,0076,Temperature of Water,10.3,CELSIUS,2024-01-29
https://environment.data.gov.uk/water-quality/sampling-point/SW-81020826/sample/3503238/observation/0076,SW-81020826,SLADE BRIDGE     PIALL RIVER,259971,58817,SouthWest,SOUTH WEST - DEVON AND CORNWALL,CENTRAL DEVON AND CORNWALL,OPEN,FRESHWATER - RIVERS,2024-01-04 11:49:00,PLANNED INVESTIGATION (LOCAL MONITORING),RIVER / RUNNING SURFACE WATER,0076,Temperature of Water,9.3,CELSIUS,2024-01-04
https://environment.data.gov.uk/water-quality/sampling-point/SW-81020847/sample/3504254/observation/0076,SW-81020847,RIVER PIALL AT ALMSHOUSE BRIDGE,259746,59563,SouthWest,SOUTH WEST - DEVON AND CORNWALL,CENTRAL DEVON AND CORNWALL,OPEN,FRESHWATER - RIVERS,2024-01-15 12:24:00,MONITORING  (NATIONAL AGENCY POLICY),RIVER / RUNNING SURFACE WATER,0076,Temperature of Water,6.7,CELSIUS,2024-01-15
https://environment.data.gov.uk/water-quality/sampling-point/SW-81110105/sample/3503285/observation/0076,SW-81110105,PLYM ESTUARY - CATTEWATER,249000,53400,SouthWest,SOUTH WEST - DEVON AND CORNWALL,ECMAS SAMPLING (DEVON AND CORNWALL),OPEN,SALINE WATER - ESTUARINE SITES - NON BATHING/SHELLFISH,2024-01-05 11:09:00,PLANNED INVESTIGATION (LOCAL MONITORING),ESTUARINE WATER,0076,Temperature of Water,10.8,CELSIUS,2024-01-05
https://environment.data.gov.uk/water-quality/sampling-point/SW-81110105/sample/3505115/observation/0076,SW-81110105,PLYM ESTUARY - CATTEWATER,249000,53400,SouthWest,SOUTH WEST - DEVON AND CORNWALL,ECMAS SAMPLING (DEVON AND CORNWALL),OPEN,SALINE WATER - ESTUARINE SITES - NON BATHING/SHELLFISH,2024-01-30 09:59:00,PLANNED INVESTIGATION (LOCAL MONITORING),ESTUARINE WATER,0076,Temperature of Water,9.5,CELSIUS,2024-01-30
https://environment.data.gov.uk/water-quality/sampling-point/SW-81120120/sample/3504575/observation/0076,SW-81120120,RIVER PLYM AT PLYM BRIDGE,252366,58732,SouthWest,SOUTH WEST - DEVON AND CORNWALL,CENTRAL DEVON AND CORNWALL,OPEN,FRESHWATER - RIVERS,2024-01-17 13:47:00,MONITORING  (UK GOVT POLICY - NOT GQA OR RE),RIVER / RUNNING SURFACE WATER,0076,Temperature of Water,5.7,CELSIUS,2024-01-17
https://environment.data.gov.uk/water-quality/sampling-point/SW-81120290/sample/3504253/observation/0076,SW-81120290,RIVER PLYM 100 METRES DOWNSTREAM OF CADOVER BRIDGE,255434,64539,SouthWest,SOUTH WEST - DEVON AND CORNWALL,CENTRAL DEVON AND CORNWALL,OPEN,FRESHWATER - RIVERS,2024-01-15 14:19:00,MONITORING  (NATIONAL AGENCY POLICY),RIVER / RUNNING SURFACE WATER,0076,Temperature of Water,5.4,CELSIUS,2024-01-15
https://environment.data.gov.uk/water-quality/sampling-point/SW-81120290/sample/3504871/observation/0076,SW-81120290,RIVER PLYM 100 METRES DOWNSTREAM OF CADOVER BRIDGE,255434,64539,SouthWest,SOUTH WEST - DEVON AND CORNWALL,CENTRAL DEVON AND CORNWALL,OPEN,FRESHWATER - RIVERS,2024-01-23 11:56:00,MONITORING  (NATIONAL AGENCY POLICY),RIVER / RUNNING SURFACE WATER,0076,Temperature of Water,8.3,CELSIUS,2024-01-23
https://environment.data.gov.uk/water-quality/sampling-point/SW-81121473/sample/3503335/observation/0076,SW-81121473,RIVER MEAVY AT WEIR ABOVE BURRATOR RESERVOIR,256647,69173,SouthWest,SOUTH WEST - DEVON AND CORNWALL,CENTRAL DEVON AND CORNWALL,OPEN,FRESHWATER - RIVERS,2024-01-08 12:01:00,MONITORING  (UK GOVT POLICY - NOT GQA OR RE),RIVER / RUNNING SURFACE WATER,0076,Temperature of Water,5.9,CELSIUS,2024-01-08
https://environment.data.gov.uk/water-quality/sampling-point/SW-81121473/sample/3504260/observation/0076,SW-81121473,RIVER MEAVY AT WEIR ABOVE BURRATOR RESERVOIR,256647,69173,SouthWest,SOUTH WEST - DEVON AND CORNWALL,CENTRAL DEVON AND CORNWALL,OPEN,FRESHWATER - RIVERS,2024-01-15 13:51:00,MONITORING  (UK GOVT POLICY - NOT GQA OR RE),RIVER / RUNNING SURFACE WATER,0076,Temperature of Water,7.1,CELSIUS,2024-01-15
https://environment.data.gov.uk/water-quality/sampling-point/SW-81121473/sample/3504720/observation/0076,SW-81121473,RIVER MEAVY AT WEIR ABOVE BURRATOR RESERVOIR,256647,69173,SouthWest,SOUTH WEST - DEVON AND CORNWALL,CENTRAL DEVON AND CORNWALL,OPEN,FRESHWATER - RIVERS,2024-01-22 13:18:00,MONITORING  (UK GOVT POLICY - NOT GQA OR RE),RIVER / RUNNING SURFACE WATER,0076,Temperature of Water,8,CELSIUS,2024-01-22
https://environment.data.gov.uk/water-quality/sampling-point/SW-81201106/sample/3502809/observation/0076,SW-81201106,RIVER CLAW AT TETCOTT BRIDGE,232721,96933,SouthWest,SOUTH WEST - DEVON AND CORNWALL,CENTRAL DEVON AND CORNWALL,OPEN,FRESHWATER - RIVERS,2024-01-03 12:53:00,MONITORING  (UK GOVT POLICY - NOT GQA OR RE),RIVER / RUNNING SURFACE WATER,0076,Temperature of Water,9.1,CELSIUS,2024-01-03
https://environment.data.gov.uk/water-quality/sampling-point/SW-81201106/sample/3503876/observation/0076,SW-81201106,RIVER CLAW AT TETCOTT BRIDGE,232721,96933,SouthWest,SOUTH WEST - DEVON AND CORNWALL,CENTRAL DEVON AND CORNWALL,OPEN,FRESHWATER - RIVERS,2024-01-12 10:55:00,MONITORING  (UK GOVT POLICY - NOT GQA OR RE),RIVER / RUNNING SURFACE WATER,0076,Temperature of Water,4.2,CELSIUS,2024-01-12
https://environment.data.gov.uk/water-quality/sampling-point/SW-81201106/sample/3504668/observation/0076,SW-81201106,RIVER CLAW AT TETCOTT BRIDGE,232721,96933,SouthWest,SOUTH WEST - DEVON AND CORNWALL,CENTRAL DEVON AND CORNWALL,OPEN,FRESHWATER - RIVERS,2024-01-18 12:28:00,MONITORING  (UK GOVT POLICY - NOT GQA OR RE),RIVER / RUNNING SURFACE WATER,0076,Temperature of Water,1.7,CELSIUS,2024-01-18
https://environment.data.gov.uk/water-quality/sampling-point/SW-81201106/sample/3504843/observation/0076,SW-81201106,RIVER CLAW AT TETCOTT BRIDGE,232721,96933,SouthWest,SOUTH WEST - DEVON AND CORNWALL,CENTRAL DEVON AND CORNWALL,OPEN,FRESHWATER - RIVERS,2024-01-23 11:04:00,MONITORING  (UK GOVT POLICY - NOT GQA OR RE),RIVER / RUNNING SURFACE WATER,0076,Temperature of Water,7.6,CELSIUS,2024-01-23
https://environment.data.gov.uk/water-quality/sampling-point/SW-81201143/sample/3504545/observation/0076,SW-81201143,RIVER CLAW AT CLAWTON BRIDGE,235330,99320,SouthWest,SOUTH WEST - DEVON AND CORNWALL,CENTRAL DEVON AND CORNWALL,OPEN,FRESHWATER - RIVERS,2024-01-17 12:47:00,PLANNED INVESTIGATION (LOCAL MONITORING),RIVER / RUNNING SURFACE WATER,0076,Temperature of Water,3,CELSIUS,2024-01-17
https://environment.data.gov.uk/water-quality/sampling-point/SW-81201402/sample/3502810/observation/0076,SW-81201402,RIVER DEER AT DEER BRIDGE,231956,97377,SouthWest,SOUTH WEST - DEVON AND CORNWALL,CENTRAL DEVON AND CORNWALL,OPEN,FRESHWATER - RIVERS,2024-01-03 12:42:00,PLANNED INVESTIGATION (LOCAL MONITORING),RIVER / RUNNING SURFACE WATER,0076,Temperature of Water,9.3,CELSIUS,2024-01-03
https://environment.data.gov.uk/water-quality/sampling-point/SW-81201470/sample/3504533/observation/0076,SW-81201470,RIVER DEER AT RYDON BRIDGE,233589,104127,SouthWest,SOUTH WEST - DEVON AND CORNWALL,CENTRAL DEVON AND CORNWALL,OPEN,FRESHWATER - RIVERS,2024-01-17 12:30:00,PLANNED INVESTIGATION (LOCAL MONITORING),RIVER / RUNNING SURFACE WATER,0076,Temperature of Water,3.8,CELSIUS,2024-01-17
https://environment.data.gov.uk/water-quality/sampling-point/SW-81210345/sample/3502780/observation/0076,SW-81210345,FIRESTONE BAY,246401,53499,SouthWest,SOUTH WEST - DEVON AND CORNWALL,CENTRAL DEVON AND CORNWALL,OPEN,SALINE WATER - DESIGNATED BATHING BEACHES,2024-01-03 15:00:00,PLANNED INVESTIGATION (LOCAL MONITORING),SEA WATER,0076,Temperature of Water,11.1,CELSIUS,2024-01-03
https://environment.data.gov.uk/water-quality/sampling-point/SW-81210345/sample/3504452/observation/0076,SW-81210345,FIRESTONE BAY,246401,53499,SouthWest,SOUTH WEST - DEVON AND CORNWALL,CENTRAL DEVON AND CORNWALL,OPEN,SALINE WATER - DESIGNATED BATHING BEACHES,2024-01-16 16:00:00,PLANNED INVESTIGATION (LOCAL MONITORING),SEA WATER,0076,Temperature of Water,8.4,CELSIUS,2024-01-16
https://environment.data.gov.uk/water-quality/sampling-point/SW-81210345/sample/3504815/observation/0076,SW-81210345,FIRESTONE BAY,246401,53499,SouthWest,SOUTH WEST - DEVON AND CORNWALL,CENTRAL DEVON AND CORNWALL,OPEN,SALINE WATER - DESIGNATED BATHING BEACHES,2024-01-23 15:24:00,PLANNED INVESTIGATION (LOCAL MONITORING),SEA WATER,0076,Temperature of Water,10.7,CELSIUS,2024-01-23
https://environment.data.gov.uk/water-quality/sampling-point/SW-81210345/sample/3505104/observation/0076,SW-81210345,FIRESTONE BAY,246401,53499,SouthWest,SOUTH WEST - DEVON AND CORNWALL,CENTRAL DEVON AND CORNWALL,OPEN,SALINE WATER - DESIGNATED BATHING BEACHES,2024-01-30 15:29:00,PLANNED INVESTIGATION (LOCAL MONITORING),SEA WATER,0076,Temperature of Water,9.5,CELSIUS,2024-01-30
https://environment.data.gov.uk/water-quality/sampling-point/SW-81211235/sample/3503762/observation/0076,SW-81211235,ST JOHN'S LAKE AT ST JOHN,240896,53714,SouthWest,SOUTH WEST - DEVON AND CORNWALL,CENTRAL DEVON AND CORNWALL,OPEN,FRESHWATER - RIVERS,2024-01-11 15:37:00,PLANNED INVESTIGATION (LOCAL MONITORING),RIVER / RUNNING SURFACE WATER,0076,Temperature of Water,8.1,CELSIUS,2024-01-11
https://environment.data.gov.uk/water-quality/sampling-point/SW-81211236/sample/3503763/observation/0076,SW-81211236,SCONNER LAKE AT SHEVIOCK,236014,55275,SouthWest,SOUTH WEST - DEVON AND CORNWALL,CENTRAL DEVON AND CORNWALL,OPEN,FRESHWATER - RIVERS,2024-01-11 15:53:00,PLANNED INVESTIGATION (LOCAL MONITORING),RIVER / RUNNING SURFACE WATER,0076,Temperature of Water,8.1,CELSIUS,2024-01-11
https://environment.data.gov.uk/water-quality/sampling-point/SW-81211237/sample/3503764/observation/0076,SW-81211237,POLBATHIC LAKE AT POLBATHIC (MOVED 240M U/S 01-07-25),234665,56964,SouthWest,SOUTH WEST - DEVON AND CORNWALL,CENTRAL DEVON AND CORNWALL,OPEN,FRESHWATER - RIVERS,2024-01-11 16:05:00,PLANNED INVESTIGATION (LOCAL MONITORING),RIVER / RUNNING SURFACE WATER,0076,Temperature of Water,8.3,CELSIUS,2024-01-11
https://environment.data.gov.uk/water-quality/sampling-point/SW-81211237/sample/3505011/observation/0076,SW-81211237,POLBATHIC LAKE AT POLBATHIC (MOVED 240M U/S 01-07-25),234665,56964,SouthWest,SOUTH WEST - DEVON AND CORNWALL,CENTRAL DEVON AND CORNWALL,OPEN,FRESHWATER - RIVERS,2024-01-26 14:38:00,PLANNED INVESTIGATION (LOCAL MONITORING),RIVER / RUNNING SURFACE WATER,0076,Temperature of Water,9.5,CELSIUS,2024-01-26
https://environment.data.gov.uk/water-quality/sampling-point/SW-81211640/sample/3503208/observation/0076,SW-81211640,LYNHER ESTUARY - MID ESTUARY,240000,56000,SouthWest,SOUTH WEST - DEVON AND CORNWALL,CENTRAL DEVON AND CORNWALL,OPEN,SALINE WATER - ESTUARINE SITES - NON BATHING/SHELLFISH,2024-01-04 11:20:00,PLANNED INVESTIGATION (LOCAL MONITORING),ESTUARINE WATER,0076,Temperature of Water,9.85,CELSIUS,2024-01-04
https://environment.data.gov.uk/water-quality/sampling-point/SW-81211660/sample/3503209/observation/0076,SW-81211660,LYNHER ESTUARY - BY SHEVIOCK WOOD,237450,56250,SouthWest,SOUTH WEST - DEVON AND CORNWALL,CENTRAL DEVON AND CORNWALL,OPEN,SALINE WATER - ESTUARINE SITES - NON BATHING/SHELLFISH,2024-01-04 11:37:00,PLANNED INVESTIGATION (LOCAL MONITORING),ESTUARINE WATER,0076,Temperature of Water,9.66,CELSIUS,2024-01-04
https://environment.data.gov.uk/water-quality/sampling-point/SW-81220015/sample/3504461/observation/0076,SW-81220015,KINGSMILL LAKE AT ZIGGARSON WOOD,241149,62313,SouthWest,SOUTH WEST - DEVON AND CORNWALL,CENTRAL DEVON AND CORNWALL,OPEN,FRESHWATER - RIVERS,2024-01-16 13:52:00,PLANNED INVESTIGATION (LOCAL MONITORING),RIVER / RUNNING SURFACE WATER,0076,Temperature of Water,5.6,CELSIUS,2024-01-16
https://environment.data.gov.uk/water-quality/sampling-point/SW-81220164/sample/3503264/observation/0076,SW-81220164,TAMAR SHELL FISH WATER,243800,61000,SouthWest,SOUTH WEST - DEVON AND CORNWALL,ECMAS SAMPLING (DEVON AND CORNWALL),OPEN,SALINE WATER - DESIGNATED SHELLFISHERIES,2024-01-04 10:16:00,PLANNED INVESTIGATION (LOCAL MONITORING),SEA WATER,0076,Temperature of Water,10,CELSIUS,2024-01-04
https://environment.data.gov.uk/water-quality/sampling-point/SW-81220210/sample/3503211/observation/0076,SW-81220210,TAMAR ESTUARY - MID ESTUARY,243400,63950,SouthWest,SOUTH WEST - DEVON AND CORNWALL,CENTRAL DEVON AND CORNWALL,OPEN,SALINE WATER - ESTUARINE SITES - NON BATHING/SHELLFISH,2024-01-04 10:27:00,PLANNED INVESTIGATION (LOCAL MONITORING),ESTUARINE WATER,0076,Temperature of Water,9.9,CELSIUS,2024-01-04
https://environment.data.gov.uk/water-quality/sampling-point/SW-81220281/sample/3503212/observation/0076,SW-81220281,TAMAR ESTUARY - BY CALSTOCK,242950,68800,SouthWest,SOUTH WEST - DEVON AND CORNWALL,CENTRAL DEVON AND CORNWALL,OPEN,SALINE WATER - ESTUARINE SITES - NON BATHING/SHELLFISH,2024-01-04 10:52:00,PLANNED INVESTIGATION (LOCAL MONITORING),ESTUARINE WATER,0076,Temperature of Water,9.4,CELSIUS,2024-01-04
https://environment.data.gov.uk/water-quality/sampling-point/SW-81221550/sample/3504984/observation/0076,SW-81221550,TAMERTON FOLIOT STREAM AT TAMERTON FOLIOT,246925,60907,SouthWest,SOUTH WEST - DEVON AND CORNWALL,CENTRAL DEVON AND CORNWALL,OPEN,FRESHWATER - RIVERS,2024-01-26 12:08:00,PLANNED INVESTIGATION (LOCAL MONITORING),RIVER / RUNNING SURFACE WATER,0076,Temperature of Water,9.2,CELSIUS,2024-01-26
https://environment.data.gov.uk/water-quality/sampling-point/SW-81223340/sample/3504437/observation/0076,SW-81223340,COTEHELE STREAM AT COTEHELE MILL,241776,68119,SouthWest,SOUTH WEST - DEVON AND CORNWALL,CENTRAL DEVON AND CORNWALL,OPEN,FRESHWATER - RIVERS,2024-01-16 13:28:00,PLANNED INVESTIGATION (LOCAL MONITORING),RIVER / RUNNING SURFACE WATER,0076,Temperature of Water,6.6,CELSIUS,2024-01-16
https://environment.data.gov.uk/water-quality/sampling-point/SW-81231119/sample/3504788/observation/0076,SW-81231119,RIVER TAVY AT LOPWELL DAM,247500,65038,SouthWest,SOUTH WEST - DEVON AND CORNWALL,CENTRAL DEVON AND CORNWALL,OPEN,FRESHWATER - RIVERS,2024-01-23 11:27:00,ENVIRONMENTAL MONITORING STATUTORY (EU DIRECTIVES),RIVER / RUNNING SURFACE WATER,0076,Temperature of Water,8.3,CELSIUS,2024-01-23
https://environment.data.gov.uk/water-quality/sampling-point/SW-81231133/sample/3503397/observation/0076,SW-81231133,RIVER TAVY AT DENHAM BRIDGE,247699,67856,SouthWest,SOUTH WEST - DEVON AND CORNWALL,CENTRAL DEVON AND CORNWALL,OPEN,FRESHWATER - RIVERS,2024-01-08 11:34:00,MONITORING  (UK GOVT POLICY - NOT GQA OR RE),RIVER / RUNNING SURFACE WATER,0076,Temperature of Water,6.3,CELSIUS,2024-01-08
https://environment.data.gov.uk/water-quality/sampling-point/SW-81231150/sample/3504411/observation/0076,SW-81231150,SHILLAMILL (ABOVE RIVER LUMBURN)     RIVER TAVY,246800,71900,SouthWest,SOUTH WEST - DEVON AND CORNWALL,CENTRAL DEVON AND CORNWALL,OPEN,FRESHWATER - RIVERS,2024-01-16 11:35:00,ENVIRONMENTAL MONITORING STATUTORY (EU DIRECTIVES),RIVER / RUNNING SURFACE WATER,0076,Temperature of Water,4.6,CELSIUS,2024-01-16
https://environment.data.gov.uk/water-quality/sampling-point/SW-81241110/sample/3502706/observation/0076,SW-81241110,RIVER WALKHAM AT GRENOFEN BRIDGE,249007,70972,SouthWest,SOUTH WEST - DEVON AND CORNWALL,CENTRAL DEVON AND CORNWALL,OPEN,FRESHWATER - RIVERS,2024-01-02 12:06:00,MONITORING  (NATIONAL AGENCY POLICY),RIVER / RUNNING SURFACE WATER,0076,Temperature of Water,10.6,CELSIUS,2024-01-02
https://environment.data.gov.uk/water-quality/sampling-point/SW-81241115/sample/3504548/observation/0076,SW-81241115,RIVER WALKHAM BELOW HORRABRIDGE STW,249650,70500,SouthWest,SOUTH WEST - DEVON AND CORNWALL,CENTRAL DEVON AND CORNWALL,OPEN,FRESHWATER - RIVERS,2024-01-17 13:01:00,PLANNED INVESTIGATION (LOCAL MONITORING),RIVER / RUNNING SURFACE WATER,0076,Temperature of Water,6.3,CELSIUS,2024-01-17
https://environment.data.gov.uk/water-quality/sampling-point/SW-81241119/sample/3504660/observation/0076,SW-81241119,RIVER WALKHAM ABOVE HORRABRIDGE STW,249950,70450,SouthWest,SOUTH WEST - DEVON AND CORNWALL,CENTRAL DEVON AND CORNWALL,OPEN,FRESHWATER - RIVERS,2024-01-18 12:59:00,PLANNED INVESTIGATION (LOCAL MONITORING),RIVER / RUNNING SURFACE WATER,0076,Temperature of Water,4.7,CELSIUS,2024-01-18
https://environment.data.gov.uk/water-quality/sampling-point/SW-81241146/sample/3504737/observation/0076,SW-81241146,RIVER WALKHAM AT WARD BRIDGE,254213,72018,SouthWest,SOUTH WEST - DEVON AND CORNWALL,CENTRAL DEVON AND CORNWALL,OPEN,FRESHWATER - RIVERS,2024-01-22 12:54:00,MONITORING  (NATIONAL AGENCY POLICY),RIVER / RUNNING SURFACE WATER,0076,Temperature of Water,7.8,CELSIUS,2024-01-22
https://environment.data.gov.uk/water-quality/sampling-point/SW-81250142/sample/3504463/observation/0076,SW-81250142,RIVER TAMAR U/S GUNNISLAKE WEIR,243683,71149,SouthWest,SOUTH WEST - DEVON AND CORNWALL,CENTRAL DEVON AND CORNWALL,OPEN,FRESHWATER - RIVERS,2024-01-16 12:47:00,PLANNED INVESTIGATION (LOCAL MONITORING),RIVER / RUNNING SURFACE WATER,0076,Temperature of Water,4.7,CELSIUS,2024-01-16
https://environment.data.gov.uk/water-quality/sampling-point/SW-81250142/sample/3504872/observation/0076,SW-81250142,RIVER TAMAR U/S GUNNISLAKE WEIR,243683,71149,SouthWest,SOUTH WEST - DEVON AND CORNWALL,CENTRAL DEVON AND CORNWALL,OPEN,FRESHWATER - RIVERS,2024-01-23 13:43:00,PLANNED INVESTIGATION (LOCAL MONITORING),RIVER / RUNNING SURFACE WATER,0076,Temperature of Water,8.5,CELSIUS,2024-01-23
https://environment.data.gov.uk/water-quality/sampling-point/SW-81250144/sample/3504475/observation/0076,SW-81250144,RIVER TAMAR AT GUNNISLAKE BRIDGE,243493,72436,SouthWest,SOUTH WEST - DEVON AND CORNWALL,CENTRAL DEVON AND CORNWALL,OPEN,FRESHWATER - RIVERS,2024-01-16 12:23:00,ENVIRONMENTAL MONITORING STATUTORY (EU DIRECTIVES),RIVER / RUNNING SURFACE WATER,0076,Temperature of Water,4.8,CELSIUS,2024-01-16
https://environment.data.gov.uk/water-quality/sampling-point/SW-81250144/sample/3504870/observation/0076,SW-81250144,RIVER TAMAR AT GUNNISLAKE BRIDGE,243493,72436,SouthWest,SOUTH WEST - DEVON AND CORNWALL,CENTRAL DEVON AND CORNWALL,OPEN,FRESHWATER - RIVERS,2024-01-23 13:29:00,ENVIRONMENTAL MONITORING STATUTORY (EU DIRECTIVES),RIVER / RUNNING SURFACE WATER,0076,Temperature of Water,8.2,CELSIUS,2024-01-23
https://environment.data.gov.uk/water-quality/sampling-point/SW-81250239/sample/3503144/observation/0076,SW-81250239,RIVER TAMAR AT HORSEBRIDGE,240001,74889,SouthWest,SOUTH WEST - DEVON AND CORNWALL,CENTRAL DEVON AND CORNWALL,OPEN,FRESHWATER - RIVERS,2024-01-04 12:29:00,ENVIRONMENTAL MONITORING STATUTORY (EU DIRECTIVES),RIVER / RUNNING SURFACE WATER,0076,Temperature of Water,9.1,CELSIUS,2024-01-04
https://environment.data.gov.uk/water-quality/sampling-point/SW-81250277/sample/3503149/observation/0076,SW-81250277,RIVER TAMAR AT GREYSTONE BRIDGE,236838,80363,SouthWest,SOUTH WEST - DEVON AND CORNWALL,CENTRAL DEVON AND CORNWALL,OPEN,FRESHWATER - RIVERS,2024-01-04 13:29:00,MONITORING  (NATIONAL AGENCY POLICY),RIVER / RUNNING SURFACE WATER,0076,Temperature of Water,8.8,CELSIUS,2024-01-04
https://environment.data.gov.uk/water-quality/sampling-point/SW-81251507/sample/3503165/observation/0076,SW-81251507,RIVER LUCKETT AT LUCKETT BRIDGE,238880,73680,SouthWest,SOUTH WEST - DEVON AND CORNWALL,CENTRAL DEVON AND CORNWALL,OPEN,FRESHWATER - RIVERS,2024-01-04 11:46:00,PLANNED INVESTIGATION (LOCAL MONITORING),RIVER / RUNNING SURFACE WATER,0076,Temperature of Water,10.6,CELSIUS,2024-01-04
https://environment.data.gov.uk/water-quality/sampling-point/SW-81251548/sample/3503166/observation/0076,SW-81251548,RIVER LUCKETT AT OLDMILL,237000,73850,SouthWest,SOUTH WEST - DEVON AND CORNWALL,CENTRAL DEVON AND CORNWALL,OPEN,FRESHWATER - RIVERS,2024-01-04 12:04:00,PLANNED INVESTIGATION (LOCAL MONITORING),RIVER / RUNNING SURFACE WATER,0076,Temperature of Water,10.6,CELSIUS,2024-01-04
https://environment.data.gov.uk/water-quality/sampling-point/SW-81261180/sample/3502664/observation/0076,SW-81261180,RIVER LYD AT A386 ROADBRIDGE LYDFORD,252062,84445,SouthWest,SOUTH WEST - DEVON AND CORNWALL,CENTRAL DEVON AND CORNWALL,OPEN,FRESHWATER - RIVERS,2024-01-02 11:33:00,MONITORING  (UK GOVT POLICY - NOT GQA OR RE),RIVER / RUNNING SURFACE WATER,0076,Temperature of Water,9.8,CELSIUS,2024-01-02
https://environment.data.gov.uk/water-quality/sampling-point/SW-81261180/sample/3503737/observation/0076,SW-81261180,RIVER LYD AT A386 ROADBRIDGE LYDFORD,252062,84445,SouthWest,SOUTH WEST - DEVON AND CORNWALL,CENTRAL DEVON AND CORNWALL,OPEN,FRESHWATER - RIVERS,2024-01-11 12:07:00,MONITORING  (UK GOVT POLICY - NOT GQA OR RE),RIVER / RUNNING SURFACE WATER,0076,Temperature of Water,5.2,CELSIUS,2024-01-11
https://environment.data.gov.uk/water-quality/sampling-point/SW-81261180/sample/3504532/observation/0076,SW-81261180,RIVER LYD AT A386 ROADBRIDGE LYDFORD,252062,84445,SouthWest,SOUTH WEST - DEVON AND CORNWALL,CENTRAL DEVON AND CORNWALL,OPEN,FRESHWATER - RIVERS,2024-01-17 10:56:00,MONITORING  (UK GOVT POLICY - NOT GQA OR RE),RIVER / RUNNING SURFACE WATER,0076,Temperature of Water,5.3,CELSIUS,2024-01-17
https://environment.data.gov.uk/water-quality/sampling-point/SW-81261180/sample/3504736/observation/0076,SW-81261180,RIVER LYD AT A386 ROADBRIDGE LYDFORD,252062,84445,SouthWest,SOUTH WEST - DEVON AND CORNWALL,CENTRAL DEVON AND CORNWALL,OPEN,FRESHWATER - RIVERS,2024-01-22 12:25:00,MONITORING  (UK GOVT POLICY - NOT GQA OR RE),RIVER / RUNNING SURFACE WATER,0076,Temperature of Water,7.7,CELSIUS,2024-01-22
https://environment.data.gov.uk/water-quality/sampling-point/SW-81261458/sample/3504541/observation/0076,SW-81261458,RIVER LEW (TAMAR) ABOVE BRIDESTOWE STW,250134,89207,SouthWest,SOUTH WEST - DEVON AND CORNWALL,CENTRAL DEVON AND CORNWALL,OPEN,FRESHWATER - RIVERS,2024-01-17 10:35:00,MONITORING  (NATIONAL AGENCY POLICY),RIVER / RUNNING SURFACE WATER,0076,Temperature of Water,5.2,CELSIUS,2024-01-17
https://environment.data.gov.uk/water-quality/sampling-point/SW-81271202/sample/3504359/observation/0076,SW-81271202,RIVER THRUSHEL AT TINHAY BRIDGE,239380,85380,SouthWest,SOUTH WEST - DEVON AND CORNWALL,CENTRAL DEVON AND CORNWALL,OPEN,FRESHWATER - RIVERS,2024-01-15 13:11:00,MONITORING  (NATIONAL AGENCY POLICY),RIVER / RUNNING SURFACE WATER,0076,Temperature of Water,4.6,CELSIUS,2024-01-15
https://environment.data.gov.uk/water-quality/sampling-point/SW-81271225/sample/3502679/observation/0076,SW-81271225,RIVER THRUSHEL AT STOWFORD BRIDGE,242800,87350,SouthWest,SOUTH WEST - DEVON AND CORNWALL,CENTRAL DEVON AND CORNWALL,OPEN,FRESHWATER - RIVERS,2024-01-02 11:07:00,MONITORING  (UK GOVT POLICY - NOT GQA OR RE),RIVER / RUNNING SURFACE WATER,0076,Temperature of Water,10.6,CELSIUS,2024-01-02
https://environment.data.gov.uk/water-quality/sampling-point/SW-81271225/sample/3503750/observation/0076,SW-81271225,RIVER THRUSHEL AT STOWFORD BRIDGE,242800,87350,SouthWest,SOUTH WEST - DEVON AND CORNWALL,CENTRAL DEVON AND CORNWALL,OPEN,FRESHWATER - RIVERS,2024-01-11 11:41:00,MONITORING  (UK GOVT POLICY - NOT GQA OR RE),RIVER / RUNNING SURFACE WATER,0076,Temperature of Water,3.7,CELSIUS,2024-01-11
https://environment.data.gov.uk/water-quality/sampling-point/SW-81271225/sample/3504745/observation/0076,SW-81271225,RIVER THRUSHEL AT STOWFORD BRIDGE,242800,87350,SouthWest,SOUTH WEST - DEVON AND CORNWALL,CENTRAL DEVON AND CORNWALL,OPEN,FRESHWATER - RIVERS,2024-01-22 11:54:00,MONITORING  (UK GOVT POLICY - NOT GQA OR RE),RIVER / RUNNING SURFACE WATER,0076,Temperature of Water,7.9,CELSIUS,2024-01-22
https://environment.data.gov.uk/water-quality/sampling-point/SW-81271235/sample/3504544/observation/0076,SW-81271235,RIVER THRUSHEL D/S BREAZLE WATER,244649,89099,SouthWest,SOUTH WEST - DEVON AND CORNWALL,CENTRAL DEVON AND CORNWALL,OPEN,FRESHWATER - RIVERS,2024-01-17 13:50:00,MONITORING  (NATIONAL AGENCY POLICY),RIVER / RUNNING SURFACE WATER,0076,Temperature of Water,3.2,CELSIUS,2024-01-17
https://environment.data.gov.uk/water-quality/sampling-point/SW-81271235/sample/3504883/observation/0076,SW-81271235,RIVER THRUSHEL D/S BREAZLE WATER,244649,89099,SouthWest,SOUTH WEST - DEVON AND CORNWALL,CENTRAL DEVON AND CORNWALL,OPEN,FRESHWATER - RIVERS,2024-01-24 12:24:00,MONITORING  (NATIONAL AGENCY POLICY),RIVER / RUNNING SURFACE WATER,0076,Temperature of Water,9.4,CELSIUS,2024-01-24
https://environment.data.gov.uk/water-quality/sampling-point/SW-81271510/sample/3504529/observation/0076,SW-81271510,RIVER WOLF AT REXON BR. BELOW BROADWOODWIDGER STW,241330,88850,SouthWest,SOUTH WEST - DEVON AND CORNWALL,CENTRAL DEVON AND CORNWALL,OPEN,FRESHWATER - RIVERS,2024-01-17 14:06:00,MONITORING  (NATIONAL AGENCY POLICY),RIVER / RUNNING SURFACE WATER,0076,Temperature of Water,3.8,CELSIUS,2024-01-17
https://environment.data.gov.uk/water-quality/sampling-point/SW-81271593/sample/3503694/observation/0076,SW-81271593,RIVER WOLF AT WEEK'S MILL BRIDGE,244610,94230,SouthWest,SOUTH WEST - DEVON AND CORNWALL,CENTRAL DEVON AND CORNWALL,OPEN,FRESHWATER - RIVERS,2024-01-11 11:19:00,MONITORING  (UK GOVT POLICY - NOT GQA OR RE),RIVER / RUNNING SURFACE WATER,0076,Temperature of Water,3.8,CELSIUS,2024-01-11
https://environment.data.gov.uk/water-quality/sampling-point/SW-81271593/sample/3504625/observation/0076,SW-81271593,RIVER WOLF AT WEEK'S MILL BRIDGE,244610,94230,SouthWest,SOUTH WEST - DEVON AND CORNWALL,CENTRAL DEVON AND CORNWALL,OPEN,FRESHWATER - RIVERS,2024-01-18 10:51:00,MONITORING  (UK GOVT POLICY - NOT GQA OR RE),RIVER / RUNNING SURFACE WATER,0076,Temperature of Water,0.7,CELSIUS,2024-01-18
https://environment.data.gov.uk/water-quality/sampling-point/SW-81271593/sample/3504789/observation/0076,SW-81271593,RIVER WOLF AT WEEK'S MILL BRIDGE,244610,94230,SouthWest,SOUTH WEST - DEVON AND CORNWALL,CENTRAL DEVON AND CORNWALL,OPEN,FRESHWATER - RIVERS,2024-01-23 10:30:00,MONITORING  (UK GOVT POLICY - NOT GQA OR RE),RIVER / RUNNING SURFACE WATER,0076,Temperature of Water,7.8,CELSIUS,2024-01-23
https://environment.data.gov.uk/water-quality/sampling-point/SW-81271593/sample/3505016/observation/0076,SW-81271593,RIVER WOLF AT WEEK'S MILL BRIDGE,244610,94230,SouthWest,SOUTH WEST - DEVON AND CORNWALL,CENTRAL DEVON AND CORNWALL,OPEN,FRESHWATER - RIVERS,2024-01-29 10:51:00,MONITORING  (UK GOVT POLICY - NOT GQA OR RE),RIVER / RUNNING SURFACE WATER,0076,Temperature of Water,9.6,CELSIUS,2024-01-29
https://environment.data.gov.uk/water-quality/sampling-point/SW-81281105/sample/3504844/observation/0076,SW-81281105,RIVER CAREY AT HEALE BRIDGE,235986,86300,SouthWest,SOUTH WEST - DEVON AND CORNWALL,CENTRAL DEVON AND CORNWALL,OPEN,FRESHWATER - RIVERS,2024-01-23 10:00:00,PLANNED INVESTIGATION (LOCAL MONITORING),RIVER / RUNNING SURFACE WATER,0076,Temperature of Water,7.4,CELSIUS,2024-01-23
https://environment.data.gov.uk/water-quality/sampling-point/SW-81281161/sample/3503713/observation/0076,SW-81281161,RIVER CAREY AT ASHMILL BRIDGE ABOVE ASHWATER STW,239335,95317,SouthWest,SOUTH WEST - DEVON AND CORNWALL,CENTRAL DEVON AND CORNWALL,OPEN,FRESHWATER - RIVERS,2024-01-11 11:01:00,MONITORING  (UK GOVT POLICY - NOT GQA OR RE),RIVER / RUNNING SURFACE WATER,0076,Temperature of Water,3.5,CELSIUS,2024-01-11
https://environment.data.gov.uk/water-quality/sampling-point/SW-81281161/sample/3504521/observation/0076,SW-81281161,RIVER CAREY AT ASHMILL BRIDGE ABOVE ASHWATER STW,239335,95317,SouthWest,SOUTH WEST - DEVON AND CORNWALL,CENTRAL DEVON AND CORNWALL,OPEN,FRESHWATER - RIVERS,2024-01-17 13:28:00,MONITORING  (UK GOVT POLICY - NOT GQA OR RE),RIVER / RUNNING SURFACE WATER,0076,Temperature of Water,3.4,CELSIUS,2024-01-17
https://environment.data.gov.uk/water-quality/sampling-point/SW-81281161/sample/3504721/observation/0076,SW-81281161,RIVER CAREY AT ASHMILL BRIDGE ABOVE ASHWATER STW,239335,95317,SouthWest,SOUTH WEST - DEVON AND CORNWALL,CENTRAL DEVON AND CORNWALL,OPEN,FRESHWATER - RIVERS,2024-01-22 11:27:00,MONITORING  (UK GOVT POLICY - NOT GQA OR RE),RIVER / RUNNING SURFACE WATER,0076,Temperature of Water,7.6,CELSIUS,2024-01-22
https://environment.data.gov.uk/water-quality/sampling-point/SW-81281161/sample/3505029/observation/0076,SW-81281161,RIVER CAREY AT ASHMILL BRIDGE ABOVE ASHWATER STW,239335,95317,SouthWest,SOUTH WEST - DEVON AND CORNWALL,CENTRAL DEVON AND CORNWALL,OPEN,FRESHWATER - RIVERS,2024-01-29 11:13:00,MONITORING  (UK GOVT POLICY - NOT GQA OR RE),RIVER / RUNNING SURFACE WATER,0076,Temperature of Water,9.9,CELSIUS,2024-01-29
https://environment.data.gov.uk/water-quality/sampling-point/SW-81281987/sample/3504659/observation/0076,SW-81281987,HALWILL STREAM BELOW HALWILL (NEW) STW (HOLYWELL),242910,99100,SouthWest,SOUTH WEST - DEVON AND CORNWALL,CENTRAL DEVON AND CORNWALL,OPEN,FRESHWATER - RIVERS,2024-01-18 11:28:00,PLANNED INVESTIGATION (LOCAL MONITORING),RIVER / RUNNING SURFACE WATER,0076,Temperature of Water,1.8,CELSIUS,2024-01-18
https://environment.data.gov.uk/water-quality/sampling-point/SW-81281991/sample/3503369/observation/0076,SW-81281991,HALWILL STREAM ABOVE HALWILL (NEW) STW (HOLYWELL),242960,99120,SouthWest,SOUTH WEST - DEVON AND CORNWALL,CENTRAL DEVON AND CORNWALL,OPEN,FRESHWATER - RIVERS,2024-01-08 14:43:00,PLANNED INVESTIGATION (LOCAL MONITORING),RIVER / RUNNING SURFACE WATER,0076,Temperature of Water,5,CELSIUS,2024-01-08
https://environment.data.gov.uk/water-quality/sampling-point/SW-81290111/sample/3504669/observation/0076,SW-81290111,RIVER TAMAR AT POLSON BRIDGE BELOW ST. LEONARD'S STW,235559,84927,SouthWest,SOUTH WEST - DEVON AND CORNWALL,CENTRAL DEVON AND CORNWALL,OPEN,FRESHWATER - RIVERS,2024-01-18 11:55:00,PLANNED INVESTIGATION (LOCAL MONITORING),RIVER / RUNNING SURFACE WATER,0076,Temperature of Water,2.4,CELSIUS,2024-01-18
https://environment.data.gov.uk/water-quality/sampling-point/SW-81290128/sample/3502745/observation/0076,SW-81290128,RIVER TAMAR ABOVE ST LEONARDS STW (LAUNCESTON),235084,85021,SouthWest,SOUTH WEST - DEVON AND CORNWALL,CENTRAL DEVON AND CORNWALL,OPEN,FRESHWATER - RIVERS,2024-01-03 13:22:00,PLANNED INVESTIGATION (LOCAL MONITORING),RIVER / RUNNING SURFACE WATER,0076,Temperature of Water,9.2,CELSIUS,2024-01-03
https://environment.data.gov.uk/water-quality/sampling-point/SW-81290191/sample/3504722/observation/0076,SW-81290191,RIVER TAMAR AT BOYTON BRIDGE BELOW BOYTON STW,232825,92257,SouthWest,SOUTH WEST - DEVON AND CORNWALL,CENTRAL DEVON AND CORNWALL,OPEN,FRESHWATER - RIVERS,2024-01-22 11:11:00,MONITORING  (NATIONAL AGENCY POLICY),RIVER / RUNNING SURFACE WATER,0076,Temperature of Water,8.3,CELSIUS,2024-01-22
https://environment.data.gov.uk/water-quality/sampling-point/SW-81291204/sample/3504636/observation/0076,SW-81291204,TALA WATER AT BRIDGETOWN,234180,89130,SouthWest,SOUTH WEST - DEVON AND CORNWALL,CENTRAL DEVON AND CORNWALL,OPEN,FRESHWATER - RIVERS,2024-01-18 11:29:00,PLANNED INVESTIGATION (LOCAL MONITORING),RIVER / RUNNING SURFACE WATER,0076,Temperature of Water,1.3,CELSIUS,2024-01-18
https://environment.data.gov.uk/water-quality/sampling-point/SW-81420208/sample/3503398/observation/0076,SW-81420208,EAST LOOE RIVER AT RAILWAY HALT SANDPLACE,224835,57126,SouthWest,SOUTH WEST - DEVON AND CORNWALL,WEST DEVON AND CORNWALL,OPEN,FRESHWATER - RIVERS,2024-01-08 12:40:00,PLANNED INVESTIGATION (LOCAL MONITORING),RIVER / RUNNING SURFACE WATER,0076,Temperature of Water,8.4,CELSIUS,2024-01-08
https://environment.data.gov.uk/water-quality/sampling-point/SW-81420261/sample/3503399/observation/0076,SW-81420261,EAST LOOE RIVER AT TRUSSEL BRIDGE,224545,62050,SouthWest,SOUTH WEST - DEVON AND CORNWALL,WEST DEVON AND CORNWALL,OPEN,FRESHWATER - RIVERS,2024-01-08 13:08:00,PLANNED INVESTIGATION (LOCAL MONITORING),RIVER / RUNNING SURFACE WATER,0076,Temperature of Water,9,CELSIUS,2024-01-08
https://environment.data.gov.uk/water-quality/sampling-point/SW-81420288/sample/3502665/observation/0076,SW-81420288,EAST LOOE RIVER AT LOOE MILLS,223262,64652,SouthWest,SOUTH WEST - DEVON AND CORNWALL,WEST DEVON AND CORNWALL,OPEN,FRESHWATER - RIVERS,2024-01-02 15:07:00,PLANNED INVESTIGATION (LOCAL MONITORING),RIVER / RUNNING SURFACE WATER,0076,Temperature of Water,11.2,CELSIUS,2024-01-02
https://environment.data.gov.uk/water-quality/sampling-point/SW-81420292/sample/3503133/observation/0076,SW-81420292,EAST LOOE RIVER AT VENTON VEOR BRIDGE,223248,65775,SouthWest,SOUTH WEST - DEVON AND CORNWALL,WEST DEVON AND CORNWALL,OPEN,FRESHWATER - RIVERS,2024-01-04 11:09:00,PLANNED INVESTIGATION (LOCAL MONITORING),RIVER / RUNNING SURFACE WATER,0076,Temperature of Water,10.8,CELSIUS,2024-01-04
https://environment.data.gov.uk/water-quality/sampling-point/SW-81430304/sample/3503401/observation/0076,SW-81430304,WEST LOOE RIVER AT SOWDEN'S BRIDGE,223029,55576,SouthWest,SOUTH WEST - DEVON AND CORNWALL,WEST DEVON AND CORNWALL,OPEN,FRESHWATER - RIVERS,2024-01-08 12:25:00,MONITORING  (NATIONAL AGENCY POLICY),RIVER / RUNNING SURFACE WATER,0076,Temperature of Water,7.9,CELSIUS,2024-01-08
https://environment.data.gov.uk/water-quality/sampling-point/SW-81511046/sample/3503240/observation/0076,SW-81511046,PONT PILL AT TRETHAKE MILL,215558,53134,SouthWest,SOUTH WEST - DEVON AND CORNWALL,WEST DEVON AND CORNWALL,OPEN,FRESHWATER - RIVERS,2024-01-04 10:03:00,MONITORING  (UK GOVT POLICY - NOT GQA OR RE),RIVER / RUNNING SURFACE WATER,0076,Temperature of Water,9.9,CELSIUS,2024-01-04
https://environment.data.gov.uk/water-quality/sampling-point/SW-81511046/sample/3503402/observation/0076,SW-81511046,PONT PILL AT TRETHAKE MILL,215558,53134,SouthWest,SOUTH WEST - DEVON AND CORNWALL,WEST DEVON AND CORNWALL,OPEN,FRESHWATER - RIVERS,2024-01-08 11:19:00,MONITORING  (UK GOVT POLICY - NOT GQA OR RE),RIVER / RUNNING SURFACE WATER,0076,Temperature of Water,8.2,CELSIUS,2024-01-08
https://environment.data.gov.uk/water-quality/sampling-point/SW-81511046/sample/3504576/observation/0076,SW-81511046,PONT PILL AT TRETHAKE MILL,215558,53134,SouthWest,SOUTH WEST - DEVON AND CORNWALL,WEST DEVON AND CORNWALL,OPEN,FRESHWATER - RIVERS,2024-01-17 12:05:00,MONITORING  (UK GOVT POLICY - NOT GQA OR RE),RIVER / RUNNING SURFACE WATER,0076,Temperature of Water,8.1,CELSIUS,2024-01-17
https://environment.data.gov.uk/water-quality/sampling-point/SW-81511046/sample/3504773/observation/0076,SW-81511046,PONT PILL AT TRETHAKE MILL,215558,53134,SouthWest,SOUTH WEST - DEVON AND CORNWALL,WEST DEVON AND CORNWALL,OPEN,FRESHWATER - RIVERS,2024-01-22 10:13:00,MONITORING  (UK GOVT POLICY - NOT GQA OR RE),RIVER / RUNNING SURFACE WATER,0076,Temperature of Water,9.4,CELSIUS,2024-01-22
https://environment.data.gov.uk/water-quality/sampling-point/SW-81511046/sample/3505069/observation/0076,SW-81511046,PONT PILL AT TRETHAKE MILL,215558,53134,SouthWest,SOUTH WEST - DEVON AND CORNWALL,WEST DEVON AND CORNWALL,OPEN,FRESHWATER - RIVERS,2024-01-29 13:56:00,MONITORING  (UK GOVT POLICY - NOT GQA OR RE),RIVER / RUNNING SURFACE WATER,0076,Temperature of Water,11.2,CELSIUS,2024-01-29
https://environment.data.gov.uk/water-quality/sampling-point/SW-81511737/sample/3503241/observation/0076,SW-81511737,LERRYN RIVER AT LERRYN,214267,57302,SouthWest,SOUTH WEST - DEVON AND CORNWALL,WEST DEVON AND CORNWALL,OPEN,FRESHWATER - RIVERS,2024-01-04 09:46:00,MONITORING  (UK GOVT POLICY - NOT GQA OR RE),RIVER / RUNNING SURFACE WATER,0076,Temperature of Water,9.7,CELSIUS,2024-01-04
https://environment.data.gov.uk/water-quality/sampling-point/SW-81511737/sample/3503403/observation/0076,SW-81511737,LERRYN RIVER AT LERRYN,214267,57302,SouthWest,SOUTH WEST - DEVON AND CORNWALL,WEST DEVON AND CORNWALL,OPEN,FRESHWATER - RIVERS,2024-01-08 11:04:00,MONITORING  (UK GOVT POLICY - NOT GQA OR RE),RIVER / RUNNING SURFACE WATER,0076,Temperature of Water,8.5,CELSIUS,2024-01-08
https://environment.data.gov.uk/water-quality/sampling-point/SW-81511737/sample/3504577/observation/0076,SW-81511737,LERRYN RIVER AT LERRYN,214267,57302,SouthWest,SOUTH WEST - DEVON AND CORNWALL,WEST DEVON AND CORNWALL,OPEN,FRESHWATER - RIVERS,2024-01-17 11:44:00,MONITORING  (UK GOVT POLICY - NOT GQA OR RE),RIVER / RUNNING SURFACE WATER,0076,Temperature of Water,7.9,CELSIUS,2024-01-17
https://environment.data.gov.uk/water-quality/sampling-point/SW-81511737/sample/3504774/observation/0076,SW-81511737,LERRYN RIVER AT LERRYN,214267,57302,SouthWest,SOUTH WEST - DEVON AND CORNWALL,WEST DEVON AND CORNWALL,OPEN,FRESHWATER - RIVERS,2024-01-22 09:56:00,MONITORING  (UK GOVT POLICY - NOT GQA OR RE),RIVER / RUNNING SURFACE WATER,0076,Temperature of Water,9.4,CELSIUS,2024-01-22
https://environment.data.gov.uk/water-quality/sampling-point/SW-81511737/sample/3505070/observation/0076,SW-81511737,LERRYN RIVER AT LERRYN,214267,57302,SouthWest,SOUTH WEST - DEVON AND CORNWALL,WEST DEVON AND CORNWALL,OPEN,FRESHWATER - RIVERS,2024-01-29 14:16:00,MONITORING  (UK GOVT POLICY - NOT GQA OR RE),RIVER / RUNNING SURFACE WATER,0076,Temperature of Water,11.3,CELSIUS,2024-01-29
https://environment.data.gov.uk/water-quality/sampling-point/SW-81520166/sample/3503404/observation/0076,SW-81520166,RIVER FOWEY AT RESTORMEL,210800,61300,SouthWest,SOUTH WEST - DEVON AND CORNWALL,WEST DEVON AND CORNWALL,OPEN,FRESHWATER - RIVERS,2024-01-08 10:32:00,ENVIRONMENTAL MONITORING STATUTORY (EU DIRECTIVES),RIVER / RUNNING SURFACE WATER,0076,Temperature of Water,7.1,CELSIUS,2024-01-08
https://environment.data.gov.uk/water-quality/sampling-point/SW-81520205/sample/3504476/observation/0076,SW-81520205,RIVER FOWEY AT RESPRYN BRIDGE,209940,63530,SouthWest,SOUTH WEST - DEVON AND CORNWALL,WEST DEVON AND CORNWALL,OPEN,FRESHWATER - RIVERS,2024-01-16 15:11:00,MONITORING  (UK GOVT POLICY - NOT GQA OR RE),RIVER / RUNNING SURFACE WATER,0076,Temperature of Water,6.1,CELSIUS,2024-01-16
https://environment.data.gov.uk/water-quality/sampling-point/SW-81520348/sample/3503353/observation/0076,SW-81520348,RIVER FOWEY AT HALFWAY HOUSE BRIDGE,215968,65246,SouthWest,SOUTH WEST - DEVON AND CORNWALL,WEST DEVON AND CORNWALL,OPEN,FRESHWATER - RIVERS,2024-01-08 12:55:00,MONITORING  (NATIONAL AGENCY POLICY),RIVER / RUNNING SURFACE WATER,0076,Temperature of Water,7.1,CELSIUS,2024-01-08
https://environment.data.gov.uk/water-quality/sampling-point/SW-81520350/sample/3503134/observation/0076,SW-81520350,RIVER FOWEY AT BODITHIEL BRIDGE BELOW TRAGO MILLS STW,217630,64860,SouthWest,SOUTH WEST - DEVON AND CORNWALL,WEST DEVON AND CORNWALL,OPEN,FRESHWATER - RIVERS,2024-01-04 10:32:00,MONITORING  (NATIONAL AGENCY POLICY),RIVER / RUNNING SURFACE WATER,0076,Temperature of Water,9.2,CELSIUS,2024-01-04
https://environment.data.gov.uk/water-quality/sampling-point/SW-81520521/sample/3504578/observation/0076,SW-81520521,RIVER FOWEY AT DRAYNES BRIDGE,222834,68890,SouthWest,SOUTH WEST - DEVON AND CORNWALL,WEST DEVON AND CORNWALL,OPEN,FRESHWATER - RIVERS,2024-01-17 13:19:00,MONITORING  (NATIONAL AGENCY POLICY),RIVER / RUNNING SURFACE WATER,0076,Temperature of Water,6,CELSIUS,2024-01-17
https://environment.data.gov.uk/water-quality/sampling-point/SW-81520593/sample/3503242/observation/0076,SW-81520593,RIVER FOWEY AT HARROWBRIDGE,220670,74362,SouthWest,SOUTH WEST - DEVON AND CORNWALL,WEST DEVON AND CORNWALL,OPEN,FRESHWATER - RIVERS,2024-01-04 14:06:00,MONITORING  (UK GOVT POLICY - NOT GQA OR RE),RIVER / RUNNING SURFACE WATER,0076,Temperature of Water,8.5,CELSIUS,2024-01-04
https://environment.data.gov.uk/water-quality/sampling-point/SW-81520593/sample/3503405/observation/0076,SW-81520593,RIVER FOWEY AT HARROWBRIDGE,220670,74362,SouthWest,SOUTH WEST - DEVON AND CORNWALL,WEST DEVON AND CORNWALL,OPEN,FRESHWATER - RIVERS,2024-01-08 14:15:00,MONITORING  (UK GOVT POLICY - NOT GQA OR RE),RIVER / RUNNING SURFACE WATER,0076,Temperature of Water,6.4,CELSIUS,2024-01-08
https://environment.data.gov.uk/water-quality/sampling-point/SW-81520593/sample/3504477/observation/0076,SW-81520593,RIVER FOWEY AT HARROWBRIDGE,220670,74362,SouthWest,SOUTH WEST - DEVON AND CORNWALL,WEST DEVON AND CORNWALL,OPEN,FRESHWATER - RIVERS,2024-01-16 10:18:00,MONITORING  (UK GOVT POLICY - NOT GQA OR RE),RIVER / RUNNING SURFACE WATER,0076,Temperature of Water,5.9,CELSIUS,2024-01-16
https://environment.data.gov.uk/water-quality/sampling-point/SW-81520593/sample/3504775/observation/0076,SW-81520593,RIVER FOWEY AT HARROWBRIDGE,220670,74362,SouthWest,SOUTH WEST - DEVON AND CORNWALL,WEST DEVON AND CORNWALL,OPEN,FRESHWATER - RIVERS,2024-01-22 11:13:00,MONITORING  (UK GOVT POLICY - NOT GQA OR RE),RIVER / RUNNING SURFACE WATER,0076,Temperature of Water,8.1,CELSIUS,2024-01-22
https://environment.data.gov.uk/water-quality/sampling-point/SW-81520593/sample/3505071/observation/0076,SW-81520593,RIVER FOWEY AT HARROWBRIDGE,220670,74362,SouthWest,SOUTH WEST - DEVON AND CORNWALL,WEST DEVON AND CORNWALL,OPEN,FRESHWATER - RIVERS,2024-01-29 13:03:00,MONITORING  (UK GOVT POLICY - NOT GQA OR RE),RIVER / RUNNING SURFACE WATER,0076,Temperature of Water,10.1,CELSIUS,2024-01-29
https://environment.data.gov.uk/water-quality/sampling-point/SW-81522004/sample/3502707/observation/0076,SW-81522004,CARDINHAM WATER AT GLYNNMILL,211129,64414,SouthWest,SOUTH WEST - DEVON AND CORNWALL,WEST DEVON AND CORNWALL,OPEN,FRESHWATER - RIVERS,2024-01-02 15:36:00,MONITORING  (UK GOVT POLICY - NOT GQA OR RE),RIVER / RUNNING SURFACE WATER,0076,Temperature of Water,11.2,CELSIUS,2024-01-02
https://environment.data.gov.uk/water-quality/sampling-point/SW-81522004/sample/3503406/observation/0076,SW-81522004,CARDINHAM WATER AT GLYNNMILL,211129,64414,SouthWest,SOUTH WEST - DEVON AND CORNWALL,WEST DEVON AND CORNWALL,OPEN,FRESHWATER - RIVERS,2024-01-08 13:26:00,MONITORING  (UK GOVT POLICY - NOT GQA OR RE),RIVER / RUNNING SURFACE WATER,0076,Temperature of Water,7.9,CELSIUS,2024-01-08
https://environment.data.gov.uk/water-quality/sampling-point/SW-81522004/sample/3504360/observation/0076,SW-81522004,CARDINHAM WATER AT GLYNNMILL,211129,64414,SouthWest,SOUTH WEST - DEVON AND CORNWALL,WEST DEVON AND CORNWALL,OPEN,FRESHWATER - RIVERS,2024-01-15 09:43:00,MONITORING  (UK GOVT POLICY - NOT GQA OR RE),RIVER / RUNNING SURFACE WATER,0076,Temperature of Water,6.6,CELSIUS,2024-01-15
https://environment.data.gov.uk/water-quality/sampling-point/SW-81522004/sample/3504776/observation/0076,SW-81522004,CARDINHAM WATER AT GLYNNMILL,211129,64414,SouthWest,SOUTH WEST - DEVON AND CORNWALL,WEST DEVON AND CORNWALL,OPEN,FRESHWATER - RIVERS,2024-01-22 09:24:00,MONITORING  (UK GOVT POLICY - NOT GQA OR RE),RIVER / RUNNING SURFACE WATER,0076,Temperature of Water,9,CELSIUS,2024-01-22
https://environment.data.gov.uk/water-quality/sampling-point/SW-81522004/sample/3505072/observation/0076,SW-81522004,CARDINHAM WATER AT GLYNNMILL,211129,64414,SouthWest,SOUTH WEST - DEVON AND CORNWALL,WEST DEVON AND CORNWALL,OPEN,FRESHWATER - RIVERS,2024-01-29 09:28:00,MONITORING  (UK GOVT POLICY - NOT GQA OR RE),RIVER / RUNNING SURFACE WATER,0076,Temperature of Water,10.8,CELSIUS,2024-01-29
https://environment.data.gov.uk/water-quality/sampling-point/SW-81522326/sample/3503407/observation/0076,SW-81522326,WARLEGGAN RIVER AT PANTERS BRIDGE,215900,68020,SouthWest,SOUTH WEST - DEVON AND CORNWALL,WEST DEVON AND CORNWALL,OPEN,FRESHWATER - RIVERS,2024-01-08 11:59:00,MONITORING  (NATIONAL AGENCY POLICY),RIVER / RUNNING SURFACE WATER,0076,Temperature of Water,7.7,CELSIUS,2024-01-08
https://environment.data.gov.uk/water-quality/sampling-point/SW-81522725/sample/3503155/observation/0076,SW-81522725,ST NEOT RIVER AT ST NEOT BRIDGE,218446,67861,SouthWest,SOUTH WEST - DEVON AND CORNWALL,WEST DEVON AND CORNWALL,OPEN,FRESHWATER - RIVERS,2024-01-04 14:43:00,MONITORING  (UK GOVT POLICY - NOT GQA OR RE),RIVER / RUNNING SURFACE WATER,0076,Temperature of Water,9.6,CELSIUS,2024-01-04
https://environment.data.gov.uk/water-quality/sampling-point/SW-81522725/sample/3503359/observation/0076,SW-81522725,ST NEOT RIVER AT ST NEOT BRIDGE,218446,67861,SouthWest,SOUTH WEST - DEVON AND CORNWALL,WEST DEVON AND CORNWALL,OPEN,FRESHWATER - RIVERS,2024-01-08 11:42:00,MONITORING  (UK GOVT POLICY - NOT GQA OR RE),RIVER / RUNNING SURFACE WATER,0076,Temperature of Water,7.7,CELSIUS,2024-01-08
https://environment.data.gov.uk/water-quality/sampling-point/SW-81522725/sample/3504539/observation/0076,SW-81522725,ST NEOT RIVER AT ST NEOT BRIDGE,218446,67861,SouthWest,SOUTH WEST - DEVON AND CORNWALL,WEST DEVON AND CORNWALL,OPEN,FRESHWATER - RIVERS,2024-01-17 13:36:00,MONITORING  (UK GOVT POLICY - NOT GQA OR RE),RIVER / RUNNING SURFACE WATER,0076,Temperature of Water,7,CELSIUS,2024-01-17
https://environment.data.gov.uk/water-quality/sampling-point/SW-81522725/sample/3504740/observation/0076,SW-81522725,ST NEOT RIVER AT ST NEOT BRIDGE,218446,67861,SouthWest,SOUTH WEST - DEVON AND CORNWALL,WEST DEVON AND CORNWALL,OPEN,FRESHWATER - RIVERS,2024-01-22 10:46:00,MONITORING  (UK GOVT POLICY - NOT GQA OR RE),RIVER / RUNNING SURFACE WATER,0076,Temperature of Water,8.6,CELSIUS,2024-01-22
https://environment.data.gov.uk/water-quality/sampling-point/SW-81522725/sample/3505042/observation/0076,SW-81522725,ST NEOT RIVER AT ST NEOT BRIDGE,218446,67861,SouthWest,SOUTH WEST - DEVON AND CORNWALL,WEST DEVON AND CORNWALL,OPEN,FRESHWATER - RIVERS,2024-01-29 13:28:00,MONITORING  (UK GOVT POLICY - NOT GQA OR RE),RIVER / RUNNING SURFACE WATER,0076,Temperature of Water,10.1,CELSIUS,2024-01-29
https://environment.data.gov.uk/water-quality/sampling-point/SW-81523404/sample/3503150/observation/0076,SW-81523404,SIBLYBACK STREAM AT TREKEIVESTEPS BRIDGE,222830,69980,SouthWest,SOUTH WEST - DEVON AND CORNWALL,WEST DEVON AND CORNWALL,OPEN,FRESHWATER - RIVERS,2024-01-04 14:23:00,MONITORING  (UK GOVT POLICY - NOT GQA OR RE),RIVER / RUNNING SURFACE WATER,0076,Temperature of Water,8.4,CELSIUS,2024-01-04
https://environment.data.gov.uk/water-quality/sampling-point/SW-81523404/sample/3503354/observation/0076,SW-81523404,SIBLYBACK STREAM AT TREKEIVESTEPS BRIDGE,222830,69980,SouthWest,SOUTH WEST - DEVON AND CORNWALL,WEST DEVON AND CORNWALL,OPEN,FRESHWATER - RIVERS,2024-01-08 14:04:00,MONITORING  (UK GOVT POLICY - NOT GQA OR RE),RIVER / RUNNING SURFACE WATER,0076,Temperature of Water,6.9,CELSIUS,2024-01-08
https://environment.data.gov.uk/water-quality/sampling-point/SW-81523404/sample/3504534/observation/0076,SW-81523404,SIBLYBACK STREAM AT TREKEIVESTEPS BRIDGE,222830,69980,SouthWest,SOUTH WEST - DEVON AND CORNWALL,WEST DEVON AND CORNWALL,OPEN,FRESHWATER - RIVERS,2024-01-17 13:07:00,MONITORING  (UK GOVT POLICY - NOT GQA OR RE),RIVER / RUNNING SURFACE WATER,0076,Temperature of Water,4.7,CELSIUS,2024-01-17
https://environment.data.gov.uk/water-quality/sampling-point/SW-81523404/sample/3504738/observation/0076,SW-81523404,SIBLYBACK STREAM AT TREKEIVESTEPS BRIDGE,222830,69980,SouthWest,SOUTH WEST - DEVON AND CORNWALL,WEST DEVON AND CORNWALL,OPEN,FRESHWATER - RIVERS,2024-01-22 11:03:00,MONITORING  (UK GOVT POLICY - NOT GQA OR RE),RIVER / RUNNING SURFACE WATER,0076,Temperature of Water,5.7,CELSIUS,2024-01-22
https://environment.data.gov.uk/water-quality/sampling-point/SW-81523404/sample/3505038/observation/0076,SW-81523404,SIBLYBACK STREAM AT TREKEIVESTEPS BRIDGE,222830,69980,SouthWest,SOUTH WEST - DEVON AND CORNWALL,WEST DEVON AND CORNWALL,OPEN,FRESHWATER - RIVERS,2024-01-29 13:14:00,MONITORING  (UK GOVT POLICY - NOT GQA OR RE),RIVER / RUNNING SURFACE WATER,0076,Temperature of Water,7.3,CELSIUS,2024-01-29
https://environment.data.gov.uk/water-quality/sampling-point/SW-81610186/sample/3504579/observation/0076,SW-81610186,PAR RIVER DOWNSTREAM OF ST.AUSTELL (NORTH) STW,204518,58074,SouthWest,SOUTH WEST - DEVON AND CORNWALL,WEST DEVON AND CORNWALL,OPEN,FRESHWATER - RIVERS,2024-01-17 13:52:00,ENVIRONMENTAL MONITORING STATUTORY (EU DIRECTIVES),RIVER / RUNNING SURFACE WATER,0076,Temperature of Water,7,CELSIUS,2024-01-17
https://environment.data.gov.uk/water-quality/sampling-point/SW-81610190/sample/3504580/observation/0076,SW-81610190,PAR RIVER ABOVE ST AUSTELL(NORTH) STW (LUXULYAN),204310,58219,SouthWest,SOUTH WEST - DEVON AND CORNWALL,WEST DEVON AND CORNWALL,OPEN,FRESHWATER - RIVERS,2024-01-17 13:29:00,PLANNED INVESTIGATION (LOCAL MONITORING),RIVER / RUNNING SURFACE WATER,0076,Temperature of Water,6.9,CELSIUS,2024-01-17
https://environment.data.gov.uk/water-quality/sampling-point/SW-81610194/sample/3504581/observation/0076,SW-81610194,PAR RIVER AT LUXULYAN BRIDGE BELOW ST AUSTELL(N) STW,204860,58050,SouthWest,SOUTH WEST - DEVON AND CORNWALL,WEST DEVON AND CORNWALL,OPEN,FRESHWATER - RIVERS,2024-01-17 14:05:00,PLANNED INVESTIGATION (LOCAL MONITORING),RIVER / RUNNING SURFACE WATER,0076,Temperature of Water,6.9,CELSIUS,2024-01-17
https://environment.data.gov.uk/water-quality/sampling-point/SW-81610210/sample/3503410/observation/0076,SW-81610210,PAR RIVER AT LAVREAN BRIDGE,203161,59148,SouthWest,SOUTH WEST - DEVON AND CORNWALL,WEST DEVON AND CORNWALL,OPEN,FRESHWATER - RIVERS,2024-01-08 14:13:00,PLANNED INVESTIGATION (LOCAL MONITORING),RIVER / RUNNING SURFACE WATER,0076,Temperature of Water,6.4,CELSIUS,2024-01-08
https://environment.data.gov.uk/water-quality/sampling-point/SW-81610221/sample/3503318/observation/0076,SW-81610221,PAR RIVER AT HIGHER MENADEW,202852,59419,SouthWest,SOUTH WEST - DEVON AND CORNWALL,WEST DEVON AND CORNWALL,OPEN,FRESHWATER - RIVERS,2024-01-08 13:58:00,PLANNED INVESTIGATION (LOCAL MONITORING),RIVER / RUNNING SURFACE WATER,0076,Temperature of Water,6.4,CELSIUS,2024-01-08
https://environment.data.gov.uk/water-quality/sampling-point/SW-81610559/sample/3504597/observation/0076,SW-81610559,TREVERBYN STREAM AT PENROSE,204280,57200,SouthWest,SOUTH WEST - DEVON AND CORNWALL,WEST DEVON AND CORNWALL,OPEN,FRESHWATER - RIVERS,2024-01-17 09:46:00,PLANNED INVESTIGATION (LOCAL MONITORING),RIVER / RUNNING SURFACE WATER,0076,Temperature of Water,5.8,CELSIUS,2024-01-17
https://environment.data.gov.uk/water-quality/sampling-point/SW-81611044/sample/3503411/observation/0076,SW-81611044,ROCK DRYERS STREAM BELOW ROCK DRYERS CP 20/6,202929,58554,SouthWest,SOUTH WEST - DEVON AND CORNWALL,WEST DEVON AND CORNWALL,OPEN,FRESHWATER - RIVERS,2024-01-08 14:25:00,PLANNED INVESTIGATION (LOCAL MONITORING),RIVER / RUNNING SURFACE WATER,0076,Temperature of Water,8.7,CELSIUS,2024-01-08
https://environment.data.gov.uk/water-quality/sampling-point/SW-81611085/sample/3503372/observation/0076,SW-81611085,ROSEVEAN STREAM D/S BOWLING GREEN,202950,58390,SouthWest,SOUTH WEST - DEVON AND CORNWALL,WEST DEVON AND CORNWALL,OPEN,FRESHWATER - RIVERS,2024-01-08 14:33:00,PLANNED INVESTIGATION (LOCAL MONITORING),RIVER / RUNNING SURFACE WATER,0076,Temperature of Water,8.3,CELSIUS,2024-01-08
https://environment.data.gov.uk/water-quality/sampling-point/SW-81611105/sample/3504582/observation/0076,SW-81611105,CARBIS STREAM PRIOR TO PAR RIVER,202831,59402,SouthWest,SOUTH WEST - DEVON AND CORNWALL,WEST DEVON AND CORNWALL,OPEN,FRESHWATER - RIVERS,2024-01-17 12:57:00,PLANNED INVESTIGATION (LOCAL MONITORING),RIVER / RUNNING SURFACE WATER,0076,Temperature of Water,7.1,CELSIUS,2024-01-17
https://environment.data.gov.uk/water-quality/sampling-point/SW-81611111/sample/3504658/observation/0076,SW-81611111,CARBIS STREAM ABOVE WHEAL HENRY (C.P.20/9),202600,59360,SouthWest,SOUTH WEST - DEVON AND CORNWALL,WEST DEVON AND CORNWALL,OPEN,FRESHWATER - RIVERS,2024-01-18 11:26:00,PLANNED INVESTIGATION (LOCAL MONITORING),RIVER / RUNNING SURFACE WATER,0076,Temperature of Water,5.5,CELSIUS,2024-01-18
https://environment.data.gov.uk/water-quality/sampling-point/SW-81611182/sample/3503695/observation/0076,SW-81611182,CARBIS STREAM BELOW WHEAL PROSPER MICA DAM,200030,59550,SouthWest,SOUTH WEST - DEVON AND CORNWALL,WEST DEVON AND CORNWALL,OPEN,FRESHWATER - RIVERS,2024-01-11 11:43:00,PLANNED INVESTIGATION (LOCAL MONITORING),RIVER / RUNNING SURFACE WATER,0076,Temperature of Water,6.5,CELSIUS,2024-01-11
https://environment.data.gov.uk/water-quality/sampling-point/SW-81611270/sample/3504657/observation/0076,SW-81611270,MOLINNIS STREAM AT MOLINNIS,202480,59280,SouthWest,SOUTH WEST - DEVON AND CORNWALL,WEST DEVON AND CORNWALL,OPEN,FRESHWATER - RIVERS,2024-01-18 11:34:00,PLANNED INVESTIGATION (LOCAL MONITORING),RIVER / RUNNING SURFACE WATER,0076,Temperature of Water,6.4,CELSIUS,2024-01-18
https://environment.data.gov.uk/water-quality/sampling-point/SW-81910014/sample/3504478/observation/0076,SW-81910014,TRENGILLY WARTHA INN (SP2)  NANCENOY  CONSTANTINE                          SAMPLED FROM SOURCE,173150,28390,SouthWest,SOUTH WEST - DEVON AND CORNWALL,WEST DEVON AND CORNWALL,OPEN,GROUNDWATER - SPRING,2024-01-16 13:56:00,ENVIRONMENTAL MONITORING STATUTORY (EU DIRECTIVES),GROUNDWATER,0076,Temperature of Water,12.2,CELSIUS,2024-01-16
https://environment.data.gov.uk/water-quality/sampling-point/SW-81910017/sample/3504242/observation/0076,SW-81910017,RESTRONGUET BARTON   MYLOR         FALMOUTH                                SAMPLED AT HEAD OF BOREHOLE,181380,36560,SouthWest,SOUTH WEST - DEVON AND CORNWALL,WEST DEVON AND CORNWALL,OPEN,GROUNDWATER - BOREHOLE,2024-01-15 13:56:00,ENVIRONMENTAL MONITORING STATUTORY (EU DIRECTIVES),GROUNDWATER,0076,Temperature of Water,6.5,CELSIUS,2024-01-15
https://environment.data.gov.uk/water-quality/sampling-point/SW-81915129/sample/3504480/observation/0076,SW-81915129,LESTRAINES RIVER AT POLWHEVERAL BRIDGE BELOW CONSTANTINE STW,173705,28447,SouthWest,SOUTH WEST - DEVON AND CORNWALL,WEST DEVON AND CORNWALL,OPEN,FRESHWATER - RIVERS,2024-01-16 14:11:00,ENVIRONMENTAL MONITORING STATUTORY (EU DIRECTIVES),RIVER / RUNNING SURFACE WATER,0076,Temperature of Water,6.5,CELSIUS,2024-01-16
https://environment.data.gov.uk/water-quality/sampling-point/SW-81915165/sample/3504412/observation/0076,SW-81915165,EATHORNE BRIDGE     LESTRAINES RIVER,174270,31139,SouthWest,SOUTH WEST - DEVON AND CORNWALL,WEST DEVON AND CORNWALL,OPEN,FRESHWATER - RIVERS,2024-01-16 14:25:00,MONITORING  (NATIONAL AGENCY POLICY),RIVER / RUNNING SURFACE WATER,0076,Temperature of Water,6.4,CELSIUS,2024-01-16
https://environment.data.gov.uk/water-quality/sampling-point/SW-81917255/sample/3504444/observation/0076,SW-81917255,POLTESCO RIVER AT TRERISE,171600,17100,SouthWest,SOUTH WEST - DEVON AND CORNWALL,WEST DEVON AND CORNWALL,OPEN,FRESHWATER - RIVERS,2024-01-16 12:16:00,MONITORING  (NATIONAL AGENCY POLICY),RIVER / RUNNING SURFACE WATER,0076,Temperature of Water,4.4,CELSIUS,2024-01-16
https://environment.data.gov.uk/water-quality/sampling-point/SW-8191GW01/sample/3504402/observation/0076,SW-8191GW01,CARNPESSACK BOREHOLE,174300,17500,SouthWest,SOUTH WEST - DEVON AND CORNWALL,WEST DEVON AND CORNWALL,OPEN,GROUNDWATER - BOREHOLE,2024-01-16 12:56:00,ENVIRONMENTAL MONITORING STATUTORY (EU DIRECTIVES),GROUNDWATER - PURGED/PUMPED/REFILLED,0076,Temperature of Water,10.7,CELSIUS,2024-01-16
https://environment.data.gov.uk/water-quality/sampling-point/SW-81920177/sample/3503247/observation/0076,SW-81920177,RIVER FAL AT TOLVERNE                                                      TOLVERNE,186271,40332,SouthWest,SOUTH WEST - DEVON AND CORNWALL,ECMAS SAMPLING (DEVON AND CORNWALL),OPEN,SALINE WATER - DESIGNATED SHELLFISHERIES,2024-01-04 10:13:00,ENVIRONMENTAL MONITORING STATUTORY (EU DIRECTIVES),ESTUARINE WATER,0076,Temperature of Water,11.3,CELSIUS,2024-01-04
https://environment.data.gov.uk/water-quality/sampling-point/SW-8192GW01/sample/3503829/observation/0076,SW-8192GW01,FENTONGOLLAN FARM,186450,43030,SouthWest,SOUTH WEST - DEVON AND CORNWALL,WEST DEVON AND CORNWALL,OPEN,GROUNDWATER - SPRING,2024-01-12 09:34:00,ENVIRONMENTAL MONITORING STATUTORY (EU DIRECTIVES),GROUNDWATER,0076,Temperature of Water,10.7,CELSIUS,2024-01-12
https://environment.data.gov.uk/water-quality/sampling-point/SW-81930120/sample/3502811/observation/0076,SW-81930120,RIVER FAL AT TREGONY GAUGING STATION,192102,44752,SouthWest,SOUTH WEST - DEVON AND CORNWALL,WEST DEVON AND CORNWALL,OPEN,FRESHWATER - RIVERS,2024-01-03 10:01:00,MONITORING  (UK GOVT POLICY - NOT GQA OR RE),RIVER / RUNNING SURFACE WATER,0076,Temperature of Water,10.3,CELSIUS,2024-01-03
https://environment.data.gov.uk/water-quality/sampling-point/SW-81930120/sample/3502812/observation/0076,SW-81930120,RIVER FAL AT TREGONY GAUGING STATION,192102,44752,SouthWest,SOUTH WEST - DEVON AND CORNWALL,WEST DEVON AND CORNWALL,OPEN,FRESHWATER - RIVERS,2024-01-03 10:17:00,MONITORING  (NATIONAL AGENCY POLICY),RIVER / RUNNING SURFACE WATER,0076,Temperature of Water,10.2,CELSIUS,2024-01-03
https://environment.data.gov.uk/water-quality/sampling-point/SW-81930144/sample/3502736/observation/0076,SW-81930144,RIVER FAL AT GRAMPOUND BRIDGE,193285,48382,SouthWest,SOUTH WEST - DEVON AND CORNWALL,WEST DEVON AND CORNWALL,OPEN,FRESHWATER - RIVERS,2024-01-03 10:54:00,MONITORING  (NATIONAL AGENCY POLICY),RIVER / RUNNING SURFACE WATER,0076,Temperature of Water,10.2,CELSIUS,2024-01-03
https://environment.data.gov.uk/water-quality/sampling-point/SW-81930903/sample/3502813/observation/0076,SW-81930903,GWINDRA STREAM AT TREWAY BRIDGE BELOW ST STEPHENS COOMBE STW,193800,50650,SouthWest,SOUTH WEST - DEVON AND CORNWALL,WEST DEVON AND CORNWALL,OPEN,FRESHWATER - RIVERS,2024-01-03 09:07:00,PLANNED INVESTIGATION (LOCAL MONITORING),RIVER / RUNNING SURFACE WATER,0076,Temperature of Water,10.5,CELSIUS,2024-01-03
https://environment.data.gov.uk/water-quality/sampling-point/SW-81930903/sample/3502814/observation/0076,SW-81930903,GWINDRA STREAM AT TREWAY BRIDGE BELOW ST STEPHENS COOMBE STW,193800,50650,SouthWest,SOUTH WEST - DEVON AND CORNWALL,WEST DEVON AND CORNWALL,OPEN,FRESHWATER - RIVERS,2024-01-03 11:20:00,MONITORING  (NATIONAL AGENCY POLICY),RIVER / RUNNING SURFACE WATER,0076,Temperature of Water,10.7,CELSIUS,2024-01-03
https://environment.data.gov.uk/water-quality/sampling-point/SW-81930914/sample/3503135/observation/0076,SW-81930914,GWINDRA STREAM ABOVE ST STEPHENS COOMBE STW (N. FAL  BUCKETS),194200,50940,SouthWest,SOUTH WEST - DEVON AND CORNWALL,WEST DEVON AND CORNWALL,OPEN,FRESHWATER - RIVERS,2024-01-04 11:21:00,PLANNED INVESTIGATION (LOCAL MONITORING),RIVER / RUNNING SURFACE WATER,0076,Temperature of Water,10,CELSIUS,2024-01-04
https://environment.data.gov.uk/water-quality/sampling-point/SW-81931005/sample/3502815/observation/0076,SW-81931005,COOMBE STREAM AT COOMBE,195196,51648,SouthWest,SOUTH WEST - DEVON AND CORNWALL,WEST DEVON AND CORNWALL,OPEN,FRESHWATER - RIVERS,2024-01-03 11:45:00,MONITORING  (NATIONAL AGENCY POLICY),RIVER / RUNNING SURFACE WATER,0076,Temperature of Water,10.6,CELSIUS,2024-01-03
https://environment.data.gov.uk/water-quality/sampling-point/SW-81931009/sample/3502768/observation/0076,SW-81931009,COOMBE STREAM U/S COOMBE ADIT,196027,51617,SouthWest,SOUTH WEST - DEVON AND CORNWALL,WEST DEVON AND CORNWALL,OPEN,FRESHWATER - RIVERS,2024-01-03 13:55:00,MONITORING  (NATIONAL AGENCY POLICY),RIVER / RUNNING SURFACE WATER,0076,Temperature of Water,10.7,CELSIUS,2024-01-03
https://environment.data.gov.uk/water-quality/sampling-point/SW-81931010/sample/3502769/observation/0076,SW-81931010,COOMBE ADIT,196015,51620,SouthWest,SOUTH WEST - DEVON AND CORNWALL,WEST DEVON AND CORNWALL,OPEN,FRESHWATER - RIVERS,2024-01-03 13:41:00,MONITORING  (NATIONAL AGENCY POLICY),MINEWATER (FLOWING/PUMPED),0076,Temperature of Water,11.7,CELSIUS,2024-01-03
https://environment.data.gov.uk/water-quality/sampling-point/SW-81931015/sample/3502773/observation/0076,SW-81931015,COOMBE ADIT AT SHAFT UPSTREAM SURFACE RUN-OFF,195995,51510,SouthWest,SOUTH WEST - DEVON AND CORNWALL,WEST DEVON AND CORNWALL,OPEN,MINEWATER,2024-01-03 13:00:00,MONITORING  (NATIONAL AGENCY POLICY),MINEWATER (FLOWING/PUMPED),0076,Temperature of Water,11.4,CELSIUS,2024-01-03
https://environment.data.gov.uk/water-quality/sampling-point/SW-81931020/sample/3502793/observation/0076,SW-81931020,COOMBE MINEWATER PILOT TREATMENT PLANT FINAL EFFLUENT,195990,51609,SouthWest,SOUTH WEST - DEVON AND CORNWALL,WEST DEVON AND CORNWALL,OPEN,TRADE DISCHARGES - PROCESS EFFLUENT - NOT WATER COMPANY,2024-01-03 13:20:00,MONITORING  (NATIONAL AGENCY POLICY),ANY TRADE EFFLUENT,0076,Temperature of Water,11.1,CELSIUS,2024-01-03
https://environment.data.gov.uk/water-quality/sampling-point/SW-81940003/sample/3504996/observation/0076,SW-81940003,TREVERBYN FARM   PROBUS  TRURO                                             SAMPLED FROM TAP AT TOP OF SPRING,188520,48900,SouthWest,SOUTH WEST - DEVON AND CORNWALL,WEST DEVON AND CORNWALL,OPEN,GROUNDWATER - BOREHOLE,2024-01-26 11:15:00,ENVIRONMENTAL MONITORING STATUTORY (EU DIRECTIVES),GROUNDWATER,0076,Temperature of Water,8.9,CELSIUS,2024-01-26
https://environment.data.gov.uk/water-quality/sampling-point/SW-81940113/sample/3503263/observation/0076,SW-81940113,TRESSILLIAN SHELLFISH WATER SITE,185500,43300,SouthWest,SOUTH WEST - DEVON AND CORNWALL,ECMAS SAMPLING (DEVON AND CORNWALL),OPEN,SALINE WATER - DESIGNATED SHELLFISHERIES,2024-01-04 09:41:00,ENVIRONMENTAL MONITORING STATUTORY (EU DIRECTIVES),ESTUARINE WATER,0076,Temperature of Water,11.3,CELSIUS,2024-01-04
https://environment.data.gov.uk/water-quality/sampling-point/SW-81940411/sample/3503654/observation/0076,SW-81940411,CALENICK STREAM AT CALENICK BRIDGE,182124,43124,SouthWest,SOUTH WEST - DEVON AND CORNWALL,WEST DEVON AND CORNWALL,OPEN,FRESHWATER - RIVERS,2024-01-10 10:38:00,MONITORING  (UK GOVT POLICY - NOT GQA OR RE),RIVER / RUNNING SURFACE WATER,0076,Temperature of Water,6.8,CELSIUS,2024-01-10
https://environment.data.gov.uk/water-quality/sampling-point/SW-81940411/sample/3504366/observation/0076,SW-81940411,CALENICK STREAM AT CALENICK BRIDGE,182124,43124,SouthWest,SOUTH WEST - DEVON AND CORNWALL,WEST DEVON AND CORNWALL,OPEN,FRESHWATER - RIVERS,2024-01-15 10:11:00,MONITORING  (UK GOVT POLICY - NOT GQA OR RE),RIVER / RUNNING SURFACE WATER,0076,Temperature of Water,7.5,CELSIUS,2024-01-15
https://environment.data.gov.uk/water-quality/sampling-point/SW-81940411/sample/3504845/observation/0076,SW-81940411,CALENICK STREAM AT CALENICK BRIDGE,182124,43124,SouthWest,SOUTH WEST - DEVON AND CORNWALL,WEST DEVON AND CORNWALL,OPEN,FRESHWATER - RIVERS,2024-01-23 09:12:00,MONITORING  (UK GOVT POLICY - NOT GQA OR RE),RIVER / RUNNING SURFACE WATER,0076,Temperature of Water,9.7,CELSIUS,2024-01-23
https://environment.data.gov.uk/water-quality/sampling-point/SW-81940411/sample/3505111/observation/0076,SW-81940411,CALENICK STREAM AT CALENICK BRIDGE,182124,43124,SouthWest,SOUTH WEST - DEVON AND CORNWALL,WEST DEVON AND CORNWALL,OPEN,FRESHWATER - RIVERS,2024-01-30 12:48:00,MONITORING  (UK GOVT POLICY - NOT GQA OR RE),RIVER / RUNNING SURFACE WATER,0076,Temperature of Water,9.8,CELSIUS,2024-01-30
https://environment.data.gov.uk/water-quality/sampling-point/SW-81940830/sample/3503852/observation/0076,SW-81940830,RIVER ALLEN (FAL) AT IDLESS BRIDGE,182180,47010,SouthWest,SOUTH WEST - DEVON AND CORNWALL,WEST DEVON AND CORNWALL,OPEN,FRESHWATER - RIVERS,2024-01-12 09:02:00,MONITORING  (UK GOVT POLICY - NOT GQA OR RE),RIVER / RUNNING SURFACE WATER,0076,Temperature of Water,7.3,CELSIUS,2024-01-12
https://environment.data.gov.uk/water-quality/sampling-point/SW-81940830/sample/3504307/observation/0076,SW-81940830,RIVER ALLEN (FAL) AT IDLESS BRIDGE,182180,47010,SouthWest,SOUTH WEST - DEVON AND CORNWALL,WEST DEVON AND CORNWALL,OPEN,FRESHWATER - RIVERS,2024-01-15 09:53:00,MONITORING  (UK GOVT POLICY - NOT GQA OR RE),RIVER / RUNNING SURFACE WATER,0076,Temperature of Water,7.4,CELSIUS,2024-01-15
https://environment.data.gov.uk/water-quality/sampling-point/SW-81940830/sample/3504747/observation/0076,SW-81940830,RIVER ALLEN (FAL) AT IDLESS BRIDGE,182180,47010,SouthWest,SOUTH WEST - DEVON AND CORNWALL,WEST DEVON AND CORNWALL,OPEN,FRESHWATER - RIVERS,2024-01-22 11:03:00,MONITORING  (UK GOVT POLICY - NOT GQA OR RE),RIVER / RUNNING SURFACE WATER,0076,Temperature of Water,9.1,CELSIUS,2024-01-22
https://environment.data.gov.uk/water-quality/sampling-point/SW-81940830/sample/3505046/observation/0076,SW-81940830,RIVER ALLEN (FAL) AT IDLESS BRIDGE,182180,47010,SouthWest,SOUTH WEST - DEVON AND CORNWALL,WEST DEVON AND CORNWALL,OPEN,FRESHWATER - RIVERS,2024-01-29 10:46:00,MONITORING  (UK GOVT POLICY - NOT GQA OR RE),RIVER / RUNNING SURFACE WATER,0076,Temperature of Water,10.9,CELSIUS,2024-01-29
https://environment.data.gov.uk/water-quality/sampling-point/SW-81942260/sample/3502779/observation/0076,SW-81942260,HOSPITAL BRIDGE     RIVER KENWYN,179600,46200,SouthWest,SOUTH WEST - DEVON AND CORNWALL,WEST DEVON AND CORNWALL,OPEN,FRESHWATER - RIVERS,2024-01-03 12:01:00,MONITORING  (UK GOVT POLICY - NOT GQA OR RE),RIVER / RUNNING SURFACE WATER,0076,Temperature of Water,11.1,CELSIUS,2024-01-03
https://environment.data.gov.uk/water-quality/sampling-point/SW-81942260/sample/3503854/observation/0076,SW-81942260,HOSPITAL BRIDGE     RIVER KENWYN,179600,46200,SouthWest,SOUTH WEST - DEVON AND CORNWALL,WEST DEVON AND CORNWALL,OPEN,FRESHWATER - RIVERS,2024-01-12 10:04:00,MONITORING  (UK GOVT POLICY - NOT GQA OR RE),RIVER / RUNNING SURFACE WATER,0076,Temperature of Water,7.9,CELSIUS,2024-01-12
https://environment.data.gov.uk/water-quality/sampling-point/SW-81942260/sample/3504317/observation/0076,SW-81942260,HOSPITAL BRIDGE     RIVER KENWYN,179600,46200,SouthWest,SOUTH WEST - DEVON AND CORNWALL,WEST DEVON AND CORNWALL,OPEN,FRESHWATER - RIVERS,2024-01-15 09:32:00,MONITORING  (UK GOVT POLICY - NOT GQA OR RE),RIVER / RUNNING SURFACE WATER,0076,Temperature of Water,7.7,CELSIUS,2024-01-15
https://environment.data.gov.uk/water-quality/sampling-point/SW-81942260/sample/3504754/observation/0076,SW-81942260,HOSPITAL BRIDGE     RIVER KENWYN,179600,46200,SouthWest,SOUTH WEST - DEVON AND CORNWALL,WEST DEVON AND CORNWALL,OPEN,FRESHWATER - RIVERS,2024-01-22 10:43:00,MONITORING  (UK GOVT POLICY - NOT GQA OR RE),RIVER / RUNNING SURFACE WATER,0076,Temperature of Water,9.1,CELSIUS,2024-01-22
https://environment.data.gov.uk/water-quality/sampling-point/SW-81942260/sample/3505050/observation/0076,SW-81942260,HOSPITAL BRIDGE     RIVER KENWYN,179600,46200,SouthWest,SOUTH WEST - DEVON AND CORNWALL,WEST DEVON AND CORNWALL,OPEN,FRESHWATER - RIVERS,2024-01-29 10:31:00,MONITORING  (UK GOVT POLICY - NOT GQA OR RE),RIVER / RUNNING SURFACE WATER,0076,Temperature of Water,11.1,CELSIUS,2024-01-29
https://environment.data.gov.uk/water-quality/sampling-point/SW-81950522/sample/3504481/observation/0076,SW-81950522,CARNON RIVER AT DEVORAN BRIDGE BELOW CARNON DOWNS STW,179087,39436,SouthWest,SOUTH WEST - DEVON AND CORNWALL,WEST DEVON AND CORNWALL,OPEN,FRESHWATER - RIVERS,2024-01-16 11:37:00,ENVIRONMENTAL MONITORING STATUTORY (EU DIRECTIVES),RIVER / RUNNING SURFACE WATER,0076,Temperature of Water,10.2,CELSIUS,2024-01-16
https://environment.data.gov.uk/water-quality/sampling-point/SW-81950596/sample/3502816/observation/0076,SW-81950596,COUNTY ADIT AT COUNTY ADIT DISCHARGE,176199,41875,SouthWest,SOUTH WEST - DEVON AND CORNWALL,WEST DEVON AND CORNWALL,OPEN,MINEWATER,2024-01-03 12:48:00,ENVIRONMENTAL MONITORING STATUTORY (EU DIRECTIVES),GROUNDWATER,0076,Temperature of Water,12.3,CELSIUS,2024-01-03
https://environment.data.gov.uk/water-quality/sampling-point/SW-81951578/sample/3507935/observation/0076,SW-81951578,STITHIANS  WTW - DISCHARGE FROM SLUDGE PLANT,171950,36350,SouthWest,SOUTH WEST - DEVON AND CORNWALL,WEST DEVON AND CORNWALL,OPEN,TRADE DISCHARGES - PROCESS EFFLUENT - WATER COMPANY (WTW),2024-01-11 08:20:00,WATER QUALITY OPERATOR SELF MONITORING COMPLIANCE DATA,ANY TRADE EFFLUENT,0076,Temperature of Water,8,CELSIUS,2024-01-11
https://environment.data.gov.uk/water-quality/sampling-point/SW-82010111/sample/3504777/observation/0076,SW-82010111,RIVER COBER AT LOE POOL BAR OUTFALL,164250,24280,SouthWest,SOUTH WEST - DEVON AND CORNWALL,WEST DEVON AND CORNWALL,OPEN,FRESHWATER - RIVERS,2024-01-22 12:16:00,ENVIRONMENTAL MONITORING STATUTORY (EU DIRECTIVES),RIVER / RUNNING SURFACE WATER,0076,Temperature of Water,7.1,CELSIUS,2024-01-22
https://environment.data.gov.uk/water-quality/sampling-point/SW-82010131/sample/3504755/observation/0076,SW-82010131,CARMINOWE CREEK D/S CULDROSE STW,166227,24294,SouthWest,SOUTH WEST - DEVON AND CORNWALL,WEST DEVON AND CORNWALL,OPEN,FRESHWATER - RIVERS,2024-01-22 13:59:00,PLANNED INVESTIGATION (LOCAL MONITORING),RIVER / RUNNING SURFACE WATER,0076,Temperature of Water,10,CELSIUS,2024-01-22
https://environment.data.gov.uk/water-quality/sampling-point/SW-82010156/sample/3502708/observation/0076,SW-82010156,RIVER COBER AT LOWERTOWN BRIDGE,165800,29130,SouthWest,SOUTH WEST - DEVON AND CORNWALL,WEST DEVON AND CORNWALL,OPEN,FRESHWATER - RIVERS,2024-01-02 11:37:00,MONITORING  (UK GOVT POLICY - NOT GQA OR RE),RIVER / RUNNING SURFACE WATER,0076,Temperature of Water,11.2,CELSIUS,2024-01-02
https://environment.data.gov.uk/water-quality/sampling-point/SW-82010156/sample/3503878/observation/0076,SW-82010156,RIVER COBER AT LOWERTOWN BRIDGE,165800,29130,SouthWest,SOUTH WEST - DEVON AND CORNWALL,WEST DEVON AND CORNWALL,OPEN,FRESHWATER - RIVERS,2024-01-12 11:35:00,MONITORING  (UK GOVT POLICY - NOT GQA OR RE),RIVER / RUNNING SURFACE WATER,0076,Temperature of Water,7.7,CELSIUS,2024-01-12
https://environment.data.gov.uk/water-quality/sampling-point/SW-82010156/sample/3504368/observation/0076,SW-82010156,RIVER COBER AT LOWERTOWN BRIDGE,165800,29130,SouthWest,SOUTH WEST - DEVON AND CORNWALL,WEST DEVON AND CORNWALL,OPEN,FRESHWATER - RIVERS,2024-01-15 13:22:00,MONITORING  (UK GOVT POLICY - NOT GQA OR RE),RIVER / RUNNING SURFACE WATER,0076,Temperature of Water,8.3,CELSIUS,2024-01-15
https://environment.data.gov.uk/water-quality/sampling-point/SW-82010156/sample/3504778/observation/0076,SW-82010156,RIVER COBER AT LOWERTOWN BRIDGE,165800,29130,SouthWest,SOUTH WEST - DEVON AND CORNWALL,WEST DEVON AND CORNWALL,OPEN,FRESHWATER - RIVERS,2024-01-22 15:02:00,MONITORING  (UK GOVT POLICY - NOT GQA OR RE),RIVER / RUNNING SURFACE WATER,0076,Temperature of Water,9.6,CELSIUS,2024-01-22
https://environment.data.gov.uk/water-quality/sampling-point/SW-82010156/sample/3505112/observation/0076,SW-82010156,RIVER COBER AT LOWERTOWN BRIDGE,165800,29130,SouthWest,SOUTH WEST - DEVON AND CORNWALL,WEST DEVON AND CORNWALL,OPEN,FRESHWATER - RIVERS,2024-01-30 10:25:00,MONITORING  (UK GOVT POLICY - NOT GQA OR RE),RIVER / RUNNING SURFACE WATER,0076,Temperature of Water,8.8,CELSIUS,2024-01-30
https://environment.data.gov.uk/water-quality/sampling-point/SW-82010188/sample/3504257/observation/0076,SW-82010188,RIVER COBER AT BURRAS BRIDGE,167832,34895,SouthWest,SOUTH WEST - DEVON AND CORNWALL,WEST DEVON AND CORNWALL,OPEN,FRESHWATER - RIVERS,2024-01-15 13:37:00,MONITORING  (NATIONAL AGENCY POLICY),RIVER / RUNNING SURFACE WATER,0076,Temperature of Water,8.5,CELSIUS,2024-01-15
https://environment.data.gov.uk/water-quality/sampling-point/SW-82010192/sample/3504719/observation/0076,SW-82010192,CARMINOWE CREEK U/S CULDROSE STW,166571,24261,SouthWest,SOUTH WEST - DEVON AND CORNWALL,WEST DEVON AND CORNWALL,OPEN,FRESHWATER - RIVERS,2024-01-22 14:28:00,PLANNED INVESTIGATION (LOCAL MONITORING),RIVER / RUNNING SURFACE WATER,0076,Temperature of Water,10,CELSIUS,2024-01-22
https://environment.data.gov.uk/water-quality/sampling-point/SW-82010208/sample/3504779/observation/0076,SW-82010208,CARMINOWE CREEK FEEDER AT INFLOW TO LOE POOL,165494,24470,SouthWest,SOUTH WEST - DEVON AND CORNWALL,WEST DEVON AND CORNWALL,OPEN,FRESHWATER - RIVERS,2024-01-22 13:35:00,ENVIRONMENTAL MONITORING STATUTORY (EU DIRECTIVES),RIVER / RUNNING SURFACE WATER,0076,Temperature of Water,10.1,CELSIUS,2024-01-22
https://environment.data.gov.uk/water-quality/sampling-point/SW-82010347/sample/3503879/observation/0076,SW-82010347,PENROSE FEEDER AT INFLOW TO LOE POOL,164313,25715,SouthWest,SOUTH WEST - DEVON AND CORNWALL,WEST DEVON AND CORNWALL,OPEN,FRESHWATER - RIVERS,2024-01-12 11:55:00,ENVIRONMENTAL MONITORING STATUTORY (EU DIRECTIVES),RIVER / RUNNING SURFACE WATER,0076,Temperature of Water,9.7,CELSIUS,2024-01-12
https://environment.data.gov.uk/water-quality/sampling-point/SW-82110003/sample/3503795/observation/0076,SW-82110003,KERRIS FARM (SP1)  NEWLYN  PENZANCE                                        SAMPLED DIRECT FROM SPRING SOURCE,143710,27110,SouthWest,SOUTH WEST - DEVON AND CORNWALL,WEST DEVON AND CORNWALL,OPEN,GROUNDWATER - SPRING,2024-01-11 12:07:00,ENVIRONMENTAL MONITORING STATUTORY (EU DIRECTIVES),GROUNDWATER,0076,Temperature of Water,10.6,CELSIUS,2024-01-11
https://environment.data.gov.uk/water-quality/sampling-point/SW-82110010/sample/3503656/observation/0076,SW-82110010,PRIVATE WATER SUPPLY BOREHOLE  FRIESAN FIELDS                              LOWER TREMENHEERE     PENZANCE   CORNWALL,149230,32870,SouthWest,SOUTH WEST - DEVON AND CORNWALL,WEST DEVON AND CORNWALL,OPEN,GROUNDWATER - BOREHOLE,2024-01-10 09:58:00,ENVIRONMENTAL MONITORING STATUTORY (EU DIRECTIVES),GROUNDWATER,0076,Temperature of Water,10.8,CELSIUS,2024-01-10
https://environment.data.gov.uk/water-quality/sampling-point/SW-82110012/sample/3503657/observation/0076,SW-82110012,THE BARN  HIGHER TREGEREST FARM  NEWBRIDGE  PENZANCE                       SAMPLED FROM TAP 10M FROM BOREHOLE,140650,32060,SouthWest,SOUTH WEST - DEVON AND CORNWALL,WEST DEVON AND CORNWALL,OPEN,GROUNDWATER - BOREHOLE,2024-01-10 10:36:00,ENVIRONMENTAL MONITORING STATUTORY (EU DIRECTIVES),GROUNDWATER,0076,Temperature of Water,11.6,CELSIUS,2024-01-10
https://environment.data.gov.uk/water-quality/sampling-point/SW-82110014/sample/3503658/observation/0076,SW-82110014,TRENALLS FARM  ROSUDGEON  PENZANCE - SAMPLE PRIOR TO RESERVOIR,155610,28270,SouthWest,SOUTH WEST - DEVON AND CORNWALL,WEST DEVON AND CORNWALL,OPEN,GROUNDWATER - BOREHOLE,2024-01-10 12:55:00,ENVIRONMENTAL MONITORING STATUTORY (EU DIRECTIVES),GROUNDWATER,0076,Temperature of Water,12.7,CELSIUS,2024-01-10
https://environment.data.gov.uk/water-quality/sampling-point/SW-82110016/sample/3502709/observation/0076,SW-82110016,BARN COTTAGE AND ORCHARD BARN  CUCURRIAN  BOREHOLE SUPPLY,150790,34590,SouthWest,SOUTH WEST - DEVON AND CORNWALL,WEST DEVON AND CORNWALL,OPEN,GROUNDWATER - BOREHOLE,2024-01-02 12:43:00,ENVIRONMENTAL MONITORING STATUTORY (EU DIRECTIVES),GROUNDWATER,0076,Temperature of Water,13.1,CELSIUS,2024-01-02
https://environment.data.gov.uk/water-quality/sampling-point/SW-82110766/sample/3504309/observation/0076,SW-82110766,MARAZION RIVER AT NANCLEDRA ABOVE NANCLEDRA STW,149588,35951,SouthWest,SOUTH WEST - DEVON AND CORNWALL,WEST DEVON AND CORNWALL,OPEN,FRESHWATER - RIVERS,2024-01-15 13:48:00,MONITORING  (NATIONAL AGENCY POLICY),RIVER / RUNNING SURFACE WATER,0076,Temperature of Water,8.6,CELSIUS,2024-01-15
https://environment.data.gov.uk/water-quality/sampling-point/SW-82112121/sample/3504369/observation/0076,SW-82112121,NEWLYN RIVER AT NEWLYN BRIDGE,146257,29014,SouthWest,SOUTH WEST - DEVON AND CORNWALL,WEST DEVON AND CORNWALL,OPEN,FRESHWATER - RIVERS,2024-01-15 13:19:00,MONITORING  (NATIONAL AGENCY POLICY),RIVER / RUNNING SURFACE WATER,0076,Temperature of Water,7.5,CELSIUS,2024-01-15
https://environment.data.gov.uk/water-quality/sampling-point/SW-82112177/sample/3504292/observation/0076,SW-82112177,NEWLYN RIVER AT SKIMMEL BRIDGE,143375,30174,SouthWest,SOUTH WEST - DEVON AND CORNWALL,WEST DEVON AND CORNWALL,OPEN,FRESHWATER - RIVERS,2024-01-15 13:08:00,MONITORING  (NATIONAL AGENCY POLICY),RIVER / RUNNING SURFACE WATER,0076,Temperature of Water,8.2,CELSIUS,2024-01-15
https://environment.data.gov.uk/water-quality/sampling-point/SW-82112424/sample/3504291/observation/0076,SW-82112424,SANCREED BROOK AT SELLAN BRIDGE,142740,29871,SouthWest,SOUTH WEST - DEVON AND CORNWALL,WEST DEVON AND CORNWALL,OPEN,FRESHWATER - RIVERS,2024-01-15 12:55:00,MONITORING  (NATIONAL AGENCY POLICY),RIVER / RUNNING SURFACE WATER,0076,Temperature of Water,9.2,CELSIUS,2024-01-15
https://environment.data.gov.uk/water-quality/sampling-point/SW-82112424/sample/3505150/observation/0076,SW-82112424,SANCREED BROOK AT SELLAN BRIDGE,142740,29871,SouthWest,SOUTH WEST - DEVON AND CORNWALL,WEST DEVON AND CORNWALL,OPEN,FRESHWATER - RIVERS,2024-01-30 11:16:00,MONITORING  (NATIONAL AGENCY POLICY),RIVER / RUNNING SURFACE WATER,0076,Temperature of Water,8.8,CELSIUS,2024-01-30
https://environment.data.gov.uk/water-quality/sampling-point/SW-82115057/sample/3502799/observation/0076,SW-82115057,MOUSEHOLE CULVERT OUTFALL,146930,26370,SouthWest,SOUTH WEST - DEVON AND CORNWALL,WEST DEVON AND CORNWALL,OPEN,SEWAGE DISCHARGES - FINAL/TREATED EFFLUENT - WATER COMPANY,2024-01-03 10:07:00,PLANNED INVESTIGATION (LOCAL MONITORING),RIVER / RUNNING SURFACE WATER,0076,Temperature of Water,11.3,CELSIUS,2024-01-03
https://environment.data.gov.uk/water-quality/sampling-point/SW-82115057/sample/3504498/observation/0076,SW-82115057,MOUSEHOLE CULVERT OUTFALL,146930,26370,SouthWest,SOUTH WEST - DEVON AND CORNWALL,WEST DEVON AND CORNWALL,OPEN,SEWAGE DISCHARGES - FINAL/TREATED EFFLUENT - WATER COMPANY,2024-01-16 11:21:00,PLANNED INVESTIGATION (LOCAL MONITORING),RIVER / RUNNING SURFACE WATER,0076,Temperature of Water,10.3,CELSIUS,2024-01-16
https://environment.data.gov.uk/water-quality/sampling-point/SW-82115060/sample/3502795/observation/0076,SW-82115060,PAUL STREAM AT TRUNGLE MOOR,146150,27194,SouthWest,SOUTH WEST - DEVON AND CORNWALL,WEST DEVON AND CORNWALL,OPEN,FRESHWATER - RIVERS,2024-01-03 11:40:00,PLANNED INVESTIGATION (LOCAL MONITORING),RIVER / RUNNING SURFACE WATER,0076,Temperature of Water,11.4,CELSIUS,2024-01-03
https://environment.data.gov.uk/water-quality/sampling-point/SW-82115060/sample/3504499/observation/0076,SW-82115060,PAUL STREAM AT TRUNGLE MOOR,146150,27194,SouthWest,SOUTH WEST - DEVON AND CORNWALL,WEST DEVON AND CORNWALL,OPEN,FRESHWATER - RIVERS,2024-01-16 11:31:00,PLANNED INVESTIGATION (LOCAL MONITORING),RIVER / RUNNING SURFACE WATER,0076,Temperature of Water,10.5,CELSIUS,2024-01-16
https://environment.data.gov.uk/water-quality/sampling-point/SW-82115061/sample/3502796/observation/0076,SW-82115061,PAUL STREAM AT TRUNGLE FARM,146370,27165,SouthWest,SOUTH WEST - DEVON AND CORNWALL,WEST DEVON AND CORNWALL,OPEN,FRESHWATER - RIVERS,2024-01-03 11:29:00,PLANNED INVESTIGATION (LOCAL MONITORING),RIVER / RUNNING SURFACE WATER,0076,Temperature of Water,11.5,CELSIUS,2024-01-03
https://environment.data.gov.uk/water-quality/sampling-point/SW-82115061/sample/3504500/observation/0076,SW-82115061,PAUL STREAM AT TRUNGLE FARM,146370,27165,SouthWest,SOUTH WEST - DEVON AND CORNWALL,WEST DEVON AND CORNWALL,OPEN,FRESHWATER - RIVERS,2024-01-16 11:41:00,PLANNED INVESTIGATION (LOCAL MONITORING),RIVER / RUNNING SURFACE WATER,0076,Temperature of Water,10.5,CELSIUS,2024-01-16
https://environment.data.gov.uk/water-quality/sampling-point/SW-82115062/sample/3502797/observation/0076,SW-82115062,PAUL STREAM AT PENOLVA BARN,146735,26935,SouthWest,SOUTH WEST - DEVON AND CORNWALL,WEST DEVON AND CORNWALL,OPEN,FRESHWATER - RIVERS,2024-01-03 11:20:00,PLANNED INVESTIGATION (LOCAL MONITORING),RIVER / RUNNING SURFACE WATER,0076,Temperature of Water,11.3,CELSIUS,2024-01-03
https://environment.data.gov.uk/water-quality/sampling-point/SW-82115062/sample/3504501/observation/0076,SW-82115062,PAUL STREAM AT PENOLVA BARN,146735,26935,SouthWest,SOUTH WEST - DEVON AND CORNWALL,WEST DEVON AND CORNWALL,OPEN,FRESHWATER - RIVERS,2024-01-16 11:52:00,PLANNED INVESTIGATION (LOCAL MONITORING),RIVER / RUNNING SURFACE WATER,0076,Temperature of Water,10,CELSIUS,2024-01-16
https://environment.data.gov.uk/water-quality/sampling-point/SW-82115063/sample/3502798/observation/0076,SW-82115063,PAUL STREAM UPSTREAM TELEPHONE EXCHANGE,146778,26766,SouthWest,SOUTH WEST - DEVON AND CORNWALL,WEST DEVON AND CORNWALL,OPEN,FRESHWATER - RIVERS,2024-01-03 11:04:00,PLANNED INVESTIGATION (LOCAL MONITORING),RIVER / RUNNING SURFACE WATER,0076,Temperature of Water,11.4,CELSIUS,2024-01-03
https://environment.data.gov.uk/water-quality/sampling-point/SW-82115063/sample/3504502/observation/0076,SW-82115063,PAUL STREAM UPSTREAM TELEPHONE EXCHANGE,146778,26766,SouthWest,SOUTH WEST - DEVON AND CORNWALL,WEST DEVON AND CORNWALL,OPEN,FRESHWATER - RIVERS,2024-01-16 12:21:00,PLANNED INVESTIGATION (LOCAL MONITORING),RIVER / RUNNING SURFACE WATER,0076,Temperature of Water,10.2,CELSIUS,2024-01-16
https://environment.data.gov.uk/water-quality/sampling-point/SW-82115065/sample/3502800/observation/0076,SW-82115065,TUMBLE TYN AT TREEN ORCHARDS,146712,26225,SouthWest,SOUTH WEST - DEVON AND CORNWALL,WEST DEVON AND CORNWALL,OPEN,FRESHWATER - RIVERS,2024-01-03 10:42:00,PLANNED INVESTIGATION (LOCAL MONITORING),RIVER / RUNNING SURFACE WATER,0076,Temperature of Water,11.4,CELSIUS,2024-01-03
https://environment.data.gov.uk/water-quality/sampling-point/SW-82115065/sample/3504503/observation/0076,SW-82115065,TUMBLE TYN AT TREEN ORCHARDS,146712,26225,SouthWest,SOUTH WEST - DEVON AND CORNWALL,WEST DEVON AND CORNWALL,OPEN,FRESHWATER - RIVERS,2024-01-16 12:46:00,PLANNED INVESTIGATION (LOCAL MONITORING),RIVER / RUNNING SURFACE WATER,0076,Temperature of Water,10.5,CELSIUS,2024-01-16
https://environment.data.gov.uk/water-quality/sampling-point/SW-82210004/sample/3503796/observation/0076,SW-82210004,BOSPOWES  ST LEVAN   BOREHOLE POST FIBRE FILTRATION + UV,138430,23930,SouthWest,SOUTH WEST - DEVON AND CORNWALL,WEST DEVON AND CORNWALL,OPEN,GROUNDWATER - BOREHOLE,2024-01-11 13:10:00,ENVIRONMENTAL MONITORING STATUTORY (EU DIRECTIVES),GROUNDWATER,0076,Temperature of Water,10.1,CELSIUS,2024-01-11
https://environment.data.gov.uk/water-quality/sampling-point/SW-82210015/sample/3504370/observation/0076,SW-82210015,TREVEGA   WARTHA FARM   TOWEDNACK  ST IVES     LLE                         SAMPLED FROM A TAP PRIOR TO THE WATER TANK,148351,39934,SouthWest,SOUTH WEST - DEVON AND CORNWALL,WEST DEVON AND CORNWALL,OPEN,GROUNDWATER - BOREHOLE,2024-01-15 14:16:00,ENVIRONMENTAL MONITORING STATUTORY (EU DIRECTIVES),GROUNDWATER,0076,Temperature of Water,8.2,CELSIUS,2024-01-15
https://environment.data.gov.uk/water-quality/sampling-point/SW-82210105/sample/3503797/observation/0076,SW-82210105,PENBERTH STREAM AT PENBERTH BRIDGE,140081,22944,SouthWest,SOUTH WEST - DEVON AND CORNWALL,WEST DEVON AND CORNWALL,OPEN,FRESHWATER - RIVERS,2024-01-11 12:50:00,MONITORING  (NATIONAL AGENCY POLICY),RIVER / RUNNING SURFACE WATER,0076,Temperature of Water,7.6,CELSIUS,2024-01-11
https://environment.data.gov.uk/water-quality/sampling-point/SW-82211815/sample/3504642/observation/0076,SW-82211815,HAYLE ESTUARY - MOUTH,154980,38000,SouthWest,SOUTH WEST - DEVON AND CORNWALL,ECMAS SAMPLING (DEVON AND CORNWALL),OPEN,SALINE WATER - ESTUARINE SITES - NON BATHING/SHELLFISH,2024-01-18 10:35:00,PLANNED INVESTIGATION (LOCAL MONITORING),SEA WATER,0076,Temperature of Water,8.5,CELSIUS,2024-01-18
https://environment.data.gov.uk/water-quality/sampling-point/SW-82211818/sample/3504644/observation/0076,SW-82211818,RIVER HAYLE OFF EAST QUAY,155502,37648,SouthWest,SOUTH WEST - DEVON AND CORNWALL,ECMAS SAMPLING (DEVON AND CORNWALL),OPEN,SALINE WATER - ESTUARINE SITES - NON BATHING/SHELLFISH,2024-01-18 10:46:00,PLANNED INVESTIGATION (LOCAL MONITORING),SEA WATER,0076,Temperature of Water,8.5,CELSIUS,2024-01-18
https://environment.data.gov.uk/water-quality/sampling-point/SW-82211838/sample/3504643/observation/0076,SW-82211838,RIVER HAYLE ESTUARY DOWNSTREAM OF HAYLE S T W,155000,37000,SouthWest,SOUTH WEST - DEVON AND CORNWALL,ECMAS SAMPLING (DEVON AND CORNWALL),OPEN,FRESHWATER - RIVERS,2024-01-18 10:27:00,PLANNED INVESTIGATION (LOCAL MONITORING),SEA WATER,0076,Temperature of Water,9,CELSIUS,2024-01-18
https://environment.data.gov.uk/water-quality/sampling-point/SW-82211940/sample/3503161/observation/0076,SW-82211940,ANGARRACK STREAM AT ANGARRACK VIADUCT,158450,38090,SouthWest,SOUTH WEST - DEVON AND CORNWALL,WEST DEVON AND CORNWALL,OPEN,FRESHWATER - RIVERS,2024-01-04 13:18:00,PLANNED INVESTIGATION (LOCAL MONITORING),RIVER / RUNNING SURFACE WATER,0076,Temperature of Water,10,CELSIUS,2024-01-04
https://environment.data.gov.uk/water-quality/sampling-point/SW-82220001/sample/3503880/observation/0076,SW-82220001,TRENHAYLE FARM   ST ERTH    HAYLE                                          SAMPLED FROM A TAP AT THE HEAD OF THE BOREHOLE,156250,35550,SouthWest,SOUTH WEST - DEVON AND CORNWALL,WEST DEVON AND CORNWALL,OPEN,GROUNDWATER - BOREHOLE,2024-01-12 10:33:00,ENVIRONMENTAL MONITORING STATUTORY (EU DIRECTIVES),GROUNDWATER,0076,Temperature of Water,12.9,CELSIUS,2024-01-12
https://environment.data.gov.uk/water-quality/sampling-point/SW-82220303/sample/3504371/observation/0076,SW-82220303,MILLPOOL STREAM AT MILLPOOL,157140,31445,SouthWest,SOUTH WEST - DEVON AND CORNWALL,WEST DEVON AND CORNWALL,OPEN,FRESHWATER - RIVERS,2024-01-15 12:39:00,PLANNED INVESTIGATION (LOCAL MONITORING),RIVER / RUNNING SURFACE WATER,0076,Temperature of Water,6.8,CELSIUS,2024-01-15
https://environment.data.gov.uk/water-quality/sampling-point/SW-82220433/sample/3503604/observation/0076,SW-82220433,GODOLPHIN STREAM AT GWEDNA,160400,32120,SouthWest,SOUTH WEST - DEVON AND CORNWALL,WEST DEVON AND CORNWALL,OPEN,FRESHWATER - RIVERS,2024-01-10 13:43:00,PLANNED INVESTIGATION (LOCAL MONITORING),RIVER / RUNNING SURFACE WATER,0076,Temperature of Water,10.2,CELSIUS,2024-01-10
https://environment.data.gov.uk/water-quality/sampling-point/SW-82220505/sample/3503136/observation/0076,SW-82220505,NANCEGOLLAN STREAM AT TRENWHEAL,161419,33046,SouthWest,SOUTH WEST - DEVON AND CORNWALL,WEST DEVON AND CORNWALL,OPEN,FRESHWATER - RIVERS,2024-01-04 15:14:00,PLANNED INVESTIGATION (LOCAL MONITORING),RIVER / RUNNING SURFACE WATER,0076,Temperature of Water,9.9,CELSIUS,2024-01-04
https://environment.data.gov.uk/water-quality/sampling-point/SW-82221813/sample/3503881/observation/0076,SW-82221813,RIVER HAYLE AT ST ERTH GAUGING STATION,154874,34201,SouthWest,SOUTH WEST - DEVON AND CORNWALL,WEST DEVON AND CORNWALL,OPEN,FRESHWATER - RIVERS,2024-01-12 10:10:00,MONITORING  (UK GOVT POLICY - NOT GQA OR RE),RIVER / RUNNING SURFACE WATER,0076,Temperature of Water,8.6,CELSIUS,2024-01-12
https://environment.data.gov.uk/water-quality/sampling-point/SW-82221863/sample/3503659/observation/0076,SW-82221863,RIVER HAYLE AT GODOLPHIN BRIDGE,159610,32410,SouthWest,SOUTH WEST - DEVON AND CORNWALL,WEST DEVON AND CORNWALL,OPEN,FRESHWATER - RIVERS,2024-01-10 13:32:00,PLANNED INVESTIGATION (LOCAL MONITORING),RIVER / RUNNING SURFACE WATER,0076,Temperature of Water,9,CELSIUS,2024-01-10
https://environment.data.gov.uk/water-quality/sampling-point/SW-82221901/sample/3503599/observation/0076,SW-82221901,GURLYN STREAM AT FOOTBRIDGE UPSTREAM HAYLE RIVER,156111,32980,SouthWest,SOUTH WEST - DEVON AND CORNWALL,WEST DEVON AND CORNWALL,OPEN,FRESHWATER - RIVERS,2024-01-10 14:09:00,PLANNED INVESTIGATION (LOCAL MONITORING),RIVER / RUNNING SURFACE WATER,0076,Temperature of Water,8.6,CELSIUS,2024-01-10
https://environment.data.gov.uk/water-quality/sampling-point/SW-82310021/sample/3503697/observation/0076,SW-82310021,KENNELS COTTAGE    TEHIDY COUNTRY PARK   TEHIDY                            SAMPLED FROM TAP IN YARD,164160,43410,SouthWest,SOUTH WEST - DEVON AND CORNWALL,WEST DEVON AND CORNWALL,OPEN,GROUNDWATER - BOREHOLE,2024-01-11 14:33:00,ENVIRONMENTAL MONITORING STATUTORY (EU DIRECTIVES),GROUNDWATER,0076,Temperature of Water,12.5,CELSIUS,2024-01-11
https://environment.data.gov.uk/water-quality/sampling-point/SW-82310022/sample/3504780/observation/0076,SW-82310022,CARLEANS  GWITHIAN  HAYLE - SAMPLED FROM TAP IN FARM YARD,160650,42410,SouthWest,SOUTH WEST - DEVON AND CORNWALL,WEST DEVON AND CORNWALL,OPEN,GROUNDWATER - BOREHOLE,2024-01-22 09:16:00,ENVIRONMENTAL MONITORING STATUTORY (EU DIRECTIVES),GROUNDWATER,0076,Temperature of Water,10.6,CELSIUS,2024-01-22
https://environment.data.gov.uk/water-quality/sampling-point/SW-82310103/sample/3503249/observation/0076,SW-82310103,RED RIVER AT GWITHIAN TOWANS,158691,42007,SouthWest,SOUTH WEST - DEVON AND CORNWALL,WEST DEVON AND CORNWALL,OPEN,FRESHWATER - RIVERS,2024-01-04 08:48:00,MONITORING  (NATIONAL AGENCY POLICY),RIVER / RUNNING SURFACE WATER,0076,Temperature of Water,10.6,CELSIUS,2024-01-04
https://environment.data.gov.uk/water-quality/sampling-point/SW-82310103/sample/3503882/observation/0076,SW-82310103,RED RIVER AT GWITHIAN TOWANS,158691,42007,SouthWest,SOUTH WEST - DEVON AND CORNWALL,WEST DEVON AND CORNWALL,OPEN,FRESHWATER - RIVERS,2024-01-12 11:19:00,MONITORING  (UK GOVT POLICY - NOT GQA OR RE),RIVER / RUNNING SURFACE WATER,0076,Temperature of Water,9.6,CELSIUS,2024-01-12
https://environment.data.gov.uk/water-quality/sampling-point/SW-82310132/sample/3503107/observation/0076,SW-82310132,RED RIVER AT KIEVE BRIDGE,162958,42290,SouthWest,SOUTH WEST - DEVON AND CORNWALL,WEST DEVON AND CORNWALL,OPEN,FRESHWATER - RIVERS,2024-01-04 09:31:00,MONITORING  (NATIONAL AGENCY POLICY),RIVER / RUNNING SURFACE WATER,0076,Temperature of Water,12.7,CELSIUS,2024-01-04
https://environment.data.gov.uk/water-quality/sampling-point/SW-82310160/sample/3503251/observation/0076,SW-82310160,RED RIVER AT ROSCROGGAN BRIDGE ABOVE DOLCOATH ADIT,165020,42010,SouthWest,SOUTH WEST - DEVON AND CORNWALL,WEST DEVON AND CORNWALL,OPEN,FRESHWATER - RIVERS,2024-01-04 11:00:00,MONITORING  (NATIONAL AGENCY POLICY),RIVER / RUNNING SURFACE WATER,0076,Temperature of Water,9.9,CELSIUS,2024-01-04
https://environment.data.gov.uk/water-quality/sampling-point/SW-82310176/sample/3503215/observation/0076,SW-82310176,RED RIVER ABOVE SOUTH CROFTY PLANT AND MILL,166108,40918,SouthWest,SOUTH WEST - DEVON AND CORNWALL,WEST DEVON AND CORNWALL,OPEN,FRESHWATER - RIVERS,2024-01-04 12:22:00,MONITORING  (NATIONAL AGENCY POLICY),RIVER / RUNNING SURFACE WATER,0076,Temperature of Water,9.3,CELSIUS,2024-01-04
https://environment.data.gov.uk/water-quality/sampling-point/SW-82310183/sample/3503137/observation/0076,SW-82310183,RED RIVER D/S TRESKILLARD STREAM CONFLUENCE,166692,39678,SouthWest,SOUTH WEST - DEVON AND CORNWALL,WEST DEVON AND CORNWALL,OPEN,FRESHWATER - RIVERS,2024-01-04 13:02:00,MONITORING  (NATIONAL AGENCY POLICY),RIVER / RUNNING SURFACE WATER,0076,Temperature of Water,9.3,CELSIUS,2024-01-04
https://environment.data.gov.uk/water-quality/sampling-point/SW-82310411/sample/3504245/observation/0076,SW-82310411,ROSEWORTHY STREAM AT NANCEMELLIN,160635,41039,SouthWest,SOUTH WEST - DEVON AND CORNWALL,WEST DEVON AND CORNWALL,OPEN,FRESHWATER - RIVERS,2024-01-15 11:14:00,MONITORING  (NATIONAL AGENCY POLICY),RIVER / RUNNING SURFACE WATER,0076,Temperature of Water,9.1,CELSIUS,2024-01-15
https://environment.data.gov.uk/water-quality/sampling-point/SW-82310411/sample/3505005/observation/0076,SW-82310411,ROSEWORTHY STREAM AT NANCEMELLIN,160635,41039,SouthWest,SOUTH WEST - DEVON AND CORNWALL,WEST DEVON AND CORNWALL,OPEN,FRESHWATER - RIVERS,2024-01-26 12:13:00,MONITORING  (NATIONAL AGENCY POLICY),RIVER / RUNNING SURFACE WATER,0076,Temperature of Water,10.1,CELSIUS,2024-01-26
https://environment.data.gov.uk/water-quality/sampling-point/SW-82310570/sample/3504426/observation/0076,SW-82310570,PRAZE RIVER AT PRAZE,164079,35582,SouthWest,SOUTH WEST - DEVON AND CORNWALL,WEST DEVON AND CORNWALL,OPEN,FRESHWATER - RIVERS,2024-01-16 10:05:00,MONITORING  (NATIONAL AGENCY POLICY),RIVER / RUNNING SURFACE WATER,0076,Temperature of Water,6.5,CELSIUS,2024-01-16
https://environment.data.gov.uk/water-quality/sampling-point/SW-82310570/sample/3504924/observation/0076,SW-82310570,PRAZE RIVER AT PRAZE,164079,35582,SouthWest,SOUTH WEST - DEVON AND CORNWALL,WEST DEVON AND CORNWALL,OPEN,FRESHWATER - RIVERS,2024-01-24 10:48:00,MONITORING  (NATIONAL AGENCY POLICY),RIVER / RUNNING SURFACE WATER,0076,Temperature of Water,9.5,CELSIUS,2024-01-24
https://environment.data.gov.uk/water-quality/sampling-point/SW-82310575/sample/3504294/observation/0076,SW-82310575,PRAZE RIVER AT FOOTPATH APPROX 400M D/S PRAZE AN BEEBLE STW,162965,36134,SouthWest,SOUTH WEST - DEVON AND CORNWALL,WEST DEVON AND CORNWALL,OPEN,FRESHWATER - RIVERS,2024-01-15 12:07:00,PLANNED INVESTIGATION (LOCAL MONITORING),RIVER / RUNNING SURFACE WATER,0076,Temperature of Water,8.6,CELSIUS,2024-01-15
https://environment.data.gov.uk/water-quality/sampling-point/SW-82310575/sample/3504882/observation/0076,SW-82310575,PRAZE RIVER AT FOOTPATH APPROX 400M D/S PRAZE AN BEEBLE STW,162965,36134,SouthWest,SOUTH WEST - DEVON AND CORNWALL,WEST DEVON AND CORNWALL,OPEN,FRESHWATER - RIVERS,2024-01-24 10:33:00,MONITORING  (NATIONAL AGENCY POLICY),RIVER / RUNNING SURFACE WATER,0076,Temperature of Water,10.3,CELSIUS,2024-01-24
https://environment.data.gov.uk/water-quality/sampling-point/SW-82311805/sample/3503253/observation/0076,SW-82311805,PERRANPORTH STREAM AT PLEASURE GARDENS  PERRANPORTH,175600,54070,SouthWest,SOUTH WEST - DEVON AND CORNWALL,WEST DEVON AND CORNWALL,OPEN,FRESHWATER - RIVERS,2024-01-04 09:33:00,MONITORING  (NATIONAL AGENCY POLICY),RIVER / RUNNING SURFACE WATER,0076,Temperature of Water,10.2,CELSIUS,2024-01-04
https://environment.data.gov.uk/water-quality/sampling-point/SW-82311879/sample/3503822/observation/0076,SW-82311879,PERRANPORTH STREAM AT SILVERWELL,174730,47750,SouthWest,SOUTH WEST - DEVON AND CORNWALL,WEST DEVON AND CORNWALL,OPEN,FRESHWATER - RIVERS,2024-01-11 11:30:00,UNPLANNED REACTIVE MONITORING (POLLUTION INCIDENTS),ANY WATER,0076,Temperature of Water,0.7,CELSIUS,2024-01-11
https://environment.data.gov.uk/water-quality/sampling-point/SW-82311912/sample/3504483/observation/0076,SW-82311912,BOLINGEY STREAM AT BOLINGEY,176474,53276,SouthWest,SOUTH WEST - DEVON AND CORNWALL,WEST DEVON AND CORNWALL,OPEN,FRESHWATER - RIVERS,2024-01-16 09:08:00,MONITORING  (NATIONAL AGENCY POLICY),RIVER / RUNNING SURFACE WATER,0076,Temperature of Water,6.5,CELSIUS,2024-01-16
https://environment.data.gov.uk/water-quality/sampling-point/SW-82311932/sample/3504289/observation/0076,SW-82311932,BOLINGEY STREAM U/S GOONHAVERN STREAM UNDER VIADUCT,177274,52757,SouthWest,SOUTH WEST - DEVON AND CORNWALL,WEST DEVON AND CORNWALL,OPEN,FRESHWATER - RIVERS,2024-01-15 09:10:00,MONITORING  (NATIONAL AGENCY POLICY),RIVER / RUNNING SURFACE WATER,0076,Temperature of Water,7.5,CELSIUS,2024-01-15
https://environment.data.gov.uk/water-quality/sampling-point/SW-82311935/sample/3504290/observation/0076,SW-82311935,BOLINGEY STREAM AT VENTONGIMPS,178048,51479,SouthWest,SOUTH WEST - DEVON AND CORNWALL,WEST DEVON AND CORNWALL,OPEN,FRESHWATER - RIVERS,2024-01-15 09:26:00,MONITORING  (NATIONAL AGENCY POLICY),RIVER / RUNNING SURFACE WATER,0076,Temperature of Water,7.8,CELSIUS,2024-01-15
https://environment.data.gov.uk/water-quality/sampling-point/SW-82319999/sample/3503314/observation/0076,SW-82319999,MISCELLANEOUS RED RIVER CATCHMENT,158100,41900,SouthWest,SOUTH WEST - DEVON AND CORNWALL,WEST DEVON AND CORNWALL,OPEN,POLLUTION/INVESTIGATION POINTS - ENVIRONMENT,2024-01-06 15:00:00,UNPLANNED REACTIVE MONITORING (POLLUTION INCIDENTS),RIVER / RUNNING SURFACE WATER,0076,Temperature of Water,9.6,CELSIUS,2024-01-06
https://environment.data.gov.uk/water-quality/sampling-point/SW-82319999/sample/3503315/observation/0076,SW-82319999,MISCELLANEOUS RED RIVER CATCHMENT,158100,41900,SouthWest,SOUTH WEST - DEVON AND CORNWALL,WEST DEVON AND CORNWALL,OPEN,POLLUTION/INVESTIGATION POINTS - ENVIRONMENT,2024-01-06 15:40:00,UNPLANNED REACTIVE MONITORING (POLLUTION INCIDENTS),RIVER / RUNNING SURFACE WATER,0076,Temperature of Water,9.6,CELSIUS,2024-01-06
https://environment.data.gov.uk/water-quality/sampling-point/SW-82319999/sample/3503316/observation/0076,SW-82319999,MISCELLANEOUS RED RIVER CATCHMENT,158100,41900,SouthWest,SOUTH WEST - DEVON AND CORNWALL,WEST DEVON AND CORNWALL,OPEN,POLLUTION/INVESTIGATION POINTS - ENVIRONMENT,2024-01-06 16:15:00,UNPLANNED REACTIVE MONITORING (POLLUTION INCIDENTS),RIVER / RUNNING SURFACE WATER,0076,Temperature of Water,10.4,CELSIUS,2024-01-06
https://environment.data.gov.uk/water-quality/sampling-point/SW-82319999/sample/3503317/observation/0076,SW-82319999,MISCELLANEOUS RED RIVER CATCHMENT,158100,41900,SouthWest,SOUTH WEST - DEVON AND CORNWALL,WEST DEVON AND CORNWALL,OPEN,POLLUTION/INVESTIGATION POINTS - ENVIRONMENT,2024-01-06 16:30:00,UNPLANNED REACTIVE MONITORING (POLLUTION INCIDENTS),RIVER / RUNNING SURFACE WATER,0076,Temperature of Water,10.6,CELSIUS,2024-01-06
https://environment.data.gov.uk/water-quality/sampling-point/SW-82319999/sample/3503434/observation/0076,SW-82319999,MISCELLANEOUS RED RIVER CATCHMENT,158100,41900,SouthWest,SOUTH WEST - DEVON AND CORNWALL,WEST DEVON AND CORNWALL,OPEN,POLLUTION/INVESTIGATION POINTS - ENVIRONMENT,2024-01-08 14:25:00,UNPLANNED REACTIVE MONITORING (POLLUTION INCIDENTS),POND / LAKE / RESERVOIR WATER,0076,Temperature of Water,7.8,CELSIUS,2024-01-08
https://environment.data.gov.uk/water-quality/sampling-point/SW-82319999/sample/3503435/observation/0076,SW-82319999,MISCELLANEOUS RED RIVER CATCHMENT,158100,41900,SouthWest,SOUTH WEST - DEVON AND CORNWALL,WEST DEVON AND CORNWALL,OPEN,POLLUTION/INVESTIGATION POINTS - ENVIRONMENT,2024-01-08 15:05:00,UNPLANNED REACTIVE MONITORING (POLLUTION INCIDENTS),RIVER / RUNNING SURFACE WATER,0076,Temperature of Water,8.9,CELSIUS,2024-01-08
https://environment.data.gov.uk/water-quality/sampling-point/SW-82319999/sample/3503436/observation/0076,SW-82319999,MISCELLANEOUS RED RIVER CATCHMENT,158100,41900,SouthWest,SOUTH WEST - DEVON AND CORNWALL,WEST DEVON AND CORNWALL,OPEN,POLLUTION/INVESTIGATION POINTS - ENVIRONMENT,2024-01-08 12:41:00,UNPLANNED REACTIVE MONITORING (POLLUTION INCIDENTS),RIVER / RUNNING SURFACE WATER,0076,Temperature of Water,7.3,CELSIUS,2024-01-08
https://environment.data.gov.uk/water-quality/sampling-point/SW-82319999/sample/3503437/observation/0076,SW-82319999,MISCELLANEOUS RED RIVER CATCHMENT,158100,41900,SouthWest,SOUTH WEST - DEVON AND CORNWALL,WEST DEVON AND CORNWALL,OPEN,POLLUTION/INVESTIGATION POINTS - ENVIRONMENT,2024-01-08 14:40:00,UNPLANNED REACTIVE MONITORING (POLLUTION INCIDENTS),RIVER / RUNNING SURFACE WATER,0076,Temperature of Water,8.9,CELSIUS,2024-01-08
https://environment.data.gov.uk/water-quality/sampling-point/SW-82319999/sample/3503438/observation/0076,SW-82319999,MISCELLANEOUS RED RIVER CATCHMENT,158100,41900,SouthWest,SOUTH WEST - DEVON AND CORNWALL,WEST DEVON AND CORNWALL,OPEN,POLLUTION/INVESTIGATION POINTS - ENVIRONMENT,2024-01-08 13:00:00,UNPLANNED REACTIVE MONITORING (POLLUTION INCIDENTS),RIVER / RUNNING SURFACE WATER,0076,Temperature of Water,8.6,CELSIUS,2024-01-08
https://environment.data.gov.uk/water-quality/sampling-point/SW-82319999/sample/3503439/observation/0076,SW-82319999,MISCELLANEOUS RED RIVER CATCHMENT,158100,41900,SouthWest,SOUTH WEST - DEVON AND CORNWALL,WEST DEVON AND CORNWALL,OPEN,POLLUTION/INVESTIGATION POINTS - ENVIRONMENT,2024-01-08 14:00:00,UNPLANNED REACTIVE MONITORING (POLLUTION INCIDENTS),RIVER / RUNNING SURFACE WATER,0076,Temperature of Water,8.7,CELSIUS,2024-01-08
https://environment.data.gov.uk/water-quality/sampling-point/SW-82319999/sample/3503824/observation/0076,SW-82319999,MISCELLANEOUS RED RIVER CATCHMENT,158100,41900,SouthWest,SOUTH WEST - DEVON AND CORNWALL,WEST DEVON AND CORNWALL,OPEN,POLLUTION/INVESTIGATION POINTS - ENVIRONMENT,2024-01-11 11:07:00,UNPLANNED REACTIVE MONITORING (POLLUTION INCIDENTS),RIVER / RUNNING SURFACE WATER,0076,Temperature of Water,1.8,CELSIUS,2024-01-11
https://environment.data.gov.uk/water-quality/sampling-point/SW-82510009/sample/3503557/observation/0076,SW-82510009,DINAS COVE CAMPING  PADSTOW                                                SAMPLED PRIOR TO ENTERING RESERVOIR,191970,74340,SouthWest,SOUTH WEST - DEVON AND CORNWALL,WEST DEVON AND CORNWALL,OPEN,GROUNDWATER - BOREHOLE,2024-01-10 10:17:00,ENVIRONMENTAL MONITORING STATUTORY (EU DIRECTIVES),GROUNDWATER,0076,Temperature of Water,13,CELSIUS,2024-01-10
https://environment.data.gov.uk/water-quality/sampling-point/SW-82511153/sample/3507855/observation/0076,SW-82511153,ST. COLUMB  S T W - EFFLUENT,190500,64100,SouthWest,SOUTH WEST - DEVON AND CORNWALL,WEST DEVON AND CORNWALL,OPEN,SEWAGE DISCHARGES - FINAL/TREATED EFFLUENT - WATER COMPANY,2024-01-08 09:25:00,WATER QUALITY OPERATOR SELF MONITORING COMPLIANCE DATA,FINAL SEWAGE EFFLUENT,0076,Temperature of Water,4,CELSIUS,2024-01-08
https://environment.data.gov.uk/water-quality/sampling-point/SW-82513260/sample/3504262/observation/0076,SW-82513260,ISSEY BROOK BELOW MELLINGEY STREAM BELOW MELLINGEY TROUT FARM,192054,71845,SouthWest,SOUTH WEST - DEVON AND CORNWALL,WEST DEVON AND CORNWALL,OPEN,FRESHWATER - RIVERS,2024-01-15 12:22:00,MONITORING  (NATIONAL AGENCY POLICY),RIVER / RUNNING SURFACE WATER,0076,Temperature of Water,7.8,CELSIUS,2024-01-15
https://environment.data.gov.uk/water-quality/sampling-point/SW-82513621/sample/3504256/observation/0076,SW-82513621,PORTHILLY STREAM AT FOOTBRIDGE,193721,75456,SouthWest,SOUTH WEST - DEVON AND CORNWALL,WEST DEVON AND CORNWALL,OPEN,FRESHWATER - RIVERS,2024-01-15 13:00:00,MONITORING  (NATIONAL AGENCY POLICY),RIVER / RUNNING SURFACE WATER,0076,Temperature of Water,9.4,CELSIUS,2024-01-15
https://environment.data.gov.uk/water-quality/sampling-point/SW-82513920/sample/3504372/observation/0076,SW-82513920,RIVER AMBLE AT CHAPEL AMBLE BRIDGE,199880,75340,SouthWest,SOUTH WEST - DEVON AND CORNWALL,WEST DEVON AND CORNWALL,OPEN,FRESHWATER - RIVERS,2024-01-15 13:55:00,MONITORING  (NATIONAL AGENCY POLICY),RIVER / RUNNING SURFACE WATER,0076,Temperature of Water,7.1,CELSIUS,2024-01-15
https://environment.data.gov.uk/water-quality/sampling-point/SW-82514993/sample/3504247/observation/0076,SW-82514993,FISTRAL NORTH (32200),179980,62130,SouthWest,SOUTH WEST - DEVON AND CORNWALL,WEST DEVON AND CORNWALL,OPEN,SALINE WATER - DESIGNATED BATHING BEACHES,2024-01-15 10:54:00,PLANNED INVESTIGATION (LOCAL MONITORING),SEA WATER,0076,Temperature of Water,7.6,CELSIUS,2024-01-15
https://environment.data.gov.uk/water-quality/sampling-point/SW-82514993/sample/3505017/observation/0076,SW-82514993,FISTRAL NORTH (32200),179980,62130,SouthWest,SOUTH WEST - DEVON AND CORNWALL,WEST DEVON AND CORNWALL,OPEN,SALINE WATER - DESIGNATED BATHING BEACHES,2024-01-29 11:18:00,PLANNED INVESTIGATION (LOCAL MONITORING),SEA WATER,0076,Temperature of Water,11.2,CELSIUS,2024-01-29
https://environment.data.gov.uk/water-quality/sampling-point/SW-82517005/sample/3504373/observation/0076,SW-82517005,POLZEATH BEACH - STREAM A,193650,78900,SouthWest,SOUTH WEST - DEVON AND CORNWALL,WEST DEVON AND CORNWALL,OPEN,FRESHWATER - RIVERS,2024-01-15 13:32:00,MONITORING  (NATIONAL AGENCY POLICY),RIVER / RUNNING SURFACE WATER,0076,Temperature of Water,7.6,CELSIUS,2024-01-15
https://environment.data.gov.uk/water-quality/sampling-point/SW-82518044/sample/3504484/observation/0076,SW-82518044,CAMEL ESTUARY - BY PADSTOW,192150,75600,SouthWest,SOUTH WEST - DEVON AND CORNWALL,ECMAS SAMPLING (DEVON AND CORNWALL),OPEN,SALINE WATER - ESTUARINE SITES - NON BATHING/SHELLFISH,2024-01-16 09:27:00,ENVIRONMENTAL MONITORING STATUTORY (EU DIRECTIVES),ESTUARINE WATER,0076,Temperature of Water,9.4,CELSIUS,2024-01-16
https://environment.data.gov.uk/water-quality/sampling-point/SW-82518086/sample/3504496/observation/0076,SW-82518086,CAMEL SHELLFISH WATER,193900,74700,SouthWest,SOUTH WEST - DEVON AND CORNWALL,ECMAS SAMPLING (DEVON AND CORNWALL),OPEN,SALINE WATER - DESIGNATED SHELLFISHERIES,2024-01-16 09:18:00,ENVIRONMENTAL MONITORING STATUTORY (EU DIRECTIVES),ESTUARINE WATER,0076,Temperature of Water,9.6,CELSIUS,2024-01-16
https://environment.data.gov.uk/water-quality/sampling-point/SW-82518100/sample/3504414/observation/0076,SW-82518100,CAMEL ESTUARY OFF PINKSON CREEK (SOUTH BANK),194700,73700,SouthWest,SOUTH WEST - DEVON AND CORNWALL,ECMAS SAMPLING (DEVON AND CORNWALL),OPEN,SALINE WATER - ESTUARINE SITES - NON BATHING/SHELLFISH,2024-01-16 09:13:00,ENVIRONMENTAL MONITORING STATUTORY (EU DIRECTIVES),ESTUARINE WATER,0076,Temperature of Water,9.4,CELSIUS,2024-01-16
https://environment.data.gov.uk/water-quality/sampling-point/SW-82518111/sample/3504395/observation/0076,SW-82518111,CAMEL ESTUARY - MID ESTUARY,196080,74100,SouthWest,SOUTH WEST - DEVON AND CORNWALL,ECMAS SAMPLING (DEVON AND CORNWALL),OPEN,SALINE WATER - ESTUARINE SITES - NON BATHING/SHELLFISH,2024-01-16 09:08:00,ENVIRONMENTAL MONITORING STATUTORY (EU DIRECTIVES),ESTUARINE WATER,0076,Temperature of Water,9,CELSIUS,2024-01-16
https://environment.data.gov.uk/water-quality/sampling-point/SW-82518180/sample/3504277/observation/0076,SW-82518180,POLMORLA STREAM AT CORONATION PARK,198548,71924,SouthWest,SOUTH WEST - DEVON AND CORNWALL,WEST DEVON AND CORNWALL,OPEN,FRESHWATER - RIVERS,2024-01-15 11:55:00,MONITORING  (NATIONAL AGENCY POLICY),RIVER / RUNNING SURFACE WATER,0076,Temperature of Water,7.6,CELSIUS,2024-01-15
https://environment.data.gov.uk/water-quality/sampling-point/SW-82521205/sample/3503660/observation/0076,SW-82521205,ST. LAWRENCE STREAM PRIOR TO RIVER CAMEL,204310,67321,SouthWest,SOUTH WEST - DEVON AND CORNWALL,WEST DEVON AND CORNWALL,OPEN,FRESHWATER - RIVERS,2024-01-10 11:07:00,PLANNED INVESTIGATION (LOCAL MONITORING),RIVER / RUNNING SURFACE WATER,0076,Temperature of Water,7.6,CELSIUS,2024-01-10
https://environment.data.gov.uk/water-quality/sampling-point/SW-82521220/sample/3504274/observation/0076,SW-82521220,ST. LAWRENCE STREAM ABOVE PENDEWEY BRIDGE,204504,66999,SouthWest,SOUTH WEST - DEVON AND CORNWALL,WEST DEVON AND CORNWALL,OPEN,FRESHWATER - RIVERS,2024-01-15 10:56:00,PLANNED INVESTIGATION (LOCAL MONITORING),RIVER / RUNNING SURFACE WATER,0076,Temperature of Water,8.4,CELSIUS,2024-01-15
https://environment.data.gov.uk/water-quality/sampling-point/SW-82521235/sample/3503145/observation/0076,SW-82521235,ST LAWRENCE STREAM AT BLOWINGHOUSE LANE,205604,65684,SouthWest,SOUTH WEST - DEVON AND CORNWALL,WEST DEVON AND CORNWALL,OPEN,FRESHWATER - RIVERS,2024-01-04 10:29:00,MONITORING  (UK GOVT POLICY - NOT GQA OR RE),RIVER / RUNNING SURFACE WATER,0076,Temperature of Water,10.1,CELSIUS,2024-01-04
https://environment.data.gov.uk/water-quality/sampling-point/SW-82521235/sample/3503584/observation/0076,SW-82521235,ST LAWRENCE STREAM AT BLOWINGHOUSE LANE,205604,65684,SouthWest,SOUTH WEST - DEVON AND CORNWALL,WEST DEVON AND CORNWALL,OPEN,FRESHWATER - RIVERS,2024-01-10 11:23:00,MONITORING  (UK GOVT POLICY - NOT GQA OR RE),RIVER / RUNNING SURFACE WATER,0076,Temperature of Water,7.8,CELSIUS,2024-01-10
https://environment.data.gov.uk/water-quality/sampling-point/SW-82521235/sample/3504276/observation/0076,SW-82521235,ST LAWRENCE STREAM AT BLOWINGHOUSE LANE,205604,65684,SouthWest,SOUTH WEST - DEVON AND CORNWALL,WEST DEVON AND CORNWALL,OPEN,FRESHWATER - RIVERS,2024-01-15 10:40:00,MONITORING  (UK GOVT POLICY - NOT GQA OR RE),RIVER / RUNNING SURFACE WATER,0076,Temperature of Water,8.3,CELSIUS,2024-01-15
https://environment.data.gov.uk/water-quality/sampling-point/SW-82521235/sample/3504733/observation/0076,SW-82521235,ST LAWRENCE STREAM AT BLOWINGHOUSE LANE,205604,65684,SouthWest,SOUTH WEST - DEVON AND CORNWALL,WEST DEVON AND CORNWALL,OPEN,FRESHWATER - RIVERS,2024-01-22 11:41:00,MONITORING  (UK GOVT POLICY - NOT GQA OR RE),RIVER / RUNNING SURFACE WATER,0076,Temperature of Water,9.5,CELSIUS,2024-01-22
https://environment.data.gov.uk/water-quality/sampling-point/SW-82521235/sample/3505035/observation/0076,SW-82521235,ST LAWRENCE STREAM AT BLOWINGHOUSE LANE,205604,65684,SouthWest,SOUTH WEST - DEVON AND CORNWALL,WEST DEVON AND CORNWALL,OPEN,FRESHWATER - RIVERS,2024-01-29 11:25:00,MONITORING  (UK GOVT POLICY - NOT GQA OR RE),RIVER / RUNNING SURFACE WATER,0076,Temperature of Water,11.1,CELSIUS,2024-01-29
https://environment.data.gov.uk/water-quality/sampling-point/SW-82522304/sample/3502746/observation/0076,SW-82522304,STANNON STREAM AT TRECARNE,209750,80530,SouthWest,SOUTH WEST - DEVON AND CORNWALL,WEST DEVON AND CORNWALL,OPEN,FRESHWATER - RIVERS,2024-01-03 09:38:00,ENVIRONMENTAL MONITORING STATUTORY (EU DIRECTIVES),RIVER / RUNNING SURFACE WATER,0076,Temperature of Water,9.3,CELSIUS,2024-01-03
https://environment.data.gov.uk/water-quality/sampling-point/SW-82528005/sample/3504485/observation/0076,SW-82528005,RIVER CAMEL AT POLBROCK,201349,69568,SouthWest,SOUTH WEST - DEVON AND CORNWALL,WEST DEVON AND CORNWALL,OPEN,FRESHWATER - RIVERS,2024-01-16 13:11:00,MONITORING  (UK GOVT POLICY - NOT GQA OR RE),RIVER / RUNNING SURFACE WATER,0076,Temperature of Water,6.5,CELSIUS,2024-01-16
https://environment.data.gov.uk/water-quality/sampling-point/SW-82528011/sample/3504374/observation/0076,SW-82528011,RIVER CAMEL AT GROGLEY,201495,68499,SouthWest,SOUTH WEST - DEVON AND CORNWALL,WEST DEVON AND CORNWALL,OPEN,FRESHWATER - RIVERS,2024-01-15 11:30:00,MONITORING  (UK GOVT POLICY - NOT GQA OR RE),RIVER / RUNNING SURFACE WATER,0076,Temperature of Water,7.2,CELSIUS,2024-01-15
https://environment.data.gov.uk/water-quality/sampling-point/SW-82528047/sample/3504486/observation/0076,SW-82528047,RIVER CAMEL AT DUNMERE BRIDGE,204808,67807,SouthWest,SOUTH WEST - DEVON AND CORNWALL,WEST DEVON AND CORNWALL,OPEN,FRESHWATER - RIVERS,2024-01-16 14:19:00,MONITORING  (NATIONAL AGENCY POLICY),RIVER / RUNNING SURFACE WATER,0076,Temperature of Water,6.2,CELSIUS,2024-01-16
https://environment.data.gov.uk/water-quality/sampling-point/SW-82528060/sample/3504420/observation/0076,SW-82528060,RIVER CAMEL AT HELLANDBRIDGE,206550,71500,SouthWest,SOUTH WEST - DEVON AND CORNWALL,WEST DEVON AND CORNWALL,OPEN,FRESHWATER - RIVERS,2024-01-16 13:40:00,PLANNED INVESTIGATION (LOCAL MONITORING),RIVER / RUNNING SURFACE WATER,0076,Temperature of Water,6.4,CELSIUS,2024-01-16
https://environment.data.gov.uk/water-quality/sampling-point/SW-82528082/sample/3503839/observation/0076,SW-82528082,RIVER CAMEL AT WENFORD,208500,75180,SouthWest,SOUTH WEST - DEVON AND CORNWALL,WEST DEVON AND CORNWALL,OPEN,FRESHWATER - RIVERS,2024-01-12 09:37:00,MONITORING  (NATIONAL AGENCY POLICY),RIVER / RUNNING SURFACE WATER,0076,Temperature of Water,6.8,CELSIUS,2024-01-12
https://environment.data.gov.uk/water-quality/sampling-point/SW-82528110/sample/3504646/observation/0076,SW-82528110,RIVER CAMEL AT TRECARNE BRIDGE,209723,80545,SouthWest,SOUTH WEST - DEVON AND CORNWALL,WEST DEVON AND CORNWALL,OPEN,FRESHWATER - RIVERS,2024-01-18 15:35:00,MONITORING  (NATIONAL AGENCY POLICY),RIVER / RUNNING SURFACE WATER,0076,Temperature of Water,5.9,CELSIUS,2024-01-18
https://environment.data.gov.uk/water-quality/sampling-point/SW-82528120/sample/3504671/observation/0076,SW-82528120,RIVER CAMEL AT FENTEROON BRIDGE (FORMERLY PENCARROW),210380,82700,SouthWest,SOUTH WEST - DEVON AND CORNWALL,WEST DEVON AND CORNWALL,OPEN,FRESHWATER - RIVERS,2024-01-18 14:46:00,PLANNED INVESTIGATION (LOCAL MONITORING),RIVER / RUNNING SURFACE WATER,0076,Temperature of Water,6.1,CELSIUS,2024-01-18
https://environment.data.gov.uk/water-quality/sampling-point/SW-82528154/sample/3504672/observation/0076,SW-82528154,RIVER CAMEL AT CAMELFORD BRIDGE,210670,83830,SouthWest,SOUTH WEST - DEVON AND CORNWALL,WEST DEVON AND CORNWALL,OPEN,FRESHWATER - RIVERS,2024-01-18 14:28:00,MONITORING  (NATIONAL AGENCY POLICY),RIVER / RUNNING SURFACE WATER,0076,Temperature of Water,6.3,CELSIUS,2024-01-18
https://environment.data.gov.uk/water-quality/sampling-point/SW-82528159/sample/3502737/observation/0076,SW-82528159,RIVER CAMEL AT SLAUGHTERBRIDGE,210930,85550,SouthWest,SOUTH WEST - DEVON AND CORNWALL,WEST DEVON AND CORNWALL,OPEN,FRESHWATER - RIVERS,2024-01-03 09:52:00,MONITORING  (UK GOVT POLICY - NOT GQA OR RE),RIVER / RUNNING SURFACE WATER,0076,Temperature of Water,10.1,CELSIUS,2024-01-03
https://environment.data.gov.uk/water-quality/sampling-point/SW-82528159/sample/3503832/observation/0076,SW-82528159,RIVER CAMEL AT SLAUGHTERBRIDGE,210930,85550,SouthWest,SOUTH WEST - DEVON AND CORNWALL,WEST DEVON AND CORNWALL,OPEN,FRESHWATER - RIVERS,2024-01-12 09:56:00,MONITORING  (UK GOVT POLICY - NOT GQA OR RE),RIVER / RUNNING SURFACE WATER,0076,Temperature of Water,8.1,CELSIUS,2024-01-12
https://environment.data.gov.uk/water-quality/sampling-point/SW-82528159/sample/3504635/observation/0076,SW-82528159,RIVER CAMEL AT SLAUGHTERBRIDGE,210930,85550,SouthWest,SOUTH WEST - DEVON AND CORNWALL,WEST DEVON AND CORNWALL,OPEN,FRESHWATER - RIVERS,2024-01-18 14:15:00,MONITORING  (UK GOVT POLICY - NOT GQA OR RE),RIVER / RUNNING SURFACE WATER,0076,Temperature of Water,6.9,CELSIUS,2024-01-18
https://environment.data.gov.uk/water-quality/sampling-point/SW-82528159/sample/3504723/observation/0076,SW-82528159,RIVER CAMEL AT SLAUGHTERBRIDGE,210930,85550,SouthWest,SOUTH WEST - DEVON AND CORNWALL,WEST DEVON AND CORNWALL,OPEN,FRESHWATER - RIVERS,2024-01-22 10:24:00,MONITORING  (UK GOVT POLICY - NOT GQA OR RE),RIVER / RUNNING SURFACE WATER,0076,Temperature of Water,8.3,CELSIUS,2024-01-22
https://environment.data.gov.uk/water-quality/sampling-point/SW-82528159/sample/3505030/observation/0076,SW-82528159,RIVER CAMEL AT SLAUGHTERBRIDGE,210930,85550,SouthWest,SOUTH WEST - DEVON AND CORNWALL,WEST DEVON AND CORNWALL,OPEN,FRESHWATER - RIVERS,2024-01-29 12:01:00,MONITORING  (UK GOVT POLICY - NOT GQA OR RE),RIVER / RUNNING SURFACE WATER,0076,Temperature of Water,10.4,CELSIUS,2024-01-29
https://environment.data.gov.uk/water-quality/sampling-point/SW-82530105/sample/3502817/observation/0076,SW-82530105,DE LANK RIVER AT KEYBRIDGE,208871,73890,SouthWest,SOUTH WEST - DEVON AND CORNWALL,WEST DEVON AND CORNWALL,OPEN,FRESHWATER - RIVERS,2024-01-03 09:19:00,MONITORING  (UK GOVT POLICY - NOT GQA OR RE),RIVER / RUNNING SURFACE WATER,0076,Temperature of Water,9.5,CELSIUS,2024-01-03
https://environment.data.gov.uk/water-quality/sampling-point/SW-82530105/sample/3503883/observation/0076,SW-82530105,DE LANK RIVER AT KEYBRIDGE,208871,73890,SouthWest,SOUTH WEST - DEVON AND CORNWALL,WEST DEVON AND CORNWALL,OPEN,FRESHWATER - RIVERS,2024-01-12 09:20:00,MONITORING  (UK GOVT POLICY - NOT GQA OR RE),RIVER / RUNNING SURFACE WATER,0076,Temperature of Water,5.9,CELSIUS,2024-01-12
https://environment.data.gov.uk/water-quality/sampling-point/SW-82530105/sample/3504673/observation/0076,SW-82530105,DE LANK RIVER AT KEYBRIDGE,208871,73890,SouthWest,SOUTH WEST - DEVON AND CORNWALL,WEST DEVON AND CORNWALL,OPEN,FRESHWATER - RIVERS,2024-01-18 15:56:00,MONITORING  (UK GOVT POLICY - NOT GQA OR RE),RIVER / RUNNING SURFACE WATER,0076,Temperature of Water,5.2,CELSIUS,2024-01-18
https://environment.data.gov.uk/water-quality/sampling-point/SW-82530105/sample/3504781/observation/0076,SW-82530105,DE LANK RIVER AT KEYBRIDGE,208871,73890,SouthWest,SOUTH WEST - DEVON AND CORNWALL,WEST DEVON AND CORNWALL,OPEN,FRESHWATER - RIVERS,2024-01-22 09:46:00,MONITORING  (UK GOVT POLICY - NOT GQA OR RE),RIVER / RUNNING SURFACE WATER,0076,Temperature of Water,8.5,CELSIUS,2024-01-22
https://environment.data.gov.uk/water-quality/sampling-point/SW-82530105/sample/3505076/observation/0076,SW-82530105,DE LANK RIVER AT KEYBRIDGE,208871,73890,SouthWest,SOUTH WEST - DEVON AND CORNWALL,WEST DEVON AND CORNWALL,OPEN,FRESHWATER - RIVERS,2024-01-29 10:07:00,MONITORING  (UK GOVT POLICY - NOT GQA OR RE),RIVER / RUNNING SURFACE WATER,0076,Temperature of Water,10.2,CELSIUS,2024-01-29
https://environment.data.gov.uk/water-quality/sampling-point/SW-82540124/sample/3504275/observation/0076,SW-82540124,DINHAMS BRIDGE    RIVER ALLEN,203100,73900,SouthWest,SOUTH WEST - DEVON AND CORNWALL,WEST DEVON AND CORNWALL,OPEN,FRESHWATER - RIVERS,2024-01-15 14:14:00,MONITORING  (NATIONAL AGENCY POLICY),RIVER / RUNNING SURFACE WATER,0076,Temperature of Water,8.2,CELSIUS,2024-01-15
https://environment.data.gov.uk/water-quality/sampling-point/SW-82540150/sample/3504299/observation/0076,SW-82540150,RIVER ALLEN AT LAMELLEN WOOD,205330,77745,SouthWest,SOUTH WEST - DEVON AND CORNWALL,WEST DEVON AND CORNWALL,OPEN,FRESHWATER - RIVERS,2024-01-15 14:34:00,PLANNED INVESTIGATION (LOCAL MONITORING),RIVER / RUNNING SURFACE WATER,0076,Temperature of Water,8.5,CELSIUS,2024-01-15
https://environment.data.gov.uk/water-quality/sampling-point/SW-82540170/sample/3504528/observation/0076,SW-82540170,RIVER ALLEN (CAMEL) AT KNIGHTSMILL BRIDGE,207130,80630,SouthWest,SOUTH WEST - DEVON AND CORNWALL,WEST DEVON AND CORNWALL,OPEN,FRESHWATER - RIVERS,2024-01-17 09:48:00,PLANNED INVESTIGATION (LOCAL MONITORING),RIVER / RUNNING SURFACE WATER,0076,Temperature of Water,7.1,CELSIUS,2024-01-17
https://environment.data.gov.uk/water-quality/sampling-point/SW-82540735/sample/3504748/observation/0076,SW-82540735,DELABOLE STREAM AT DELI,208400,84100,SouthWest,SOUTH WEST - DEVON AND CORNWALL,WEST DEVON AND CORNWALL,OPEN,FRESHWATER - RIVERS,2024-01-22 10:09:00,MONITORING  (NATIONAL AGENCY POLICY),RIVER / RUNNING SURFACE WATER,0076,Temperature of Water,8.7,CELSIUS,2024-01-22
https://environment.data.gov.uk/water-quality/sampling-point/SW-82710129/sample/3503255/observation/0076,SW-82710129,RIVER STRAT AT HELE BRIDGE,221550,103715,SouthWest,SOUTH WEST - DEVON AND CORNWALL,CENTRAL DEVON AND CORNWALL,OPEN,FRESHWATER - RIVERS,2024-01-04 11:38:00,MONITORING  (NATIONAL AGENCY POLICY),RIVER / RUNNING SURFACE WATER,0076,Temperature of Water,9.3,CELSIUS,2024-01-04
https://environment.data.gov.uk/water-quality/sampling-point/SW-82710977/sample/3504649/observation/0076,SW-82710977,WEEK BROOK BELOW WEEK ST MARY STW,223760,98140,SouthWest,SOUTH WEST - DEVON AND CORNWALL,CENTRAL DEVON AND CORNWALL,OPEN,FRESHWATER - RIVERS,2024-01-18 13:02:00,PLANNED INVESTIGATION (LOCAL MONITORING),RIVER / RUNNING SURFACE WATER,0076,Temperature of Water,5.3,CELSIUS,2024-01-18
https://environment.data.gov.uk/water-quality/sampling-point/SW-82711476/sample/3503109/observation/0076,SW-82711476,GRIMSCOTT STREAM BELOW LAUNCELLS (GRIMSCOTT) STW,226000,106540,SouthWest,SOUTH WEST - DEVON AND CORNWALL,CENTRAL DEVON AND CORNWALL,OPEN,FRESHWATER - RIVERS,2024-01-04 12:21:00,PLANNED INVESTIGATION (LOCAL MONITORING),RIVER / RUNNING SURFACE WATER,0076,Temperature of Water,9.6,CELSIUS,2024-01-04
https://environment.data.gov.uk/water-quality/sampling-point/SW-82711480/sample/3503256/observation/0076,SW-82711480,GRIMSCOTT STREAM ABOVE LAUNCELLS (GRIMSCOTT) STW,226040,106580,SouthWest,SOUTH WEST - DEVON AND CORNWALL,CENTRAL DEVON AND CORNWALL,OPEN,FRESHWATER - RIVERS,2024-01-04 12:23:00,PLANNED INVESTIGATION (LOCAL MONITORING),RIVER / RUNNING SURFACE WATER,0076,Temperature of Water,9.2,CELSIUS,2024-01-04
https://environment.data.gov.uk/water-quality/sampling-point/SW-82712204/sample/3504846/observation/0076,SW-82712204,COOMBE VALLEY STREAM AT DUCKPOOL COTTAGE,220270,111649,SouthWest,SOUTH WEST - DEVON AND CORNWALL,CENTRAL DEVON AND CORNWALL,OPEN,FRESHWATER - RIVERS,2024-01-23 13:21:00,MONITORING  (NATIONAL AGENCY POLICY),RIVER / RUNNING SURFACE WATER,0076,Temperature of Water,9.3,CELSIUS,2024-01-23
https://environment.data.gov.uk/water-quality/sampling-point/SW-91210131/sample/3502738/observation/0076,SW-91210131,RIVER TAMAR AT TAMERTON BRIDGE BELOW NORTH TAMERTON STW,231822,97405,SouthWest,SOUTH WEST - DEVON AND CORNWALL,CENTRAL DEVON AND CORNWALL,OPEN,FRESHWATER - RIVERS,2024-01-03 12:36:00,PLANNED INVESTIGATION (LOCAL MONITORING),RIVER / RUNNING SURFACE WATER,0076,Temperature of Water,9.2,CELSIUS,2024-01-03
https://environment.data.gov.uk/water-quality/sampling-point/SW-91210168/sample/3502757/observation/0076,SW-91210168,RIVER TAMAR AT CROWFORD BRIDGE,228720,99425,SouthWest,SOUTH WEST - DEVON AND CORNWALL,CENTRAL DEVON AND CORNWALL,OPEN,FRESHWATER - RIVERS,2024-01-03 12:11:00,PLANNED INVESTIGATION (LOCAL MONITORING),RIVER / RUNNING SURFACE WATER,0076,Temperature of Water,9.4,CELSIUS,2024-01-03
https://environment.data.gov.uk/water-quality/sampling-point/SW-91210233/sample/3503257/observation/0076,SW-91210233,RIVER TAMAR AT TAMARSTONE BRIDGE,228328,105503,SouthWest,SOUTH WEST - DEVON AND CORNWALL,CENTRAL DEVON AND CORNWALL,OPEN,FRESHWATER - RIVERS,2024-01-04 12:01:00,MONITORING  (UK GOVT POLICY - NOT GQA OR RE),RIVER / RUNNING SURFACE WATER,0076,Temperature of Water,8.6,CELSIUS,2024-01-04
https://environment.data.gov.uk/water-quality/sampling-point/SW-91210233/sample/3503798/observation/0076,SW-91210233,RIVER TAMAR AT TAMARSTONE BRIDGE,228328,105503,SouthWest,SOUTH WEST - DEVON AND CORNWALL,CENTRAL DEVON AND CORNWALL,OPEN,FRESHWATER - RIVERS,2024-01-11 10:36:00,MONITORING  (UK GOVT POLICY - NOT GQA OR RE),RIVER / RUNNING SURFACE WATER,0076,Temperature of Water,3.6,CELSIUS,2024-01-11
https://environment.data.gov.uk/water-quality/sampling-point/SW-91210233/sample/3504586/observation/0076,SW-91210233,RIVER TAMAR AT TAMARSTONE BRIDGE,228328,105503,SouthWest,SOUTH WEST - DEVON AND CORNWALL,CENTRAL DEVON AND CORNWALL,OPEN,FRESHWATER - RIVERS,2024-01-17 12:18:00,MONITORING  (UK GOVT POLICY - NOT GQA OR RE),RIVER / RUNNING SURFACE WATER,0076,Temperature of Water,3.4,CELSIUS,2024-01-17
https://environment.data.gov.uk/water-quality/sampling-point/SW-91210233/sample/3504847/observation/0076,SW-91210233,RIVER TAMAR AT TAMARSTONE BRIDGE,228328,105503,SouthWest,SOUTH WEST - DEVON AND CORNWALL,CENTRAL DEVON AND CORNWALL,OPEN,FRESHWATER - RIVERS,2024-01-23 12:22:00,MONITORING  (UK GOVT POLICY - NOT GQA OR RE),RIVER / RUNNING SURFACE WATER,0076,Temperature of Water,8.1,CELSIUS,2024-01-23
https://environment.data.gov.uk/water-quality/sampling-point/SW-91210261/sample/3504799/observation/0076,SW-91210261,RIVER TAMAR AT DEXBEER BRIDGE,229530,108950,SouthWest,SOUTH WEST - DEVON AND CORNWALL,CENTRAL DEVON AND CORNWALL,OPEN,FRESHWATER - RIVERS,2024-01-23 12:42:00,PLANNED INVESTIGATION (LOCAL MONITORING),RIVER / RUNNING SURFACE WATER,0076,Temperature of Water,7.9,CELSIUS,2024-01-23
https://environment.data.gov.uk/water-quality/sampling-point/SW-91210355/sample/3503509/observation/0076,SW-91210355,RIVER TAMAR AT BUSES BRIDGE,228080,113380,SouthWest,SOUTH WEST - DEVON AND CORNWALL,CENTRAL DEVON AND CORNWALL,OPEN,FRESHWATER - RIVERS,2024-01-09 12:57:00,PLANNED INVESTIGATION (LOCAL MONITORING),RIVER / RUNNING SURFACE WATER,0076,Temperature of Water,7.1,CELSIUS,2024-01-09
https://environment.data.gov.uk/water-quality/sampling-point/SW-91210355/sample/3504884/observation/0076,SW-91210355,RIVER TAMAR AT BUSES BRIDGE,228080,113380,SouthWest,SOUTH WEST - DEVON AND CORNWALL,CENTRAL DEVON AND CORNWALL,OPEN,FRESHWATER - RIVERS,2024-01-24 11:10:00,PLANNED INVESTIGATION (LOCAL MONITORING),RIVER / RUNNING SURFACE WATER,0076,Temperature of Water,8.8,CELSIUS,2024-01-24
https://environment.data.gov.uk/water-quality/sampling-point/SW-91211328/sample/3502758/observation/0076,SW-91211328,DERRIL WATER AT DUALSTONE BRIDGE,230138,100568,SouthWest,SOUTH WEST - DEVON AND CORNWALL,CENTRAL DEVON AND CORNWALL,OPEN,FRESHWATER - RIVERS,2024-01-03 12:23:00,PLANNED INVESTIGATION (LOCAL MONITORING),RIVER / RUNNING SURFACE WATER,0076,Temperature of Water,9.3,CELSIUS,2024-01-03
https://environment.data.gov.uk/water-quality/sampling-point/SW-91212027/sample/3503844/observation/0076,SW-91212027,SMALL BROOK (TAMAR) AT YOULDON BRIDGE,229954,105256,SouthWest,SOUTH WEST - DEVON AND CORNWALL,CENTRAL DEVON AND CORNWALL,OPEN,FRESHWATER - RIVERS,2024-01-12 12:26:00,MONITORING  (NATIONAL AGENCY POLICY),RIVER / RUNNING SURFACE WATER,0076,Temperature of Water,5.5,CELSIUS,2024-01-12
https://environment.data.gov.uk/water-quality/sampling-point/SW-91212509/sample/3504796/observation/0076,SW-91212509,LAMBERAL WATER AT MORETON POUND BRIDGE,227580,108930,SouthWest,SOUTH WEST - DEVON AND CORNWALL,CENTRAL DEVON AND CORNWALL,OPEN,FRESHWATER - RIVERS,2024-01-23 12:52:00,PLANNED INVESTIGATION (LOCAL MONITORING),RIVER / RUNNING SURFACE WATER,0076,Temperature of Water,8.7,CELSIUS,2024-01-23
https://environment.data.gov.uk/water-quality/sampling-point/SW-91221137/sample/3503714/observation/0076,SW-91221137,RIVER OTTERY AT HELLESCOTT BRIDGE,228540,87795,SouthWest,SOUTH WEST - DEVON AND CORNWALL,CENTRAL DEVON AND CORNWALL,OPEN,FRESHWATER - RIVERS,2024-01-11 13:56:00,MONITORING  (NATIONAL AGENCY POLICY),RIVER / RUNNING SURFACE WATER,0076,Temperature of Water,5.3,CELSIUS,2024-01-11
https://environment.data.gov.uk/water-quality/sampling-point/SW-91221702/sample/3503799/observation/0076,SW-91221702,CAUDWORTHY WATER PRIOR TO RIVER OTTERY,226736,88854,SouthWest,SOUTH WEST - DEVON AND CORNWALL,CENTRAL DEVON AND CORNWALL,OPEN,FRESHWATER - RIVERS,2024-01-11 10:08:00,MONITORING  (UK GOVT POLICY - NOT GQA OR RE),RIVER / RUNNING SURFACE WATER,0076,Temperature of Water,4.6,CELSIUS,2024-01-11
https://environment.data.gov.uk/water-quality/sampling-point/SW-91221702/sample/3504782/observation/0076,SW-91221702,CAUDWORTHY WATER PRIOR TO RIVER OTTERY,226736,88854,SouthWest,SOUTH WEST - DEVON AND CORNWALL,CENTRAL DEVON AND CORNWALL,OPEN,FRESHWATER - RIVERS,2024-01-22 10:51:00,MONITORING  (UK GOVT POLICY - NOT GQA OR RE),RIVER / RUNNING SURFACE WATER,0076,Temperature of Water,8,CELSIUS,2024-01-22
https://environment.data.gov.uk/water-quality/sampling-point/SW-91221702/sample/3505077/observation/0076,SW-91221702,CAUDWORTHY WATER PRIOR TO RIVER OTTERY,226736,88854,SouthWest,SOUTH WEST - DEVON AND CORNWALL,CENTRAL DEVON AND CORNWALL,OPEN,FRESHWATER - RIVERS,2024-01-29 11:50:00,MONITORING  (UK GOVT POLICY - NOT GQA OR RE),RIVER / RUNNING SURFACE WATER,0076,Temperature of Water,10.2,CELSIUS,2024-01-29
https://environment.data.gov.uk/water-quality/sampling-point/SW-91221705/sample/3503858/observation/0076,SW-91221705,CAUDWORTHY WATER AT BILLACOTT,225234,90326,SouthWest,SOUTH WEST - DEVON AND CORNWALL,WEST DEVON AND CORNWALL,OPEN,FRESHWATER - RIVERS,2024-01-12 10:30:00,ENVIRONMENTAL MONITORING STATUTORY (EU DIRECTIVES),RIVER / RUNNING SURFACE WATER,0076,Temperature of Water,5.8,CELSIUS,2024-01-12
https://environment.data.gov.uk/water-quality/sampling-point/SW-91221749/sample/3502781/observation/0076,SW-91221749,CAUDWORTHY WATER AT CAUDWORTHY BRIDGE,224700,92630,SouthWest,SOUTH WEST - DEVON AND CORNWALL,CENTRAL DEVON AND CORNWALL,OPEN,FRESHWATER - RIVERS,2024-01-03 11:36:00,ENVIRONMENTAL MONITORING STATUTORY (EU DIRECTIVES),RIVER / RUNNING SURFACE WATER,0076,Temperature of Water,9.1,CELSIUS,2024-01-03
https://environment.data.gov.uk/water-quality/sampling-point/SW-91221750/sample/3502782/observation/0076,SW-91221750,TRIB OF CAUDWORTHY WATER AT MIDDLE WHEATLY,224736,93614,SouthWest,SOUTH WEST - DEVON AND CORNWALL,WEST DEVON AND CORNWALL,OPEN,FRESHWATER - RIVERS,2024-01-03 11:47:00,ENVIRONMENTAL MONITORING STATUTORY (EU DIRECTIVES),RIVER / RUNNING SURFACE WATER,0076,Temperature of Water,9.4,CELSIUS,2024-01-03
https://environment.data.gov.uk/water-quality/sampling-point/SW-91221755/sample/3502783/observation/0076,SW-91221755,TRIB OF CAUDWORTHY WATER AT STAPLETON,224787,95003,SouthWest,SOUTH WEST - DEVON AND CORNWALL,WEST DEVON AND CORNWALL,OPEN,FRESHWATER - RIVERS,2024-01-03 11:56:00,ENVIRONMENTAL MONITORING STATUTORY (EU DIRECTIVES),RIVER / RUNNING SURFACE WATER,0076,Temperature of Water,9,CELSIUS,2024-01-03
https://environment.data.gov.uk/water-quality/sampling-point/SW-91221760/sample/3504661/observation/0076,SW-91221760,CAUDWORTHY WATER AT GREENAMOOR BRIDGE,225686,95458,SouthWest,SOUTH WEST - DEVON AND CORNWALL,WEST DEVON AND CORNWALL,OPEN,FRESHWATER - RIVERS,2024-01-18 12:47:00,ENVIRONMENTAL MONITORING STATUTORY (EU DIRECTIVES),RIVER / RUNNING SURFACE WATER,0076,Temperature of Water,3.1,CELSIUS,2024-01-18
https://environment.data.gov.uk/water-quality/sampling-point/SW-91221760/sample/3504923/observation/0076,SW-91221760,CAUDWORTHY WATER AT GREENAMOOR BRIDGE,225686,95458,SouthWest,SOUTH WEST - DEVON AND CORNWALL,WEST DEVON AND CORNWALL,OPEN,FRESHWATER - RIVERS,2024-01-24 10:38:00,ENVIRONMENTAL MONITORING STATUTORY (EU DIRECTIVES),RIVER / RUNNING SURFACE WATER,0076,Temperature of Water,8.7,CELSIUS,2024-01-24
https://environment.data.gov.uk/water-quality/sampling-point/SW-91241113/sample/3503917/observation/0076,SW-91241113,RIVER INNY AT BEALS MILL BRIDGE ABOVE BEALS MILL STW,235880,77060,SouthWest,SOUTH WEST - DEVON AND CORNWALL,CENTRAL DEVON AND CORNWALL,OPEN,FRESHWATER - RIVERS,2024-01-12 13:45:00,PLANNED INVESTIGATION (LOCAL MONITORING),RIVER / RUNNING SURFACE WATER,0076,Temperature of Water,7.5,CELSIUS,2024-01-12
https://environment.data.gov.uk/water-quality/sampling-point/SW-91241119/sample/3503918/observation/0076,SW-91241119,RIVER INNY AT TRECARRELL BRIDGE,232014,77151,SouthWest,SOUTH WEST - DEVON AND CORNWALL,CENTRAL DEVON AND CORNWALL,OPEN,FRESHWATER - RIVERS,2024-01-12 13:10:00,PLANNED INVESTIGATION (LOCAL MONITORING),RIVER / RUNNING SURFACE WATER,0076,Temperature of Water,7.8,CELSIUS,2024-01-12
https://environment.data.gov.uk/water-quality/sampling-point/SW-91241149/sample/3502778/observation/0076,SW-91241149,RIVER INNY UPSTREAM A30 AT TWO BRIDGES,226992,81810,SouthWest,SOUTH WEST - DEVON AND CORNWALL,CENTRAL DEVON AND CORNWALL,OPEN,FRESHWATER - RIVERS,2024-01-03 14:26:00,MONITORING  (UK GOVT POLICY - NOT GQA OR RE),RIVER / RUNNING SURFACE WATER,0076,Temperature of Water,10.4,CELSIUS,2024-01-03
https://environment.data.gov.uk/water-quality/sampling-point/SW-91241149/sample/3503755/observation/0076,SW-91241149,RIVER INNY UPSTREAM A30 AT TWO BRIDGES,226992,81810,SouthWest,SOUTH WEST - DEVON AND CORNWALL,CENTRAL DEVON AND CORNWALL,OPEN,FRESHWATER - RIVERS,2024-01-11 09:46:00,MONITORING  (UK GOVT POLICY - NOT GQA OR RE),RIVER / RUNNING SURFACE WATER,0076,Temperature of Water,6.7,CELSIUS,2024-01-11
https://environment.data.gov.uk/water-quality/sampling-point/SW-91241149/sample/3503919/observation/0076,SW-91241149,RIVER INNY UPSTREAM A30 AT TWO BRIDGES,226992,81810,SouthWest,SOUTH WEST - DEVON AND CORNWALL,CENTRAL DEVON AND CORNWALL,OPEN,FRESHWATER - RIVERS,2024-01-12 12:30:00,PLANNED INVESTIGATION (LOCAL MONITORING),RIVER / RUNNING SURFACE WATER,0076,Temperature of Water,7.8,CELSIUS,2024-01-12
https://environment.data.gov.uk/water-quality/sampling-point/SW-91241149/sample/3504313/observation/0076,SW-91241149,RIVER INNY UPSTREAM A30 AT TWO BRIDGES,226992,81810,SouthWest,SOUTH WEST - DEVON AND CORNWALL,CENTRAL DEVON AND CORNWALL,OPEN,FRESHWATER - RIVERS,2024-01-15 13:28:00,MONITORING  (UK GOVT POLICY - NOT GQA OR RE),RIVER / RUNNING SURFACE WATER,0076,Temperature of Water,7.8,CELSIUS,2024-01-15
https://environment.data.gov.uk/water-quality/sampling-point/SW-91241149/sample/3504750/observation/0076,SW-91241149,RIVER INNY UPSTREAM A30 AT TWO BRIDGES,226992,81810,SouthWest,SOUTH WEST - DEVON AND CORNWALL,CENTRAL DEVON AND CORNWALL,OPEN,FRESHWATER - RIVERS,2024-01-22 12:15:00,MONITORING  (UK GOVT POLICY - NOT GQA OR RE),RIVER / RUNNING SURFACE WATER,0076,Temperature of Water,8.8,CELSIUS,2024-01-22
https://environment.data.gov.uk/water-quality/sampling-point/SW-91241149/sample/3505048/observation/0076,SW-91241149,RIVER INNY UPSTREAM A30 AT TWO BRIDGES,226992,81810,SouthWest,SOUTH WEST - DEVON AND CORNWALL,CENTRAL DEVON AND CORNWALL,OPEN,FRESHWATER - RIVERS,2024-01-29 12:19:00,MONITORING  (UK GOVT POLICY - NOT GQA OR RE),RIVER / RUNNING SURFACE WATER,0076,Temperature of Water,10.7,CELSIUS,2024-01-29
https://environment.data.gov.uk/water-quality/sampling-point/SW-91241162/sample/3503920/observation/0076,SW-91241162,RIVER INNY AT ST. CLETHER BRIDGE,220578,84143,SouthWest,SOUTH WEST - DEVON AND CORNWALL,CENTRAL DEVON AND CORNWALL,OPEN,FRESHWATER - RIVERS,2024-01-12 11:59:00,PLANNED INVESTIGATION (LOCAL MONITORING),RIVER / RUNNING SURFACE WATER,0076,Temperature of Water,8.2,CELSIUS,2024-01-12
https://environment.data.gov.uk/water-quality/sampling-point/SW-91241171/sample/3503921/observation/0076,SW-91241171,TREMAIL STREAM AT FOOTBRIDGE,216933,86588,SouthWest,SOUTH WEST - DEVON AND CORNWALL,CENTRAL DEVON AND CORNWALL,OPEN,FRESHWATER - RIVERS,2024-01-12 09:58:00,PLANNED INVESTIGATION (LOCAL MONITORING),RIVER / RUNNING SURFACE WATER,0076,Temperature of Water,7.7,CELSIUS,2024-01-12
https://environment.data.gov.uk/water-quality/sampling-point/SW-91241172/sample/3502818/observation/0076,SW-91241172,RIVER INNY BELOW DAVIDSTOW CREAMERY DISCHARGE,216930,86600,SouthWest,SOUTH WEST - DEVON AND CORNWALL,CENTRAL DEVON AND CORNWALL,OPEN,FRESHWATER - RIVERS,2024-01-03 11:03:00,PLANNED INVESTIGATION (LOCAL MONITORING),RIVER / RUNNING SURFACE WATER,0076,Temperature of Water,10.3,CELSIUS,2024-01-03
https://environment.data.gov.uk/water-quality/sampling-point/SW-91241172/sample/3503922/observation/0076,SW-91241172,RIVER INNY BELOW DAVIDSTOW CREAMERY DISCHARGE,216930,86600,SouthWest,SOUTH WEST - DEVON AND CORNWALL,CENTRAL DEVON AND CORNWALL,OPEN,FRESHWATER - RIVERS,2024-01-12 11:09:00,PLANNED INVESTIGATION (LOCAL MONITORING),RIVER / RUNNING SURFACE WATER,0076,Temperature of Water,9.1,CELSIUS,2024-01-12
https://environment.data.gov.uk/water-quality/sampling-point/SW-91241175/sample/3502776/observation/0076,SW-91241175,DAVIDSTOW CREAMERY OUTFALL TO RIVER INNY,216891,86663,SouthWest,SOUTH WEST - DEVON AND CORNWALL,CENTRAL DEVON AND CORNWALL,OPEN,TRADE DISCHARGES - PROCESS EFFLUENT - NOT WATER COMPANY,2024-01-03 10:56:00,PLANNED INVESTIGATION (LOCAL MONITORING),ANY TRADE EFFLUENT,0076,Temperature of Water,15.4,CELSIUS,2024-01-03
https://environment.data.gov.uk/water-quality/sampling-point/SW-91241175/sample/3503925/observation/0076,SW-91241175,DAVIDSTOW CREAMERY OUTFALL TO RIVER INNY,216891,86663,SouthWest,SOUTH WEST - DEVON AND CORNWALL,CENTRAL DEVON AND CORNWALL,OPEN,TRADE DISCHARGES - PROCESS EFFLUENT - NOT WATER COMPANY,2024-01-12 10:23:00,PLANNED INVESTIGATION (LOCAL MONITORING),ANY TRADE EFFLUENT,0076,Temperature of Water,17.5,CELSIUS,2024-01-12
https://environment.data.gov.uk/water-quality/sampling-point/SW-91241176/sample/3502819/observation/0076,SW-91241176,RIVER INNY ABOVE DAVIDSTOW CREAMERY DISCHARGE,216892,86675,SouthWest,SOUTH WEST - DEVON AND CORNWALL,CENTRAL DEVON AND CORNWALL,OPEN,FRESHWATER - RIVERS,2024-01-03 10:42:00,PLANNED INVESTIGATION (LOCAL MONITORING),RIVER / RUNNING SURFACE WATER,0076,Temperature of Water,10.1,CELSIUS,2024-01-03
https://environment.data.gov.uk/water-quality/sampling-point/SW-91241176/sample/3503923/observation/0076,SW-91241176,RIVER INNY ABOVE DAVIDSTOW CREAMERY DISCHARGE,216892,86675,SouthWest,SOUTH WEST - DEVON AND CORNWALL,CENTRAL DEVON AND CORNWALL,OPEN,FRESHWATER - RIVERS,2024-01-12 10:53:00,PLANNED INVESTIGATION (LOCAL MONITORING),RIVER / RUNNING SURFACE WATER,0076,Temperature of Water,8.3,CELSIUS,2024-01-12
https://environment.data.gov.uk/water-quality/sampling-point/SW-91241183/sample/3502772/observation/0076,SW-91241183,RIVER INNY U/S INNY VALE DISCHARGE,215943,86910,SouthWest,SOUTH WEST - DEVON AND CORNWALL,CENTRAL DEVON AND CORNWALL,OPEN,FRESHWATER - RIVERS,2024-01-03 10:23:00,PLANNED INVESTIGATION (LOCAL MONITORING),RIVER / RUNNING SURFACE WATER,0076,Temperature of Water,10.1,CELSIUS,2024-01-03
https://environment.data.gov.uk/water-quality/sampling-point/SW-91241183/sample/3503924/observation/0076,SW-91241183,RIVER INNY U/S INNY VALE DISCHARGE,215943,86910,SouthWest,SOUTH WEST - DEVON AND CORNWALL,CENTRAL DEVON AND CORNWALL,OPEN,FRESHWATER - RIVERS,2024-01-12 09:36:00,PLANNED INVESTIGATION (LOCAL MONITORING),RIVER / RUNNING SURFACE WATER,0076,Temperature of Water,8.4,CELSIUS,2024-01-12
https://environment.data.gov.uk/water-quality/sampling-point/SW-91241191/sample/3504627/observation/0076,SW-91241191,RIVER INNY AT DAVIDSTOW (FORMERLY INNY U/S DAVIDSTOW CREAMERY),215446,87010,SouthWest,SOUTH WEST - DEVON AND CORNWALL,CENTRAL DEVON AND CORNWALL,OPEN,FRESHWATER - RIVERS,2024-01-18 14:01:00,MONITORING  (NATIONAL AGENCY POLICY),RIVER / RUNNING SURFACE WATER,0076,Temperature of Water,8.5,CELSIUS,2024-01-18
https://environment.data.gov.uk/water-quality/sampling-point/SW-91241720/sample/3502770/observation/0076,SW-91241720,PENPONT WATER AT STRAYER PARK BRIDGE,225951,81544,SouthWest,SOUTH WEST - DEVON AND CORNWALL,CENTRAL DEVON AND CORNWALL,OPEN,FRESHWATER - RIVERS,2024-01-03 14:48:00,MONITORING  (UK GOVT POLICY - NOT GQA OR RE),RIVER / RUNNING SURFACE WATER,0076,Temperature of Water,10.2,CELSIUS,2024-01-03
https://environment.data.gov.uk/water-quality/sampling-point/SW-91241720/sample/3503746/observation/0076,SW-91241720,PENPONT WATER AT STRAYER PARK BRIDGE,225951,81544,SouthWest,SOUTH WEST - DEVON AND CORNWALL,CENTRAL DEVON AND CORNWALL,OPEN,FRESHWATER - RIVERS,2024-01-11 09:37:00,MONITORING  (UK GOVT POLICY - NOT GQA OR RE),RIVER / RUNNING SURFACE WATER,0076,Temperature of Water,6.4,CELSIUS,2024-01-11
https://environment.data.gov.uk/water-quality/sampling-point/SW-91241720/sample/3504293/observation/0076,SW-91241720,PENPONT WATER AT STRAYER PARK BRIDGE,225951,81544,SouthWest,SOUTH WEST - DEVON AND CORNWALL,CENTRAL DEVON AND CORNWALL,OPEN,FRESHWATER - RIVERS,2024-01-15 14:00:00,MONITORING  (UK GOVT POLICY - NOT GQA OR RE),RIVER / RUNNING SURFACE WATER,0076,Temperature of Water,7.4,CELSIUS,2024-01-15
https://environment.data.gov.uk/water-quality/sampling-point/SW-91241720/sample/3504742/observation/0076,SW-91241720,PENPONT WATER AT STRAYER PARK BRIDGE,225951,81544,SouthWest,SOUTH WEST - DEVON AND CORNWALL,CENTRAL DEVON AND CORNWALL,OPEN,FRESHWATER - RIVERS,2024-01-22 12:23:00,MONITORING  (UK GOVT POLICY - NOT GQA OR RE),RIVER / RUNNING SURFACE WATER,0076,Temperature of Water,8.6,CELSIUS,2024-01-22
https://environment.data.gov.uk/water-quality/sampling-point/SW-91241720/sample/3505044/observation/0076,SW-91241720,PENPONT WATER AT STRAYER PARK BRIDGE,225951,81544,SouthWest,SOUTH WEST - DEVON AND CORNWALL,CENTRAL DEVON AND CORNWALL,OPEN,FRESHWATER - RIVERS,2024-01-29 12:28:00,MONITORING  (UK GOVT POLICY - NOT GQA OR RE),RIVER / RUNNING SURFACE WATER,0076,Temperature of Water,10.7,CELSIUS,2024-01-29
https://environment.data.gov.uk/water-quality/sampling-point/SW-91241770/sample/3504725/observation/0076,SW-91241770,PENPONT WATER AT TRELYN BRIDGE,220055,82855,SouthWest,SOUTH WEST - DEVON AND CORNWALL,CENTRAL DEVON AND CORNWALL,OPEN,FRESHWATER - RIVERS,2024-01-22 11:55:00,MONITORING  (NATIONAL AGENCY POLICY),RIVER / RUNNING SURFACE WATER,0076,Temperature of Water,8,CELSIUS,2024-01-22
https://environment.data.gov.uk/water-quality/sampling-point/SW-91251605/sample/3504376/observation/0076,SW-91251605,RIVER LYNHER AT NOTTER BRIDGE BELOW HATT STW,238501,60986,SouthWest,SOUTH WEST - DEVON AND CORNWALL,CENTRAL DEVON AND CORNWALL,OPEN,FRESHWATER - RIVERS,2024-01-15 10:39:00,MONITORING  (UK GOVT POLICY - NOT GQA OR RE),RIVER / RUNNING SURFACE WATER,0076,Temperature of Water,6.3,CELSIUS,2024-01-15
https://environment.data.gov.uk/water-quality/sampling-point/SW-91251640/sample/3503717/observation/0076,SW-91251640,RIVER LYNHER AT BICTON MILL BRIDGE,232168,70024,SouthWest,SOUTH WEST - DEVON AND CORNWALL,CENTRAL DEVON AND CORNWALL,OPEN,FRESHWATER - RIVERS,2024-01-11 12:46:00,ENVIRONMENTAL MONITORING STATUTORY (EU DIRECTIVES),RIVER / RUNNING SURFACE WATER,0076,Temperature of Water,7,CELSIUS,2024-01-11
https://environment.data.gov.uk/water-quality/sampling-point/SW-91251730/sample/3503718/observation/0076,SW-91251730,RIVER LYNHER AT TREBARTHA ROAD BRIDGE,226234,77742,SouthWest,SOUTH WEST - DEVON AND CORNWALL,CENTRAL DEVON AND CORNWALL,OPEN,FRESHWATER - RIVERS,2024-01-11 11:16:00,MONITORING  (UK GOVT POLICY - NOT GQA OR RE),RIVER / RUNNING SURFACE WATER,0076,Temperature of Water,7,CELSIUS,2024-01-11
https://environment.data.gov.uk/water-quality/sampling-point/SW-91251730/sample/3504267/observation/0076,SW-91251730,RIVER LYNHER AT TREBARTHA ROAD BRIDGE,226234,77742,SouthWest,SOUTH WEST - DEVON AND CORNWALL,CENTRAL DEVON AND CORNWALL,OPEN,FRESHWATER - RIVERS,2024-01-15 10:10:00,MONITORING  (UK GOVT POLICY - NOT GQA OR RE),RIVER / RUNNING SURFACE WATER,0076,Temperature of Water,7.4,CELSIUS,2024-01-15
https://environment.data.gov.uk/water-quality/sampling-point/SW-91251730/sample/3504726/observation/0076,SW-91251730,RIVER LYNHER AT TREBARTHA ROAD BRIDGE,226234,77742,SouthWest,SOUTH WEST - DEVON AND CORNWALL,CENTRAL DEVON AND CORNWALL,OPEN,FRESHWATER - RIVERS,2024-01-22 12:36:00,MONITORING  (UK GOVT POLICY - NOT GQA OR RE),RIVER / RUNNING SURFACE WATER,0076,Temperature of Water,8.6,CELSIUS,2024-01-22
https://environment.data.gov.uk/water-quality/sampling-point/SW-91251730/sample/3505032/observation/0076,SW-91251730,RIVER LYNHER AT TREBARTHA ROAD BRIDGE,226234,77742,SouthWest,SOUTH WEST - DEVON AND CORNWALL,CENTRAL DEVON AND CORNWALL,OPEN,FRESHWATER - RIVERS,2024-01-29 12:41:00,MONITORING  (UK GOVT POLICY - NOT GQA OR RE),RIVER / RUNNING SURFACE WATER,0076,Temperature of Water,10.6,CELSIUS,2024-01-29
https://environment.data.gov.uk/water-quality/sampling-point/SW-91261128/sample/3504377/observation/0076,SW-91261128,RIVER TIDDY AT TIDEFORD BRIDGE,234430,59600,SouthWest,SOUTH WEST - DEVON AND CORNWALL,CENTRAL DEVON AND CORNWALL,OPEN,FRESHWATER - RIVERS,2024-01-15 10:16:00,MONITORING  (UK GOVT POLICY - NOT GQA OR RE),RIVER / RUNNING SURFACE WATER,0076,Temperature of Water,6.6,CELSIUS,2024-01-15
https://environment.data.gov.uk/water-quality/sampling-point/SW-RSN0243/sample/3503479/observation/0076,SW-RSN0243,RSN0243  ASHCLYST FOREST STREAM AT SCOTCH FIR AVENUE,300580,99158,SouthWest,SOUTH WEST - DEVON AND CORNWALL,EAST DEVON AND CORNWALL,OPEN,FRESHWATER - RIVERS,2024-01-09 10:29:00,MONITORING  (NATIONAL AGENCY POLICY),RIVER / RUNNING SURFACE WATER,0076,Temperature of Water,5.4,CELSIUS,2024-01-09
https://environment.data.gov.uk/water-quality/sampling-point/SW-RSN0254/sample/3504662/observation/0076,SW-RSN0254,RSN0254 DART U/S BUCKFAST ABBEY LEAT,274116,67794,SouthWest,SOUTH WEST - DEVON AND CORNWALL,CENTRAL DEVON AND CORNWALL,OPEN,FRESHWATER - RIVERS,2024-01-18 09:40:00,MONITORING  (NATIONAL AGENCY POLICY),RIVER / RUNNING SURFACE WATER,0076,Temperature of Water,3,CELSIUS,2024-01-18
https://environment.data.gov.uk/water-quality/sampling-point/SW-RSN0259/sample/3503180/observation/0076,SW-RSN0259,RSN0259 KATE BROOK AT CRAMMERS,288150,80896,SouthWest,SOUTH WEST - DEVON AND CORNWALL,CENTRAL DEVON AND CORNWALL,OPEN,FRESHWATER - RIVERS,2024-01-04 12:27:00,MONITORING  (NATIONAL AGENCY POLICY),RIVER / RUNNING SURFACE WATER,0076,Temperature of Water,8.3,CELSIUS,2024-01-04
https://environment.data.gov.uk/water-quality/sampling-point/SW-RSN0263/sample/3503481/observation/0076,SW-RSN0263,RSN0263 CULM AT LANGLANDS,305497,111643,SouthWest,SOUTH WEST - DEVON AND CORNWALL,EAST DEVON AND CORNWALL,OPEN,FRESHWATER - RIVERS,2024-01-09 13:25:00,MONITORING  (NATIONAL AGENCY POLICY),RIVER / RUNNING SURFACE WATER,0076,Temperature of Water,3.9,CELSIUS,2024-01-09
https://environment.data.gov.uk/water-quality/sampling-point/SW-RSN0267/sample/3503181/observation/0076,SW-RSN0267,RSN0267 ANGARRACK STREAM D/S ANGARRACK,158115,38435,SouthWest,SOUTH WEST - DEVON AND CORNWALL,WEST DEVON AND CORNWALL,OPEN,FRESHWATER - RIVERS,2024-01-04 12:53:00,MONITORING  (NATIONAL AGENCY POLICY),RIVER / RUNNING SURFACE WATER,0076,Temperature of Water,10,CELSIUS,2024-01-04
https://environment.data.gov.uk/water-quality/sampling-point/SW-RSN0275/sample/3503859/observation/0076,SW-RSN0275,RSN0275 SLUE WATER AT OGBEARE,230032,95722,SouthWest,SOUTH WEST - DEVON AND CORNWALL,CENTRAL DEVON AND CORNWALL,OPEN,FRESHWATER - RIVERS,2024-01-12 11:16:00,MONITORING  (NATIONAL AGENCY POLICY),RIVER / RUNNING SURFACE WATER,0076,Temperature of Water,5.7,CELSIUS,2024-01-12
https://environment.data.gov.uk/water-quality/sampling-point/SW-RSN0279/sample/3503480/observation/0076,SW-RSN0279,RSN0279 CUTTON STREAM AT BROADCLYST MOOR,297478,98398,SouthWest,SOUTH WEST - DEVON AND CORNWALL,EAST DEVON AND CORNWALL,OPEN,FRESHWATER - RIVERS,2024-01-09 09:46:00,MONITORING  (NATIONAL AGENCY POLICY),RIVER / RUNNING SURFACE WATER,0076,Temperature of Water,7.5,CELSIUS,2024-01-09
https://environment.data.gov.uk/water-quality/sampling-point/SW-RSN0339/sample/3504729/observation/0076,SW-RSN0339,RSN0339 ARGAL STREAM AT GWENDRA,174448,33627,SouthWest,SOUTH WEST - DEVON AND CORNWALL,WEST DEVON AND CORNWALL,OPEN,FRESHWATER - RIVERS,2024-01-22 16:21:00,MONITORING  (NATIONAL AGENCY POLICY),RIVER / RUNNING SURFACE WATER,0076,Temperature of Water,8.8,CELSIUS,2024-01-22
https://environment.data.gov.uk/water-quality/sampling-point/SW-RSN0343/sample/3503581/observation/0076,SW-RSN0343,RSN0343 OWLABOROUGH,283058,123314,SouthWest,SOUTH WEST - DEVON AND CORNWALL,EAST DEVON AND CORNWALL,OPEN,FRESHWATER - RIVERS,2024-01-10 12:36:00,MONITORING  (NATIONAL AGENCY POLICY),RIVER / RUNNING SURFACE WATER,0076,Temperature of Water,4.4,CELSIUS,2024-01-10
https://environment.data.gov.uk/water-quality/sampling-point/SW-RSN0355/sample/3504415/observation/0076,SW-RSN0355,RSN0355 TREMORE STREAM AT RETIRE,200661,64187,SouthWest,SOUTH WEST - DEVON AND CORNWALL,WEST DEVON AND CORNWALL,OPEN,FRESHWATER - RIVERS,2024-01-16 11:25:00,MONITORING  (NATIONAL AGENCY POLICY),RIVER / RUNNING SURFACE WATER,0076,Temperature of Water,5.7,CELSIUS,2024-01-16
https://environment.data.gov.uk/water-quality/sampling-point/SW-RSN0359/sample/3503582/observation/0076,SW-RSN0359,RSN0359 HOLYWELL STREAM AT WESTLAND BRIDGE,276273,130548,SouthWest,SOUTH WEST - DEVON AND CORNWALL,EAST DEVON AND CORNWALL,OPEN,FRESHWATER - RIVERS,2024-01-10 10:47:00,MONITORING  (NATIONAL AGENCY POLICY),RIVER / RUNNING SURFACE WATER,0076,Temperature of Water,5.8,CELSIUS,2024-01-10
https://environment.data.gov.uk/water-quality/sampling-point/SW-RSN0387/sample/3503459/observation/0076,SW-RSN0387,RSN0387 BLAGDON BROOK AT SCOBCHESTER DOWN,251918,95985,SouthWest,SOUTH WEST - DEVON AND CORNWALL,EAST DEVON AND CORNWALL,OPEN,FRESHWATER - RIVERS,2024-01-09 15:21:00,MONITORING  (NATIONAL AGENCY POLICY),RIVER / RUNNING SURFACE WATER,0076,Temperature of Water,4.1,CELSIUS,2024-01-09
https://environment.data.gov.uk/water-quality/sampling-point/SW-RSN0467/sample/3504311/observation/0076,SW-RSN0467,RSN0467 NOTTER MILL,238303,61417,SouthWest,SOUTH WEST - DEVON AND CORNWALL,CENTRAL DEVON AND CORNWALL,OPEN,FRESHWATER - RIVERS,2024-01-15 10:54:00,ENVIRONMENTAL MONITORING STATUTORY (EU DIRECTIVES),RIVER / RUNNING SURFACE WATER,0076,Temperature of Water,6.4,CELSIUS,2024-01-15
https://environment.data.gov.uk/water-quality/sampling-point/SW-RSN0675/sample/3502777/observation/0076,SW-RSN0675,RSN0675 GREAT DOWNS WOOD,191530,44188,SouthWest,SOUTH WEST - DEVON AND CORNWALL,WEST DEVON AND CORNWALL,OPEN,FRESHWATER - RIVERS,2024-01-03 10:17:00,PLANNED INVESTIGATION (LOCAL MONITORING),RIVER / RUNNING SURFACE WATER,0076,Temperature of Water,10.4,CELSIUS,2024-01-03
https://environment.data.gov.uk/water-quality/sampling-point/SW-RSN1115/sample/3503720/observation/0076,SW-RSN1115,RSN1115 WITHEY BROOK AT RHINE ARRISH COPPICE,225167,76802,SouthWest,SOUTH WEST - DEVON AND CORNWALL,CENTRAL DEVON AND CORNWALL,OPEN,FRESHWATER - RIVERS,2024-01-11 11:05:00,MONITORING  (NATIONAL AGENCY POLICY),RIVER / RUNNING SURFACE WATER,0076,Temperature of Water,5.2,CELSIUS,2024-01-11
https://environment.data.gov.uk/water-quality/sampling-point/SW-RSN1119/sample/3504416/observation/0076,SW-RSN1119,RSN1119 ODAM STREAM AT BEARA,272714,119527,SouthWest,SOUTH WEST - DEVON AND CORNWALL,EAST DEVON AND CORNWALL,OPEN,FRESHWATER - RIVERS,2024-01-16 13:58:00,MONITORING  (NATIONAL AGENCY POLICY),RIVER / RUNNING SURFACE WATER,0076,Temperature of Water,3.6,CELSIUS,2024-01-16
https://environment.data.gov.uk/water-quality/sampling-point/SW-RSN1131/sample/3504523/observation/0076,SW-RSN1131,RSN1131 PAR RIVER AT CARMINOW,205059,57801,SouthWest,SOUTH WEST - DEVON AND CORNWALL,WEST DEVON AND CORNWALL,OPEN,FRESHWATER - RIVERS,2024-01-17 09:32:00,MONITORING  (NATIONAL AGENCY POLICY),RIVER / RUNNING SURFACE WATER,0076,Temperature of Water,6.8,CELSIUS,2024-01-17
https://environment.data.gov.uk/water-quality/sampling-point/SW-RSN1142/sample/3503141/observation/0076,SW-RSN1142,RSN1142 BUTTERFORD MILL,272380,55094,SouthWest,SOUTH WEST - DEVON AND CORNWALL,CENTRAL DEVON AND CORNWALL,OPEN,FRESHWATER - RIVERS,2024-01-04 11:21:00,MONITORING  (NATIONAL AGENCY POLICY),RIVER / RUNNING SURFACE WATER,0076,Temperature of Water,9.3,CELSIUS,2024-01-04
https://environment.data.gov.uk/water-quality/sampling-point/SW-RSN1147/sample/3503342/observation/0076,SW-RSN1147,RSN1147 TORRIDGE AT WOODFORD WOOD,239747,112773,SouthWest,SOUTH WEST - DEVON AND CORNWALL,EAST DEVON AND CORNWALL,OPEN,FRESHWATER - RIVERS,2024-01-08 12:39:00,MONITORING  (NATIONAL AGENCY POLICY),RIVER / RUNNING SURFACE WATER,0076,Temperature of Water,5.2,CELSIUS,2024-01-08
https://environment.data.gov.uk/water-quality/sampling-point/SW-RSN1151/sample/3502743/observation/0076,SW-RSN1151,RSN1151 TRIB OF JACKMOOR BROOK AT SHUTE,289250,100554,SouthWest,SOUTH WEST - DEVON AND CORNWALL,EAST DEVON AND CORNWALL,OPEN,FRESHWATER - RIVERS,2024-01-03 11:34:00,MONITORING  (NATIONAL AGENCY POLICY),RIVER / RUNNING SURFACE WATER,0076,Temperature of Water,9.4,CELSIUS,2024-01-03
https://environment.data.gov.uk/water-quality/sampling-point/SW-RSN1163/sample/3504272/observation/0076,SW-RSN1163,RSN1163 NORTH TEIGN RIVER AT LEIGH,268263,87754,SouthWest,SOUTH WEST - DEVON AND CORNWALL,CENTRAL DEVON AND CORNWALL,OPEN,FRESHWATER - RIVERS,2024-01-15 11:40:00,MONITORING  (NATIONAL AGENCY POLICY),RIVER / RUNNING SURFACE WATER,0076,Temperature of Water,5.1,CELSIUS,2024-01-15
https://environment.data.gov.uk/water-quality/sampling-point/SW-RSN1182/sample/3504637/observation/0076,SW-RSN1182,RSN1182 WINNEY'S DOWN,261250,82281,SouthWest,SOUTH WEST - DEVON AND CORNWALL,CENTRAL DEVON AND CORNWALL,OPEN,FRESHWATER - RIVERS,2024-01-18 15:15:00,MONITORING  (NATIONAL AGENCY POLICY),RIVER / RUNNING SURFACE WATER,0076,Temperature of Water,2.1,CELSIUS,2024-01-18
https://environment.data.gov.uk/water-quality/sampling-point/SW-RSN1187/sample/3503142/observation/0076,SW-RSN1187,RSN1187 COLLEY BROOK AT TOWERHILL LANE,289646,77683,SouthWest,SOUTH WEST - DEVON AND CORNWALL,CENTRAL DEVON AND CORNWALL,OPEN,FRESHWATER - RIVERS,2024-01-04 13:38:00,MONITORING  (NATIONAL AGENCY POLICY),RIVER / RUNNING SURFACE WATER,0076,Temperature of Water,10.2,CELSIUS,2024-01-04
https://environment.data.gov.uk/water-quality/sampling-point/SW-RSN1191/sample/3503721/observation/0076,SW-RSN1191,RSN1191 MARAZION RIVER AT CROWLAS,151373,33511,SouthWest,SOUTH WEST - DEVON AND CORNWALL,WEST DEVON AND CORNWALL,OPEN,FRESHWATER - RIVERS,2024-01-11 10:36:00,MONITORING  (NATIONAL AGENCY POLICY),RIVER / RUNNING SURFACE WATER,0076,Temperature of Water,8.4,CELSIUS,2024-01-11
https://environment.data.gov.uk/water-quality/sampling-point/SW-RSN1227/sample/3504730/observation/0076,SW-RSN1227,RSN1227 SHAMLEY STREAM AT TITCHBERRY,224045,126845,SouthWest,SOUTH WEST - DEVON AND CORNWALL,EAST DEVON AND CORNWALL,OPEN,FRESHWATER - RIVERS,2024-01-22 11:51:00,MONITORING  (NATIONAL AGENCY POLICY),RIVER / RUNNING SURFACE WATER,0076,Temperature of Water,8.4,CELSIUS,2024-01-22
https://environment.data.gov.uk/water-quality/sampling-point/SW-RSN1235/sample/3504418/observation/0076,SW-RSN1235,RSN1235 WEST WOODBURN,286577,122895,SouthWest,SOUTH WEST - DEVON AND CORNWALL,EAST DEVON AND CORNWALL,OPEN,FRESHWATER - RIVERS,2024-01-16 12:48:00,MONITORING  (NATIONAL AGENCY POLICY),RIVER / RUNNING SURFACE WATER,0076,Temperature of Water,3.3,CELSIUS,2024-01-16
https://environment.data.gov.uk/water-quality/sampling-point/SW-RSN1243/sample/3504419/observation/0076,SW-RSN1243,RSN1243 RIVER CAMEL AT BUTTERWELL,202882,67432,SouthWest,SOUTH WEST - DEVON AND CORNWALL,WEST DEVON AND CORNWALL,OPEN,FRESHWATER - RIVERS,2024-01-16 12:16:00,MONITORING  (NATIONAL AGENCY POLICY),RIVER / RUNNING SURFACE WATER,0076,Temperature of Water,6.6,CELSIUS,2024-01-16
https://environment.data.gov.uk/water-quality/sampling-point/SW-RSN1247/sample/3504524/observation/0076,SW-RSN1247,RSN1247 HOLEWATER AT ROCKLEY COPSE,270601,137955,SouthWest,SOUTH WEST - DEVON AND CORNWALL,EAST DEVON AND CORNWALL,OPEN,FRESHWATER - RIVERS,2024-01-17 12:02:00,MONITORING  (NATIONAL AGENCY POLICY),RIVER / RUNNING SURFACE WATER,0076,Temperature of Water,4.9,CELSIUS,2024-01-17
https://environment.data.gov.uk/water-quality/sampling-point/SW-RSN1267/sample/3504988/observation/0076,SW-RSN1267,RSN1267 PULWORTHY BROOK AT LYDACOTT,248859,103123,SouthWest,SOUTH WEST - DEVON AND CORNWALL,EAST DEVON AND CORNWALL,OPEN,FRESHWATER - RIVERS,2024-01-26 13:15:00,MONITORING  (NATIONAL AGENCY POLICY),RIVER / RUNNING SURFACE WATER,0076,Temperature of Water,7.7,CELSIUS,2024-01-26
https://environment.data.gov.uk/water-quality/sampling-point/SW-RSN1275/sample/3503722/observation/0076,SW-RSN1275,RSN1275 RIVER TIDDY AT LAMBEST,231060,63668,SouthWest,SOUTH WEST - DEVON AND CORNWALL,CENTRAL DEVON AND CORNWALL,OPEN,FRESHWATER - RIVERS,2024-01-11 13:24:00,MONITORING  (NATIONAL AGENCY POLICY),RIVER / RUNNING SURFACE WATER,0076,Temperature of Water,8.2,CELSIUS,2024-01-11
https://environment.data.gov.uk/water-quality/sampling-point/SW-RSN1502/sample/3503365/observation/0076,SW-RSN1502,"RSN1502 LANGWORTHY BROOK AT HALSANGER WOOD, ASHBURTON (LOWER TEIGN/LEMON)",276332,73699,SouthWest,SOUTH WEST - DEVON AND CORNWALL,CENTRAL DEVON AND CORNWALL,OPEN,FRESHWATER - RIVERS,2024-01-08 11:14:00,MONITORING  (NATIONAL AGENCY POLICY),RIVER / RUNNING SURFACE WATER,0076,Temperature of Water,7,CELSIUS,2024-01-08
https://environment.data.gov.uk/water-quality/sampling-point/SW-RSN1507/sample/3503366/observation/0076,SW-RSN1507,RSN1507 THE MUDDIFORD INN - COLAM STREAM (LOWER TAW),256370,138193,SouthWest,SOUTH WEST - DEVON AND CORNWALL,EAST DEVON AND CORNWALL,OPEN,FRESHWATER - RIVERS,2024-01-08 16:01:00,MONITORING  (NATIONAL AGENCY POLICY),RIVER / RUNNING SURFACE WATER,0076,Temperature of Water,8,CELSIUS,2024-01-08
https://environment.data.gov.uk/water-quality/sampling-point/SW-RSN1523/sample/3503364/observation/0076,SW-RSN1523,RSN1523 DURFOLD,211569,73706,SouthWest,SOUTH WEST - DEVON AND CORNWALL,WEST DEVON AND CORNWALL,OPEN,FRESHWATER - RIVERS,2024-01-08 10:47:00,MONITORING  (NATIONAL AGENCY POLICY),RIVER / RUNNING SURFACE WATER,0076,Temperature of Water,5.6,CELSIUS,2024-01-08
https://environment.data.gov.uk/water-quality/sampling-point/SW-RSN1527/sample/3503367/observation/0076,SW-RSN1527,RSN1527 WESTERWOOD ISLAND - EAST LYN RIVER (LYN),273140,149078,SouthWest,SOUTH WEST - DEVON AND CORNWALL,EAST DEVON AND CORNWALL,OPEN,FRESHWATER - RIVERS,2024-01-08 15:39:00,MONITORING  (NATIONAL AGENCY POLICY),RIVER / RUNNING SURFACE WATER,0076,Temperature of Water,6.6,CELSIUS,2024-01-08
https://environment.data.gov.uk/water-quality/sampling-point/SW-RSN1555/sample/3504546/observation/0076,SW-RSN1555,RSN1555 KINGFORD,228074,106565,SouthWest,SOUTH WEST - DEVON AND CORNWALL,CENTRAL DEVON AND CORNWALL,OPEN,FRESHWATER - RIVERS,2024-01-17 12:03:00,MONITORING  (NATIONAL AGENCY POLICY),RIVER / RUNNING SURFACE WATER,0076,Temperature of Water,3.1,CELSIUS,2024-01-17
https://environment.data.gov.uk/water-quality/sampling-point/SW-RSN1563/sample/3504749/observation/0076,SW-RSN1563,RSN1563 HENDRA,221066,79759,SouthWest,SOUTH WEST - DEVON AND CORNWALL,CENTRAL DEVON AND CORNWALL,OPEN,FRESHWATER - RIVERS,2024-01-22 13:37:00,MONITORING  (NATIONAL AGENCY POLICY),RIVER / RUNNING SURFACE WATER,0076,Temperature of Water,8.7,CELSIUS,2024-01-22
https://environment.data.gov.uk/water-quality/sampling-point/SW-RSN1567/sample/3503753/observation/0076,SW-RSN1567,RSN1567 EASTWOOD - CROOKED OAK (MOLE),274449,123014,SouthWest,SOUTH WEST - DEVON AND CORNWALL,EAST DEVON AND CORNWALL,OPEN,FRESHWATER - RIVERS,2024-01-11 15:44:00,MONITORING  (NATIONAL AGENCY POLICY),RIVER / RUNNING SURFACE WATER,0076,Temperature of Water,4.8,CELSIUS,2024-01-11
https://environment.data.gov.uk/water-quality/sampling-point/SW-RSN1595/sample/3503853/observation/0076,SW-RSN1595,RSN1595 BRANDIS CORNER,242062,103390,SouthWest,SOUTH WEST - DEVON AND CORNWALL,EAST DEVON AND CORNWALL,OPEN,FRESHWATER - RIVERS,2024-01-12 13:43:00,MONITORING  (NATIONAL AGENCY POLICY),RIVER / RUNNING SURFACE WATER,0076,Temperature of Water,4.2,CELSIUS,2024-01-12
https://environment.data.gov.uk/water-quality/sampling-point/SW-RSN1723/sample/3504448/observation/0076,SW-RSN1723,RSN1723 ERISEY,171274,18226,SouthWest,SOUTH WEST - DEVON AND CORNWALL,WEST DEVON AND CORNWALL,OPEN,FRESHWATER - RIVERS,2024-01-16 11:47:00,PLANNED INVESTIGATION (LOCAL MONITORING),RIVER / RUNNING SURFACE WATER,0076,Temperature of Water,3.3,CELSIUS,2024-01-16
https://environment.data.gov.uk/water-quality/sampling-point/SW-RSN1795/sample/3503169/observation/0076,SW-RSN1795,RSN1795 MEETFORD CROSS - LILY BROOK (YEO(CREEDY)),281854,96400,SouthWest,SOUTH WEST - DEVON AND CORNWALL,EAST DEVON AND CORNWALL,OPEN,FRESHWATER - RIVERS,2024-01-04 13:00:00,MONITORING  (NATIONAL AGENCY POLICY),RIVER / RUNNING SURFACE WATER,0076,Temperature of Water,8.1,CELSIUS,2024-01-04
https://environment.data.gov.uk/water-quality/sampling-point/SW-RSN1803B/sample/3504459/observation/0076,SW-RSN1803B,RSN1803B PENCAVO STREAM AT TREWANDRA WOOD,234810,60984,SouthWest,SOUTH WEST - DEVON AND CORNWALL,CENTRAL DEVON AND CORNWALL,OPEN,FRESHWATER - RIVERS,2024-01-16 14:29:00,MONITORING  (NATIONAL AGENCY POLICY),RIVER / RUNNING SURFACE WATER,0076,Temperature of Water,7,CELSIUS,2024-01-16
https://environment.data.gov.uk/water-quality/sampling-point/SW-RSN1819/sample/3504547/observation/0076,SW-RSN1819,RSN1819 RIVER CULM AT BRADNINCH (CULM),301022,103905,SouthWest,SOUTH WEST - DEVON AND CORNWALL,EAST DEVON AND CORNWALL,OPEN,FRESHWATER - RIVERS,2024-01-17 14:46:00,MONITORING  (NATIONAL AGENCY POLICY),RIVER / RUNNING SURFACE WATER,0076,Temperature of Water,4.1,CELSIUS,2024-01-17
https://environment.data.gov.uk/water-quality/sampling-point/SW-RSN1835/sample/3502680/observation/0076,SW-RSN1835,RSN1835 MURLEY FARM - UPLOWMAN STREAM (MIDDLE EXE),302294,116732,SouthWest,SOUTH WEST - DEVON AND CORNWALL,EAST DEVON AND CORNWALL,OPEN,FRESHWATER - RIVERS,2024-01-02 11:45:00,MONITORING  (NATIONAL AGENCY POLICY),RIVER / RUNNING SURFACE WATER,0076,Temperature of Water,10,CELSIUS,2024-01-02
https://environment.data.gov.uk/water-quality/sampling-point/SW-RSN2035/sample/3503376/observation/0076,SW-RSN2035,RSN2035 SUTCOMBE STREAM AT SUTCOMBE,234789,111420,SouthWest,SOUTH WEST - DEVON AND CORNWALL,EAST DEVON AND CORNWALL,OPEN,FRESHWATER - RIVERS,2024-01-08 11:24:00,MONITORING  (NATIONAL AGENCY POLICY),RIVER / RUNNING SURFACE WATER,0076,Temperature of Water,6.1,CELSIUS,2024-01-08
https://environment.data.gov.uk/water-quality/sampling-point/SW-RSN2055/sample/3502784/observation/0076,SW-RSN2055,RSN2055 LILLY BROOK (HOLLY WATER) AT DOWNHAYNE,284218,106037,SouthWest,SOUTH WEST - DEVON AND CORNWALL,EAST DEVON AND CORNWALL,OPEN,FRESHWATER - RIVERS,2024-01-03 10:15:00,MONITORING  (NATIONAL AGENCY POLICY),RIVER / RUNNING SURFACE WATER,0076,Temperature of Water,9.6,CELSIUS,2024-01-03
https://environment.data.gov.uk/water-quality/sampling-point/SW-RSN2171/sample/3503837/observation/0076,SW-RSN2171,RSN2171 BODGATE STREAM AT PAYNTERSMOOR PLANTATIONS,227620,91098,SouthWest,SOUTH WEST - DEVON AND CORNWALL,CENTRAL DEVON AND CORNWALL,OPEN,FRESHWATER - RIVERS,2024-01-12 11:50:00,MONITORING  (NATIONAL AGENCY POLICY),RIVER / RUNNING SURFACE WATER,0076,Temperature of Water,6.1,CELSIUS,2024-01-12
https://environment.data.gov.uk/water-quality/sampling-point/SW-RSN2175/sample/3504638/observation/0076,SW-RSN2175,RSN2175 MOUSEBEARE LANE,292726,115648,SouthWest,SOUTH WEST - DEVON AND CORNWALL,EAST DEVON AND CORNWALL,OPEN,FRESHWATER - RIVERS,2024-01-18 13:14:00,MONITORING  (NATIONAL AGENCY POLICY),RIVER / RUNNING SURFACE WATER,0076,Temperature of Water,5.2,CELSIUS,2024-01-18
https://environment.data.gov.uk/water-quality/sampling-point/SW-RSN2187/sample/3504639/observation/0076,SW-RSN2187,RSN2187 RIVER ALLEN AT BOWOOD PARK,208617,81983,SouthWest,SOUTH WEST - DEVON AND CORNWALL,WEST DEVON AND CORNWALL,OPEN,FRESHWATER - RIVERS,2024-01-18 15:17:00,MONITORING  (NATIONAL AGENCY POLICY),RIVER / RUNNING SURFACE WATER,0076,Temperature of Water,8,CELSIUS,2024-01-18
https://environment.data.gov.uk/water-quality/sampling-point/SW-RSN2219/sample/3504525/observation/0076,SW-RSN2219,RSN2219 HUNTACOTT WATER AT WEEK BOTTOMS,273960,117356,SouthWest,SOUTH WEST - DEVON AND CORNWALL,EAST DEVON AND CORNWALL,OPEN,FRESHWATER - RIVERS,2024-01-17 13:32:00,MONITORING  (NATIONAL AGENCY POLICY),RIVER / RUNNING SURFACE WATER,0076,Temperature of Water,2.6,CELSIUS,2024-01-17
https://environment.data.gov.uk/water-quality/sampling-point/SW-RSN2227/sample/3504640/observation/0076,SW-RSN2227,RSN2227 ST EWE STREAM AT CROSSWYN,198467,46640,SouthWest,SOUTH WEST - DEVON AND CORNWALL,WEST DEVON AND CORNWALL,OPEN,FRESHWATER - RIVERS,2024-01-18 10:04:00,MONITORING  (NATIONAL AGENCY POLICY),RIVER / RUNNING SURFACE WATER,0076,Temperature of Water,2.9,CELSIUS,2024-01-18
https://environment.data.gov.uk/water-quality/sampling-point/SW-RSN2238/sample/3502744/observation/0076,SW-RSN2238,RSN2238 AVON MILL,272995,48352,SouthWest,SOUTH WEST - DEVON AND CORNWALL,CENTRAL DEVON AND CORNWALL,OPEN,FRESHWATER - RIVERS,2024-01-03 13:53:00,MONITORING  (NATIONAL AGENCY POLICY),RIVER / RUNNING SURFACE WATER,0076,Temperature of Water,10.3,CELSIUS,2024-01-03
https://environment.data.gov.uk/water-quality/sampling-point/SW-RSN2243/sample/3504641/observation/0076,SW-RSN2243,RSN2243 RIVER CAREY AT BRENDON,242239,100262,SouthWest,SOUTH WEST - DEVON AND CORNWALL,CENTRAL DEVON AND CORNWALL,OPEN,FRESHWATER - RIVERS,2024-01-18 12:00:00,MONITORING  (NATIONAL AGENCY POLICY),RIVER / RUNNING SURFACE WATER,0076,Temperature of Water,0.7,CELSIUS,2024-01-18
https://environment.data.gov.uk/water-quality/sampling-point/SW-RSN2251/sample/3504731/observation/0076,SW-RSN2251,RSN2251 CATHAM LAKE AT KINGSNYMPTON PARK,267155,118498,SouthWest,SOUTH WEST - DEVON AND CORNWALL,EAST DEVON AND CORNWALL,OPEN,FRESHWATER - RIVERS,2024-01-22 13:31:00,MONITORING  (NATIONAL AGENCY POLICY),RIVER / RUNNING SURFACE WATER,0076,Temperature of Water,7.2,CELSIUS,2024-01-22
https://environment.data.gov.uk/water-quality/sampling-point/SW-RSN2259/sample/3503143/observation/0076,SW-RSN2259,RSN2259 TRESILLIAN RIVER AT ENTRANCE WOOD,188629,53074,SouthWest,SOUTH WEST - DEVON AND CORNWALL,WEST DEVON AND CORNWALL,OPEN,FRESHWATER - RIVERS,2024-01-04 11:53:00,MONITORING  (NATIONAL AGENCY POLICY),RIVER / RUNNING SURFACE WATER,0076,Temperature of Water,10.1,CELSIUS,2024-01-04
https://environment.data.gov.uk/water-quality/sampling-point/SW-RSN2267/sample/3503723/observation/0076,SW-RSN2267,RSN2267 TALE AT DANES MILL,307643,103452,SouthWest,SOUTH WEST - DEVON AND CORNWALL,EAST DEVON AND CORNWALL,OPEN,FRESHWATER - RIVERS,2024-01-11 11:17:00,MONITORING  (NATIONAL AGENCY POLICY),RIVER / RUNNING SURFACE WATER,0076,Temperature of Water,4.2,CELSIUS,2024-01-11
https://environment.data.gov.uk/water-quality/sampling-point/SW-RSN2278/sample/3503724/observation/0076,SW-RSN2278,RSN2278 DART AT LUCKEY TOR,268163,72120,SouthWest,SOUTH WEST - DEVON AND CORNWALL,CENTRAL DEVON AND CORNWALL,OPEN,FRESHWATER - RIVERS,2024-01-11 12:22:00,MONITORING  (NATIONAL AGENCY POLICY),RIVER / RUNNING SURFACE WATER,0076,Temperature of Water,4.2,CELSIUS,2024-01-11
https://environment.data.gov.uk/water-quality/sampling-point/SW-RSN2283/sample/3503838/observation/0076,SW-RSN2283,RSN2283 BEARA BROOK AT WINSCOTT BARTON,254877,118089,SouthWest,SOUTH WEST - DEVON AND CORNWALL,EAST DEVON AND CORNWALL,OPEN,FRESHWATER - RIVERS,2024-01-11 13:34:00,MONITORING  (NATIONAL AGENCY POLICY),RIVER / RUNNING SURFACE WATER,0076,Temperature of Water,6.4,CELSIUS,2024-01-11
https://environment.data.gov.uk/water-quality/sampling-point/SW-RSN2291/sample/3503725/observation/0076,SW-RSN2291,RSN2291 HAYES BARTON BROOK AT JACOBSTOWE,259120,101475,SouthWest,SOUTH WEST - DEVON AND CORNWALL,EAST DEVON AND CORNWALL,OPEN,FRESHWATER - RIVERS,2024-01-11 11:29:00,MONITORING  (NATIONAL AGENCY POLICY),RIVER / RUNNING SURFACE WATER,0076,Temperature of Water,4.5,CELSIUS,2024-01-11
https://environment.data.gov.uk/water-quality/sampling-point/SW-RSN2323/sample/3504526/observation/0076,SW-RSN2323,RSN2323 LILLYCOMBE,317019,114326,SouthWest,SOUTH WEST - DEVON AND CORNWALL,EAST DEVON AND CORNWALL,OPEN,FRESHWATER - RIVERS,2024-01-17 16:43:00,MONITORING  (NATIONAL AGENCY POLICY),RIVER / RUNNING SURFACE WATER,0076,Temperature of Water,3.5,CELSIUS,2024-01-17
https://environment.data.gov.uk/water-quality/sampling-point/SW-SSN0008/sample/3505013/observation/0076,SW-SSN0008,DOETOR BROOK AT FOXHOLE MINE,254543,85159,SouthWest,SOUTH WEST - DEVON AND CORNWALL,CENTRAL DEVON AND CORNWALL,OPEN,FRESHWATER - RIVERS,2024-01-28 12:21:00,MONITORING  (NATIONAL AGENCY POLICY),RIVER / RUNNING SURFACE WATER,0076,Temperature of Water,8,CELSIUS,2024-01-28
https://environment.data.gov.uk/water-quality/sampling-point/SW-SSN0024/sample/3504653/observation/0076,SW-SSN0024,TREMAINE STREAM AT TREBURTLE,224786,88582,SouthWest,SOUTH WEST - DEVON AND CORNWALL,CENTRAL DEVON AND CORNWALL,OPEN,FRESHWATER - RIVERS,2024-01-18 13:39:00,MONITORING  (NATIONAL AGENCY POLICY),RIVER / RUNNING SURFACE WATER,0076,Temperature of Water,6,CELSIUS,2024-01-18
https://environment.data.gov.uk/water-quality/sampling-point/SW-SSN0032/sample/3503147/observation/0076,SW-SSN0032,HIGHER BLAGDON FARM - MILL POOL STREAM,285652,61188,SouthWest,SOUTH WEST - DEVON AND CORNWALL,CENTRAL DEVON AND CORNWALL,OPEN,FRESHWATER - RIVERS,2024-01-04 11:31:00,MONITORING  (NATIONAL AGENCY POLICY),RIVER / RUNNING SURFACE WATER,0076,Temperature of Water,9.9,CELSIUS,2024-01-04
https://environment.data.gov.uk/water-quality/sampling-point/SW-SSN0036/sample/3505137/observation/0076,SW-SSN0036,LADFORD BROOK AT LADFORD - LADFORD BROOK,243354,111313,SouthWest,SOUTH WEST - DEVON AND CORNWALL,EAST DEVON AND CORNWALL,OPEN,FRESHWATER - RIVERS,2024-01-30 11:20:00,MONITORING  (NATIONAL AGENCY POLICY),RIVER / RUNNING SURFACE WATER,0076,Temperature of Water,7.8,CELSIUS,2024-01-30
https://environment.data.gov.uk/water-quality/sampling-point/SW-SSN0048/sample/3503463/observation/0076,SW-SSN0048,LOWER FURSDON - FURSDON STREAM,271308,94597,SouthWest,SOUTH WEST - DEVON AND CORNWALL,EAST DEVON AND CORNWALL,OPEN,FRESHWATER - RIVERS,2024-01-09 10:41:00,MONITORING  (NATIONAL AGENCY POLICY),RIVER / RUNNING SURFACE WATER,0076,Temperature of Water,5.6,CELSIUS,2024-01-09
https://environment.data.gov.uk/water-quality/sampling-point/SW-SSN0088/sample/3503862/observation/0076,SW-SSN0088,TOLBOROUGH STREAM AT DAIRYWELL HILL,218040,77038,SouthWest,SOUTH WEST - DEVON AND CORNWALL,WEST DEVON AND CORNWALL,OPEN,FRESHWATER - RIVERS,2024-01-12 15:31:00,MONITORING  (NATIONAL AGENCY POLICY),RIVER / RUNNING SURFACE WATER,0076,Temperature of Water,7.5,CELSIUS,2024-01-12
https://environment.data.gov.uk/water-quality/sampling-point/SW-SSN0096/sample/3503622/observation/0076,SW-SSN0096,CRABLAKE FARM,294182,85923,SouthWest,SOUTH WEST - DEVON AND CORNWALL,CENTRAL DEVON AND CORNWALL,OPEN,FRESHWATER - RIVERS,2024-01-10 11:26:00,MONITORING  (NATIONAL AGENCY POLICY),RIVER / RUNNING SURFACE WATER,0076,Temperature of Water,6.3,CELSIUS,2024-01-10
https://environment.data.gov.uk/water-quality/sampling-point/SW-SSN0100/sample/3504555/observation/0076,SW-SSN0100,DURY WATER AT QUODITCH,239890,96761,SouthWest,SOUTH WEST - DEVON AND CORNWALL,CENTRAL DEVON AND CORNWALL,OPEN,FRESHWATER - RIVERS,2024-01-17 13:19:00,MONITORING  (NATIONAL AGENCY POLICY),RIVER / RUNNING SURFACE WATER,0076,Temperature of Water,3.7,CELSIUS,2024-01-17
https://environment.data.gov.uk/water-quality/sampling-point/SW-SSN0112/sample/3503589/observation/0076,SW-SSN0112,KIDLAND STREAM AT HARPSON WOOD,281097,123065,SouthWest,SOUTH WEST - DEVON AND CORNWALL,EAST DEVON AND CORNWALL,OPEN,FRESHWATER - RIVERS,2024-01-10 11:55:00,MONITORING  (NATIONAL AGENCY POLICY),RIVER / RUNNING SURFACE WATER,0076,Temperature of Water,4.9,CELSIUS,2024-01-10
https://environment.data.gov.uk/water-quality/sampling-point/SW-SSN0116/sample/3505101/observation/0076,SW-SSN0116,RUAN STREAM AT PONS MEDDA - RUAN STREAM,170586,16369,SouthWest,SOUTH WEST - DEVON AND CORNWALL,WEST DEVON AND CORNWALL,OPEN,FRESHWATER - RIVERS,2024-01-30 11:36:00,MONITORING  (NATIONAL AGENCY POLICY),RIVER / RUNNING SURFACE WATER,0076,Temperature of Water,8,CELSIUS,2024-01-30
https://environment.data.gov.uk/water-quality/sampling-point/SW-SSN0164/sample/3502752/observation/0076,SW-SSN0164,CHITTLEHAMHOLT STREAM AT SPYCOTT,263593,121401,SouthWest,SOUTH WEST - DEVON AND CORNWALL,EAST DEVON AND CORNWALL,OPEN,FRESHWATER - RIVERS,2024-01-03 11:27:00,MONITORING  (NATIONAL AGENCY POLICY),RIVER / RUNNING SURFACE WATER,0076,Temperature of Water,9.6,CELSIUS,2024-01-03
https://environment.data.gov.uk/water-quality/sampling-point/SW-SSN0180/sample/3503348/observation/0076,SW-SSN0180,TALLAND STREAM AT WALDEN - TALLAND STREAM,222788,52230,SouthWest,SOUTH WEST - DEVON AND CORNWALL,WEST DEVON AND CORNWALL,OPEN,FRESHWATER - RIVERS,2024-01-08 12:09:00,MONITORING  (NATIONAL AGENCY POLICY),RIVER / RUNNING SURFACE WATER,0076,Temperature of Water,10,CELSIUS,2024-01-08
https://environment.data.gov.uk/water-quality/sampling-point/SW-SSN0200/sample/3503734/observation/0076,SW-SSN0200,COLESLOGGETT STREAM AT POLVENTON,210105,65780,SouthWest,SOUTH WEST - DEVON AND CORNWALL,WEST DEVON AND CORNWALL,OPEN,FRESHWATER - RIVERS,2024-01-11 13:09:00,MONITORING  (NATIONAL AGENCY POLICY),RIVER / RUNNING SURFACE WATER,0076,Temperature of Water,6.1,CELSIUS,2024-01-11
https://environment.data.gov.uk/water-quality/sampling-point/SW-SSN0648/sample/3503735/observation/0076,SW-SSN0648,HERODSCOOMBE STREAM AT TREHALE,221645,60774,SouthWest,SOUTH WEST - DEVON AND CORNWALL,WEST DEVON AND CORNWALL,OPEN,FRESHWATER - RIVERS,2024-01-11 14:58:00,MONITORING  (NATIONAL AGENCY POLICY),RIVER / RUNNING SURFACE WATER,0076,Temperature of Water,7.8,CELSIUS,2024-01-11
https://environment.data.gov.uk/water-quality/sampling-point/SW-SSN0676/sample/3503465/observation/0076,SW-SSN0676,COMBE LAKE AT LANGATONS - COMBE LAKE,243966,113438,SouthWest,SOUTH WEST - DEVON AND CORNWALL,EAST DEVON AND CORNWALL,OPEN,FRESHWATER - RIVERS,2024-01-09 13:16:00,MONITORING  (NATIONAL AGENCY POLICY),RIVER / RUNNING SURFACE WATER,0076,Temperature of Water,5.3,CELSIUS,2024-01-09
https://environment.data.gov.uk/water-quality/sampling-point/SW-SSN0704/sample/3502759/observation/0076,SW-SSN0704,MOLEHEAD BROOK AT DARLICK MOORS,276929,133859,SouthWest,SOUTH WEST - DEVON AND CORNWALL,EAST DEVON AND CORNWALL,OPEN,FRESHWATER - RIVERS,2024-01-03 13:39:00,MONITORING  (NATIONAL AGENCY POLICY),RIVER / RUNNING SURFACE WATER,0076,Temperature of Water,10,CELSIUS,2024-01-03
https://environment.data.gov.uk/water-quality/sampling-point/SW-SSN0712/sample/3504427/observation/0076,SW-SSN0712,LANIVET STREAM AT BARGUSE - LANIVET STREAM,203736,61376,SouthWest,SOUTH WEST - DEVON AND CORNWALL,WEST DEVON AND CORNWALL,OPEN,FRESHWATER - RIVERS,2024-01-16 10:06:00,MONITORING  (NATIONAL AGENCY POLICY),RIVER / RUNNING SURFACE WATER,0076,Temperature of Water,6.9,CELSIUS,2024-01-16
https://environment.data.gov.uk/water-quality/sampling-point/SW-SSN0720/sample/3502760/observation/0076,SW-SSN0720,CHILLINGTON STREAM AT GREAT HILL WOOD,279745,42614,SouthWest,SOUTH WEST - DEVON AND CORNWALL,CENTRAL DEVON AND CORNWALL,OPEN,FRESHWATER - RIVERS,2024-01-03 10:59:00,MONITORING  (NATIONAL AGENCY POLICY),RIVER / RUNNING SURFACE WATER,0076,Temperature of Water,10.9,CELSIUS,2024-01-03
https://environment.data.gov.uk/water-quality/sampling-point/SW-SSN0724/sample/3503738/observation/0076,SW-SSN0724,STAFFORD BARTON BROOK AT HAM FARM,257487,111443,SouthWest,SOUTH WEST - DEVON AND CORNWALL,EAST DEVON AND CORNWALL,OPEN,FRESHWATER - RIVERS,2024-01-11 12:30:00,MONITORING  (NATIONAL AGENCY POLICY),RIVER / RUNNING SURFACE WATER,0076,Temperature of Water,6,CELSIUS,2024-01-11
https://environment.data.gov.uk/water-quality/sampling-point/SW-SSN0736/sample/3504428/observation/0076,SW-SSN0736,CHILVERTON DRAIN AT COLDRIDGE - CHILVERTON DRAIN,269886,106760,SouthWest,SOUTH WEST - DEVON AND CORNWALL,EAST DEVON AND CORNWALL,OPEN,FRESHWATER - RIVERS,2024-01-16 09:26:00,MONITORING  (NATIONAL AGENCY POLICY),RIVER / RUNNING SURFACE WATER,0076,Temperature of Water,0.1,CELSIUS,2024-01-16
https://environment.data.gov.uk/water-quality/sampling-point/SW-SSN0740/sample/3502667/observation/0076,SW-SSN0740,WATERGATE STREAM AT ILLOGAN,167575,43945,SouthWest,SOUTH WEST - DEVON AND CORNWALL,WEST DEVON AND CORNWALL,OPEN,FRESHWATER - RIVERS,2024-01-02 15:29:00,MONITORING  (NATIONAL AGENCY POLICY),RIVER / RUNNING SURFACE WATER,0076,Temperature of Water,12.1,CELSIUS,2024-01-02
https://environment.data.gov.uk/water-quality/sampling-point/SW-SSN1300/sample/3503378/observation/0076,SW-SSN1300,BIOGAS STREAM AT HIGHER MANWORTHY,234091,105815,SouthWest,SOUTH WEST - DEVON AND CORNWALL,CENTRAL DEVON AND CORNWALL,OPEN,FRESHWATER - RIVERS,2024-01-08 10:24:00,MONITORING  (NATIONAL AGENCY POLICY),RIVER / RUNNING SURFACE WATER,0076,Temperature of Water,4.7,CELSIUS,2024-01-08
https://environment.data.gov.uk/water-quality/sampling-point/SW-SSN1352/sample/3503483/observation/0076,SW-SSN1352,RADFORD STREAM AT BUDDLE WOOD,250958,52319,SouthWest,SOUTH WEST - DEVON AND CORNWALL,CENTRAL DEVON AND CORNWALL,OPEN,FRESHWATER - RIVERS,2024-01-09 10:41:00,MONITORING  (NATIONAL AGENCY POLICY),RIVER / RUNNING SURFACE WATER,0076,Temperature of Water,9.8,CELSIUS,2024-01-09
https://environment.data.gov.uk/water-quality/sampling-point/SW-SSN1364/sample/3504816/observation/0076,SW-SSN1364,ODD MILL STREAM AT SWANNACOTT WOOD,224771,98406,SouthWest,SOUTH WEST - DEVON AND CORNWALL,CENTRAL DEVON AND CORNWALL,OPEN,FRESHWATER - RIVERS,2024-01-23 12:00:00,MONITORING  (NATIONAL AGENCY POLICY),RIVER / RUNNING SURFACE WATER,0076,Temperature of Water,8.8,CELSIUS,2024-01-23
https://environment.data.gov.uk/water-quality/sampling-point/SW-SSN1376/sample/3503623/observation/0076,SW-SSN1376,COFTON CROSS,296323,80271,SouthWest,SOUTH WEST - DEVON AND CORNWALL,CENTRAL DEVON AND CORNWALL,OPEN,FRESHWATER - RIVERS,2024-01-10 10:59:00,MONITORING  (NATIONAL AGENCY POLICY),RIVER / RUNNING SURFACE WATER,0076,Temperature of Water,6.5,CELSIUS,2024-01-10
https://environment.data.gov.uk/water-quality/sampling-point/SW-SSN1380/sample/3504460/observation/0076,SW-SSN1380,COLLACOTT,251148,129867,SouthWest,SOUTH WEST - DEVON AND CORNWALL,EAST DEVON AND CORNWALL,OPEN,FRESHWATER - RIVERS,2024-01-16 11:36:00,MONITORING  (NATIONAL AGENCY POLICY),RIVER / RUNNING SURFACE WATER,0076,Temperature of Water,4.7,CELSIUS,2024-01-16
https://environment.data.gov.uk/water-quality/sampling-point/SW-SSN1392/sample/3504535/observation/0076,SW-SSN1392,FORD BROOK AT FORD FARM - FORD BROOK,267315,115781,SouthWest,SOUTH WEST - DEVON AND CORNWALL,EAST DEVON AND CORNWALL,OPEN,FRESHWATER - RIVERS,2024-01-17 11:21:00,MONITORING  (NATIONAL AGENCY POLICY),RIVER / RUNNING SURFACE WATER,0076,Temperature of Water,3,CELSIUS,2024-01-17
https://environment.data.gov.uk/water-quality/sampling-point/SW-SSN1408/sample/3503739/observation/0076,SW-SSN1408,LOCKS COTTAGE DRAIN - LOCKS COTTAGE DRAIN,304595,114612,SouthWest,SOUTH WEST - DEVON AND CORNWALL,EAST DEVON AND CORNWALL,OPEN,FRESHWATER - RIVERS,2024-01-11 13:47:00,MONITORING  (NATIONAL AGENCY POLICY),RIVER / RUNNING SURFACE WATER,0076,Temperature of Water,4.6,CELSIUS,2024-01-11
https://environment.data.gov.uk/water-quality/sampling-point/SW-SSN1428/sample/3504536/observation/0076,SW-SSN1428,HALSINGER - WINSHAM BROOK,250997,138712,SouthWest,SOUTH WEST - DEVON AND CORNWALL,EAST DEVON AND CORNWALL,OPEN,FRESHWATER - RIVERS,2024-01-17 14:17:00,MONITORING  (NATIONAL AGENCY POLICY),RIVER / RUNNING SURFACE WATER,0076,Temperature of Water,9.2,CELSIUS,2024-01-17
https://environment.data.gov.uk/water-quality/sampling-point/SW-SSN1440/sample/3503152/observation/0076,SW-SSN1440,TASTERS WOOD STREAM NR BICKLEIGH CASTLE,293641,106483,SouthWest,SOUTH WEST - DEVON AND CORNWALL,EAST DEVON AND CORNWALL,OPEN,FRESHWATER - RIVERS,2024-01-04 09:21:00,MONITORING  (NATIONAL AGENCY POLICY),RIVER / RUNNING SURFACE WATER,0076,Temperature of Water,8,CELSIUS,2024-01-04
https://environment.data.gov.uk/water-quality/sampling-point/SW-SSN1460/sample/3502668/observation/0076,SW-SSN1460,BROOK LAKE AT SWAINSTONE CROSS - BROOK LAKE,260135,54189,SouthWest,SOUTH WEST - DEVON AND CORNWALL,CENTRAL DEVON AND CORNWALL,OPEN,FRESHWATER - RIVERS,2024-01-02 14:18:00,MONITORING  (NATIONAL AGENCY POLICY),RIVER / RUNNING SURFACE WATER,0076,Temperature of Water,11,CELSIUS,2024-01-02
https://environment.data.gov.uk/water-quality/sampling-point/SW-SSN1480/sample/3503356/observation/0076,SW-SSN1480,CRIFT STREAM AT TREGANTLE - CRIFT STREAM,206403,59736,SouthWest,SOUTH WEST - DEVON AND CORNWALL,WEST DEVON AND CORNWALL,OPEN,FRESHWATER - RIVERS,2024-01-08 09:56:00,MONITORING  (NATIONAL AGENCY POLICY),RIVER / RUNNING SURFACE WATER,0076,Temperature of Water,9.2,CELSIUS,2024-01-08
https://environment.data.gov.uk/water-quality/sampling-point/SW-SSN1488/sample/3503740/observation/0076,SW-SSN1488,SNOD BROOK TRIB AT VOGGIS HILL FARM - SNOD BROOK,315381,91447,SouthWest,SOUTH WEST - DEVON AND CORNWALL,EAST DEVON AND CORNWALL,OPEN,FRESHWATER - RIVERS,2024-01-11 12:43:00,MONITORING  (NATIONAL AGENCY POLICY),RIVER / RUNNING SURFACE WATER,0076,Temperature of Water,5.1,CELSIUS,2024-01-11
https://environment.data.gov.uk/water-quality/sampling-point/SW-SSN1492/sample/3502670/observation/0076,SW-SSN1492,PRIESTACOTT BROOK AT WHITEHOUSE SERVICES,261781,94743,SouthWest,SOUTH WEST - DEVON AND CORNWALL,EAST DEVON AND CORNWALL,OPEN,FRESHWATER - RIVERS,2024-01-02 14:26:00,MONITORING  (NATIONAL AGENCY POLICY),RIVER / RUNNING SURFACE WATER,0076,Temperature of Water,10.2,CELSIUS,2024-01-02
https://environment.data.gov.uk/water-quality/sampling-point/SW-SSN1504/sample/3502669/observation/0076,SW-SSN1504,CHENSON BROOK AT CHENSON FARM,270251,109776,SouthWest,SOUTH WEST - DEVON AND CORNWALL,EAST DEVON AND CORNWALL,OPEN,FRESHWATER - RIVERS,2024-01-02 10:10:00,MONITORING  (NATIONAL AGENCY POLICY),RIVER / RUNNING SURFACE WATER,0076,Temperature of Water,10.9,CELSIUS,2024-01-02
https://environment.data.gov.uk/water-quality/sampling-point/SW-7005GW08/sample/3505271/observation/0076,SW-7005GW08,"NORTH HOLLOCOMBE FARM, CREDITON",279800,101100,SouthWest,SOUTH WEST - DEVON AND CORNWALL,EAST DEVON AND CORNWALL,OPEN,GROUNDWATER - WELLS & ADITS,2024-02-01 09:27:00,ENVIRONMENTAL MONITORING STATUTORY (EU DIRECTIVES),GROUNDWATER - PURGED/PUMPED/REFILLED,0076,Temperature of Water,11.2,CELSIUS,2024-02-01
https://environment.data.gov.uk/water-quality/sampling-point/SW-70220104/sample/3505443/observation/0076,SW-70220104,"RIVER AXE AT AXE BRIDGE BELOW COLYTON & COLYFORD STW, ALTERNATIVE HISTORIC DATA ON URN WSTW7554B",325931,92648,SouthWest,SOUTH WEST - DEVON AND CORNWALL,EAST DEVON AND CORNWALL,OPEN,FRESHWATER - RIVERS,2024-02-02 11:34:00,MONITORING  (UK GOVT POLICY - NOT GQA OR RE),RIVER / RUNNING SURFACE WATER,0076,Temperature of Water,7.5,CELSIUS,2024-02-02
https://environment.data.gov.uk/water-quality/sampling-point/SW-70220148/sample/3506860/observation/0076,SW-70220148,RIVER AXE NUNFORD FOOTBRIDGE,326287,94733,SouthWest,SOUTH WEST - DEVON AND CORNWALL,EAST DEVON AND CORNWALL,OPEN,FRESHWATER - RIVERS,2024-02-20 11:45:00,PLANNED INVESTIGATION (LOCAL MONITORING),RIVER / RUNNING SURFACE WATER,0076,Temperature of Water,9.5,CELSIUS,2024-02-20
https://environment.data.gov.uk/water-quality/sampling-point/SW-70220159/sample/3505455/observation/0076,SW-70220159,RIVER AXE AT WHITFORD BRIDGE,326225,95420,SouthWest,SOUTH WEST - DEVON AND CORNWALL,EAST DEVON AND CORNWALL,OPEN,FRESHWATER - RIVERS,2024-02-02 11:17:00,MONITORING  (UK GOVT POLICY - NOT GQA OR RE),RIVER / RUNNING SURFACE WATER,0076,Temperature of Water,7.5,CELSIUS,2024-02-02
https://environment.data.gov.uk/water-quality/sampling-point/SW-70220169/sample/3505947/observation/0076,SW-70220169,RIVER AXE BELOW AXMINSTER (KILMINGTON) STW,327823,97310,SouthWest,SOUTH WEST - DEVON AND CORNWALL,EAST DEVON AND CORNWALL,OPEN,FRESHWATER - RIVERS,2024-02-06 10:24:00,PLANNED INVESTIGATION (LOCAL MONITORING),RIVER / RUNNING SURFACE WATER,0076,Temperature of Water,9.7,CELSIUS,2024-02-06
https://environment.data.gov.uk/water-quality/sampling-point/SW-70220175/sample/3506861/observation/0076,SW-70220175,RIVER AXE ABOVE AXMINSTER (KILMINGTON) STW,327856,97351,SouthWest,SOUTH WEST - DEVON AND CORNWALL,EAST DEVON AND CORNWALL,OPEN,FRESHWATER - RIVERS,2024-02-20 10:45:00,PLANNED INVESTIGATION (LOCAL MONITORING),RIVER / RUNNING SURFACE WATER,0076,Temperature of Water,9.2,CELSIUS,2024-02-20
https://environment.data.gov.uk/water-quality/sampling-point/SW-70220505/sample/3506086/observation/0076,SW-70220505,RIVER COLY AT COLYFORD,325339,92658,SouthWest,SOUTH WEST - DEVON AND CORNWALL,EAST DEVON AND CORNWALL,OPEN,FRESHWATER - RIVERS,2024-02-08 12:22:00,PLANNED INVESTIGATION (LOCAL MONITORING),RIVER / RUNNING SURFACE WATER,0076,Temperature of Water,9.9,CELSIUS,2024-02-08
https://environment.data.gov.uk/water-quality/sampling-point/SW-70220535/sample/3505426/observation/0076,SW-70220535,NANNIES WATER @ BRIDGE ON BONEHAYNE & PURLBRIDGE ROAD,322681,94397,SouthWest,SOUTH WEST - DEVON AND CORNWALL,EAST DEVON AND CORNWALL,OPEN,FRESHWATER - RIVERS,2024-02-02 10:31:00,PLANNED INVESTIGATION (LOCAL MONITORING),RIVER / RUNNING SURFACE WATER,0076,Temperature of Water,7.1,CELSIUS,2024-02-02
https://environment.data.gov.uk/water-quality/sampling-point/SW-70220566/sample/3505505/observation/0076,SW-70220566,RIVER COLY AT WOODBRIDGE,318880,95322,SouthWest,SOUTH WEST - DEVON AND CORNWALL,EAST DEVON AND CORNWALL,OPEN,FRESHWATER - RIVERS,2024-02-02 10:09:00,PLANNED INVESTIGATION (LOCAL MONITORING),RIVER / RUNNING SURFACE WATER,0076,Temperature of Water,7,CELSIUS,2024-02-02
https://environment.data.gov.uk/water-quality/sampling-point/SW-70220602/sample/3505496/observation/0076,SW-70220602,UMBORNE BROOK AT UMBORNE BRIDGE,324868,94252,SouthWest,SOUTH WEST - DEVON AND CORNWALL,EAST DEVON AND CORNWALL,OPEN,FRESHWATER - RIVERS,2024-02-02 10:53:00,PLANNED INVESTIGATION (LOCAL MONITORING),RIVER / RUNNING SURFACE WATER,0076,Temperature of Water,7.4,CELSIUS,2024-02-02
https://environment.data.gov.uk/water-quality/sampling-point/SW-70221203/sample/3505487/observation/0076,SW-70221203,OFFWELL BROOK AT ROADPITT FARM,321482,95324,SouthWest,SOUTH WEST - DEVON AND CORNWALL,EAST DEVON AND CORNWALL,OPEN,FRESHWATER - RIVERS,2024-02-02 10:21:00,PLANNED INVESTIGATION (LOCAL MONITORING),RIVER / RUNNING SURFACE WATER,0076,Temperature of Water,7.5,CELSIUS,2024-02-02
https://environment.data.gov.uk/water-quality/sampling-point/SW-70230103/sample/3506381/observation/0076,SW-70230103,RIVER AXE AT BOW BRIDGE,329048,98203,SouthWest,SOUTH WEST - DEVON AND CORNWALL,EAST DEVON AND CORNWALL,OPEN,FRESHWATER - RIVERS,2024-02-12 14:13:00,PLANNED INVESTIGATION (LOCAL MONITORING),RIVER / RUNNING SURFACE WATER,0076,Temperature of Water,8,CELSIUS,2024-02-12
https://environment.data.gov.uk/water-quality/sampling-point/SW-70230605/sample/3507472/observation/0076,SW-70230605,KIT BROOK AT AXE FARM,331944,101641,SouthWest,SOUTH WEST - DEVON AND CORNWALL,EAST DEVON AND CORNWALL,OPEN,FRESHWATER - RIVERS,2024-02-26 11:08:00,PLANNED INVESTIGATION (LOCAL MONITORING),RIVER / RUNNING SURFACE WATER,0076,Temperature of Water,7.4,CELSIUS,2024-02-26
https://environment.data.gov.uk/water-quality/sampling-point/SW-70240209/sample/3506412/observation/0076,SW-70240209,"RIVER YARTY AT A35 BRIDGE, GAMMONS HILL",328150,98010,SouthWest,SOUTH WEST - DEVON AND CORNWALL,EAST DEVON AND CORNWALL,OPEN,FRESHWATER - RIVERS,2024-02-12 16:01:00,PLANNED INVESTIGATION (LOCAL MONITORING),RIVER / RUNNING SURFACE WATER,0076,Temperature of Water,7.8,CELSIUS,2024-02-12
https://environment.data.gov.uk/water-quality/sampling-point/SW-70240215/sample/3506879/observation/0076,SW-70240215,"R. YARTY AT WESTWATER FARM, AXMINSTER",327687,99732,SouthWest,SOUTH WEST - DEVON AND CORNWALL,EAST DEVON AND CORNWALL,OPEN,FRESHWATER - RIVERS,2024-02-20 11:18:00,PLANNED INVESTIGATION (LOCAL MONITORING),RIVER / RUNNING SURFACE WATER,0076,Temperature of Water,9.2,CELSIUS,2024-02-20
https://environment.data.gov.uk/water-quality/sampling-point/SW-70240223/sample/3505316/observation/0076,SW-70240223,RIVER YARTY AT BECKFORD BRIDGE,326539,101447,SouthWest,SOUTH WEST - DEVON AND CORNWALL,EAST DEVON AND CORNWALL,OPEN,FRESHWATER - RIVERS,2024-02-01 14:13:00,PLANNED INVESTIGATION (LOCAL MONITORING),RIVER / RUNNING SURFACE WATER,0076,Temperature of Water,7.8,CELSIUS,2024-02-01
https://environment.data.gov.uk/water-quality/sampling-point/SW-70240231/sample/3505396/observation/0076,SW-70240231,R. YARTY-D/S OF BRIDGE AT CRANDONS FARM,325923,103587,SouthWest,SOUTH WEST - DEVON AND CORNWALL,EAST DEVON AND CORNWALL,OPEN,FRESHWATER - RIVERS,2024-02-01 13:47:00,PLANNED INVESTIGATION (LOCAL MONITORING),RIVER / RUNNING SURFACE WATER,0076,Temperature of Water,7.5,CELSIUS,2024-02-01
https://environment.data.gov.uk/water-quality/sampling-point/SW-70240265/sample/3505377/observation/0076,SW-70240265,RIVER YARTY AT NEWHAVEN BRIDGE,325863,110972,SouthWest,SOUTH WEST - DEVON AND CORNWALL,EAST DEVON AND CORNWALL,OPEN,FRESHWATER - RIVERS,2024-02-01 11:56:00,PLANNED INVESTIGATION (LOCAL MONITORING),RIVER / RUNNING SURFACE WATER,0076,Temperature of Water,7,CELSIUS,2024-02-01
https://environment.data.gov.uk/water-quality/sampling-point/SW-70240325/sample/3505871/observation/0076,SW-70240325,"CORRY BROOK - 100M U/S OF ROAD BRIDGE, OLD CORRYTON",326840,99080,SouthWest,SOUTH WEST - DEVON AND CORNWALL,EAST DEVON AND CORNWALL,OPEN,FRESHWATER - RIVERS,2024-02-05 10:05:00,PLANNED INVESTIGATION (LOCAL MONITORING),RIVER / RUNNING SURFACE WATER,0076,Temperature of Water,8.9,CELSIUS,2024-02-05
https://environment.data.gov.uk/water-quality/sampling-point/SW-70240360/sample/3506882/observation/0076,SW-70240360,"CORRY BROOK AT ROAD BRIDGE, D/S OF MILLHAYES",324058,102926,SouthWest,SOUTH WEST - DEVON AND CORNWALL,EAST DEVON AND CORNWALL,OPEN,FRESHWATER - RIVERS,2024-02-20 10:13:00,PLANNED INVESTIGATION (LOCAL MONITORING),RIVER / RUNNING SURFACE WATER,0076,Temperature of Water,8.9,CELSIUS,2024-02-20
https://environment.data.gov.uk/water-quality/sampling-point/SW-70241225/sample/3506409/observation/0076,SW-70241225,"R. YARTY - 30M U/S OF FOOTBRIDGE, YARCOMBE",325601,106901,SouthWest,SOUTH WEST - DEVON AND CORNWALL,EAST DEVON AND CORNWALL,OPEN,FRESHWATER - RIVERS,2024-02-12 10:05:00,PLANNED INVESTIGATION (LOCAL MONITORING),RIVER / RUNNING SURFACE WATER,0076,Temperature of Water,6,CELSIUS,2024-02-12
https://environment.data.gov.uk/water-quality/sampling-point/SW-70420027/sample/3505317/observation/0076,SW-70420027,OTTER NURSERIES LTD  GOSFORD ROAD  OTTERY ST MARY                          FROM SAMPLE TAP DIRECT FROM BOREHOLE,310200,96500,SouthWest,SOUTH WEST - DEVON AND CORNWALL,EAST DEVON AND CORNWALL,OPEN,GROUNDWATER - BOREHOLE,2024-02-01 15:18:00,ENVIRONMENTAL MONITORING STATUTORY (EU DIRECTIVES),GROUNDWATER,0076,Temperature of Water,12.3,CELSIUS,2024-02-01
https://environment.data.gov.uk/water-quality/sampling-point/SW-70420102/sample/3506747/observation/0076,SW-70420102,RIVER OTTER AT OTTERTON,307896,85282,SouthWest,SOUTH WEST - DEVON AND CORNWALL,EAST DEVON AND CORNWALL,OPEN,FRESHWATER - RIVERS,2024-02-19 11:06:00,MONITORING  (UK GOVT POLICY - NOT GQA OR RE),RIVER / RUNNING SURFACE WATER,0076,Temperature of Water,9.9,CELSIUS,2024-02-19
https://environment.data.gov.uk/water-quality/sampling-point/SW-70420116/sample/3505940/observation/0076,SW-70420116,RIVER OTTER AT DOTTON MILL,308730,88570,SouthWest,SOUTH WEST - DEVON AND CORNWALL,EAST DEVON AND CORNWALL,OPEN,FRESHWATER - RIVERS,2024-02-06 11:22:00,MONITORING  (UK GOVT POLICY - NOT GQA OR RE),RIVER / RUNNING SURFACE WATER,0076,Temperature of Water,9.7,CELSIUS,2024-02-06
https://environment.data.gov.uk/water-quality/sampling-point/SW-70422007/sample/3505318/observation/0076,SW-70422007,RIVER TALE AT TALEFORD,308935,96908,SouthWest,SOUTH WEST - DEVON AND CORNWALL,EAST DEVON AND CORNWALL,OPEN,FRESHWATER - RIVERS,2024-02-01 15:48:00,ENVIRONMENTAL MONITORING STATUTORY (EU DIRECTIVES),RIVER / RUNNING SURFACE WATER,0076,Temperature of Water,8.1,CELSIUS,2024-02-01
https://environment.data.gov.uk/water-quality/sampling-point/SW-70424047/sample/3506888/observation/0076,SW-70424047,SHELVES FARM GW (NEW NOV. 2022) - WELL AT SHELVES COTTAGE,317508,105671,SouthWest,SOUTH WEST - DEVON AND CORNWALL,EAST DEVON AND CORNWALL,CLOSED,GROUNDWATER - SPRING,2024-02-20 09:23:00,ENVIRONMENTAL MONITORING STATUTORY (EU DIRECTIVES),GROUNDWATER,0076,Temperature of Water,9.2,CELSIUS,2024-02-20
https://environment.data.gov.uk/water-quality/sampling-point/SW-7045GW13/sample/3505338/observation/0076,SW-7045GW13,WESTCOUNTRY WATER GARDENS BOREHOLE,271240,100173,SouthWest,SOUTH WEST - DEVON AND CORNWALL,EAST DEVON AND CORNWALL,OPEN,GROUNDWATER - BOREHOLE,2024-02-01 10:14:00,ENVIRONMENTAL MONITORING STATUTORY (EU DIRECTIVES),GROUNDWATER - PURGED/PUMPED/REFILLED,0076,Temperature of Water,9.5,CELSIUS,2024-02-01
https://environment.data.gov.uk/water-quality/sampling-point/SW-7045GW14/sample/3505485/observation/0076,SW-7045GW14,NATSON MILL BOREHOLE,271500,101100,SouthWest,SOUTH WEST - DEVON AND CORNWALL,EAST DEVON AND CORNWALL,OPEN,GROUNDWATER - BOREHOLE,2024-02-02 11:33:00,ENVIRONMENTAL MONITORING STATUTORY (EU DIRECTIVES),GROUNDWATER - PURGED/PUMPED/REFILLED,0076,Temperature of Water,11.3,CELSIUS,2024-02-02
https://environment.data.gov.uk/water-quality/sampling-point/SW-7046GW03/sample/3506570/observation/0076,SW-7046GW03,PARK FARM BOREHOLE,291780,73500,SouthWest,SOUTH WEST - DEVON AND CORNWALL,CENTRAL DEVON AND CORNWALL,OPEN,GROUNDWATER - BOREHOLE,2024-02-14 10:50:00,ENVIRONMENTAL MONITORING STATUTORY (EU DIRECTIVES),GROUNDWATER - PURGED/PUMPED/REFILLED,0076,Temperature of Water,12.2,CELSIUS,2024-02-14
https://environment.data.gov.uk/water-quality/sampling-point/SW-7046GW06/sample/3506759/observation/0076,SW-7046GW06,ROLSTER BRIDGE FARM BOREHOLE,276890,56210,SouthWest,SOUTH WEST - DEVON AND CORNWALL,CENTRAL DEVON AND CORNWALL,OPEN,GROUNDWATER - BOREHOLE,2024-02-19 10:31:00,ENVIRONMENTAL MONITORING STATUTORY (EU DIRECTIVES),GROUNDWATER - PURGED/PUMPED/REFILLED,0076,Temperature of Water,12.1,CELSIUS,2024-02-19
https://environment.data.gov.uk/water-quality/sampling-point/SW-70501029/sample/3505500/observation/0076,SW-70501029,RIVER YEO (CREEDY) AT GUNSTONE MILLS,280586,98496,SouthWest,SOUTH WEST - DEVON AND CORNWALL,EAST DEVON AND CORNWALL,OPEN,FRESHWATER - RIVERS,2024-02-02 09:48:00,MONITORING  (NATIONAL AGENCY POLICY),RIVER / RUNNING SURFACE WATER,0076,Temperature of Water,7.6,CELSIUS,2024-02-02
https://environment.data.gov.uk/water-quality/sampling-point/SW-7050GW03/sample/3505315/observation/0076,SW-7050GW03,OLD SOUTH HEALE BOREHOLE,256670,120570,SouthWest,SOUTH WEST - DEVON AND CORNWALL,EAST DEVON AND CORNWALL,OPEN,GROUNDWATER - BOREHOLE,2024-02-01 12:46:00,ENVIRONMENTAL MONITORING STATUTORY (EU DIRECTIVES),GROUNDWATER - PURGED/PUMPED/REFILLED,0076,Temperature of Water,11.1,CELSIUS,2024-02-01
https://environment.data.gov.uk/water-quality/sampling-point/SW-7050GW08/sample/3507016/observation/0076,SW-7050GW08,HAKEFORD FARM TAPPED SPRING,261400,135400,SouthWest,SOUTH WEST - DEVON AND CORNWALL,EAST DEVON AND CORNWALL,OPEN,GROUNDWATER - SPRING,2024-02-23 13:55:00,ENVIRONMENTAL MONITORING STATUTORY (EU DIRECTIVES),GROUNDWATER,0076,Temperature of Water,10.6,CELSIUS,2024-02-23
https://environment.data.gov.uk/water-quality/sampling-point/SW-70510025/sample/3505372/observation/0076,SW-70510025,"LANGDON HOSPITAL BOREHOLE, DAWLISH",295783,78694,SouthWest,SOUTH WEST - DEVON AND CORNWALL,CENTRAL DEVON AND CORNWALL,OPEN,GROUNDWATER - BOREHOLE,2024-02-01 09:29:00,ENVIRONMENTAL MONITORING STATUTORY (EU DIRECTIVES),GROUNDWATER - PURGED/PUMPED/REFILLED,0076,Temperature of Water,11.7,CELSIUS,2024-02-01
https://environment.data.gov.uk/water-quality/sampling-point/SW-70510107/sample/3506190/observation/0076,SW-70510107,EXMOUTH BEACH (22300),300920,79980,SouthWest,SOUTH WEST - DEVON AND CORNWALL,EAST DEVON AND CORNWALL,OPEN,SALINE WATER - DESIGNATED BATHING BEACHES,2024-02-08 12:25:00,PLANNED INVESTIGATION (LOCAL MONITORING),SEA WATER,0076,Temperature of Water,10,CELSIUS,2024-02-08
https://environment.data.gov.uk/water-quality/sampling-point/SW-70510107/sample/3506534/observation/0076,SW-70510107,EXMOUTH BEACH (22300),300920,79980,SouthWest,SOUTH WEST - DEVON AND CORNWALL,EAST DEVON AND CORNWALL,OPEN,SALINE WATER - DESIGNATED BATHING BEACHES,2024-02-13 14:28:00,UNPLANNED REACTIVE MONITORING (POLLUTION INCIDENTS),SEA WATER,0076,Temperature of Water,10,CELSIUS,2024-02-13
https://environment.data.gov.uk/water-quality/sampling-point/SW-70510107/sample/3506852/observation/0076,SW-70510107,EXMOUTH BEACH (22300),300920,79980,SouthWest,SOUTH WEST - DEVON AND CORNWALL,EAST DEVON AND CORNWALL,OPEN,SALINE WATER - DESIGNATED BATHING BEACHES,2024-02-20 14:12:00,PLANNED INVESTIGATION (LOCAL MONITORING),SEA WATER,0076,Temperature of Water,11,CELSIUS,2024-02-20
https://environment.data.gov.uk/water-quality/sampling-point/SW-70510107/sample/3507976/observation/0076,SW-70510107,EXMOUTH BEACH (22300),300920,79980,SouthWest,SOUTH WEST - DEVON AND CORNWALL,EAST DEVON AND CORNWALL,OPEN,SALINE WATER - DESIGNATED BATHING BEACHES,2024-02-27 14:01:00,PLANNED INVESTIGATION (LOCAL MONITORING),SEA WATER,0076,Temperature of Water,8.9,CELSIUS,2024-02-27
https://environment.data.gov.uk/water-quality/sampling-point/SW-70510360/sample/3505548/observation/0076,SW-70510360,EXE ESTUARY - TURF,296546,85892,SouthWest,SOUTH WEST - DEVON AND CORNWALL,ECMAS SAMPLING (DEVON AND CORNWALL),OPEN,SALINE WATER - ESTUARINE SITES - NON BATHING/SHELLFISH,2024-02-03 11:43:00,ENVIRONMENTAL MONITORING STATUTORY (EU DIRECTIVES),ESTUARINE WATER,0076,Temperature of Water,9.3,CELSIUS,2024-02-03
https://environment.data.gov.uk/water-quality/sampling-point/SW-70510406/sample/3505544/observation/0076,SW-70510406,RIVER EXE OPPOSITE RIVERSMEET HOUSE,296710,87210,SouthWest,SOUTH WEST - DEVON AND CORNWALL,ECMAS SAMPLING (DEVON AND CORNWALL),OPEN,SALINE WATER - ESTUARINE SITES - NON BATHING/SHELLFISH,2024-02-03 11:33:00,ENVIRONMENTAL MONITORING STATUTORY (EU DIRECTIVES),ESTUARINE WATER,0076,Temperature of Water,9.1,CELSIUS,2024-02-03
https://environment.data.gov.uk/water-quality/sampling-point/SW-70511008/sample/3506191/observation/0076,SW-70511008,EXMOUTH BEACH - LITTLEHAM BROOK,301066,80058,SouthWest,SOUTH WEST - DEVON AND CORNWALL,EAST DEVON AND CORNWALL,OPEN,FRESHWATER - RIVERS,2024-02-08 12:20:00,PLANNED INVESTIGATION (LOCAL MONITORING),RIVER / RUNNING SURFACE WATER,0076,Temperature of Water,9.9,CELSIUS,2024-02-08
https://environment.data.gov.uk/water-quality/sampling-point/SW-70514615/sample/3506117/observation/0076,SW-70514615,NORTH BROOK AT NORTHBROOK PARK,293954,90635,SouthWest,SOUTH WEST - DEVON AND CORNWALL,EAST DEVON AND CORNWALL,OPEN,FRESHWATER - RIVERS,2024-02-08 14:04:00,PLANNED INVESTIGATION (LOCAL MONITORING),RIVER / RUNNING SURFACE WATER,0076,Temperature of Water,11.2,CELSIUS,2024-02-08
https://environment.data.gov.uk/water-quality/sampling-point/SW-70514620/sample/3505380/observation/0076,SW-70514620,MINCINGLAKE AT CALTHORPE ROAD,294052,94022,SouthWest,SOUTH WEST - DEVON AND CORNWALL,EAST DEVON AND CORNWALL,OPEN,FRESHWATER - RIVERS,2024-02-01 16:02:00,PLANNED INVESTIGATION (LOCAL MONITORING),RIVER / RUNNING SURFACE WATER,0076,Temperature of Water,8.8,CELSIUS,2024-02-01
https://environment.data.gov.uk/water-quality/sampling-point/SW-70519999/sample/3506530/observation/0076,SW-70519999,MISCELLANEOUS TIDAL EXE CATCHMENT,302700,79600,SouthWest,SOUTH WEST - DEVON AND CORNWALL,EAST DEVON AND CORNWALL,OPEN,POLLUTION/INVESTIGATION POINTS - ENVIRONMENT,2024-02-13 12:38:00,UNPLANNED REACTIVE MONITORING FORMAL (POLLUTION INCIDENTS),RIVER / RUNNING SURFACE WATER,0076,Temperature of Water,10.3,CELSIUS,2024-02-13
https://environment.data.gov.uk/water-quality/sampling-point/SW-70519999/sample/3506531/observation/0076,SW-70519999,MISCELLANEOUS TIDAL EXE CATCHMENT,302700,79600,SouthWest,SOUTH WEST - DEVON AND CORNWALL,EAST DEVON AND CORNWALL,OPEN,POLLUTION/INVESTIGATION POINTS - ENVIRONMENT,2024-02-13 13:09:00,UNPLANNED REACTIVE MONITORING FORMAL (POLLUTION INCIDENTS),RIVER / RUNNING SURFACE WATER,0076,Temperature of Water,11.4,CELSIUS,2024-02-13
https://environment.data.gov.uk/water-quality/sampling-point/SW-70519999/sample/3506532/observation/0076,SW-70519999,MISCELLANEOUS TIDAL EXE CATCHMENT,302700,79600,SouthWest,SOUTH WEST - DEVON AND CORNWALL,EAST DEVON AND CORNWALL,OPEN,POLLUTION/INVESTIGATION POINTS - ENVIRONMENT,2024-02-13 13:52:00,UNPLANNED REACTIVE MONITORING FORMAL (POLLUTION INCIDENTS),RIVER / RUNNING SURFACE WATER,0076,Temperature of Water,11.4,CELSIUS,2024-02-13
https://environment.data.gov.uk/water-quality/sampling-point/SW-70519999/sample/3506535/observation/0076,SW-70519999,MISCELLANEOUS TIDAL EXE CATCHMENT,302700,79600,SouthWest,SOUTH WEST - DEVON AND CORNWALL,EAST DEVON AND CORNWALL,OPEN,POLLUTION/INVESTIGATION POINTS - ENVIRONMENT,2024-02-13 14:39:00,UNPLANNED REACTIVE MONITORING (POLLUTION INCIDENTS),SEA WATER,0076,Temperature of Water,10.2,CELSIUS,2024-02-13
https://environment.data.gov.uk/water-quality/sampling-point/SW-70530018/sample/3506222/observation/0076,SW-70530018,COLLARD HILL FARM BLACKBOROUGH HEMYOCK. SAMPLED PRIOR TO ENTERING THE RESERVOIR,313920,111210,SouthWest,SOUTH WEST - DEVON AND CORNWALL,EAST DEVON AND CORNWALL,OPEN,GROUNDWATER - BOREHOLE,2024-02-09 15:55:00,ENVIRONMENTAL MONITORING STATUTORY (EU DIRECTIVES),GROUNDWATER,0076,Temperature of Water,10.6,CELSIUS,2024-02-09
https://environment.data.gov.uk/water-quality/sampling-point/SW-70531310/sample/3505319/observation/0076,SW-70531310,RIVER CULM AT BRIDGEHOUSE BRIDGE CLAYHIDON,315992,114087,SouthWest,SOUTH WEST - DEVON AND CORNWALL,EAST DEVON AND CORNWALL,OPEN,FRESHWATER - RIVERS,2024-02-01 09:41:00,MONITORING  (UK GOVT POLICY - NOT GQA OR RE),RIVER / RUNNING SURFACE WATER,0076,Temperature of Water,6,CELSIUS,2024-02-01
https://environment.data.gov.uk/water-quality/sampling-point/SW-70531310/sample/3506369/observation/0076,SW-70531310,RIVER CULM AT BRIDGEHOUSE BRIDGE CLAYHIDON,315992,114087,SouthWest,SOUTH WEST - DEVON AND CORNWALL,EAST DEVON AND CORNWALL,OPEN,FRESHWATER - RIVERS,2024-02-12 09:33:00,MONITORING  (UK GOVT POLICY - NOT GQA OR RE),RIVER / RUNNING SURFACE WATER,0076,Temperature of Water,5.4,CELSIUS,2024-02-12
https://environment.data.gov.uk/water-quality/sampling-point/SW-70531310/sample/3506761/observation/0076,SW-70531310,RIVER CULM AT BRIDGEHOUSE BRIDGE CLAYHIDON,315992,114087,SouthWest,SOUTH WEST - DEVON AND CORNWALL,EAST DEVON AND CORNWALL,OPEN,FRESHWATER - RIVERS,2024-02-19 09:19:00,MONITORING  (UK GOVT POLICY - NOT GQA OR RE),RIVER / RUNNING SURFACE WATER,0076,Temperature of Water,8.9,CELSIUS,2024-02-19
https://environment.data.gov.uk/water-quality/sampling-point/SW-70531310/sample/3507979/observation/0076,SW-70531310,RIVER CULM AT BRIDGEHOUSE BRIDGE CLAYHIDON,315992,114087,SouthWest,SOUTH WEST - DEVON AND CORNWALL,EAST DEVON AND CORNWALL,OPEN,FRESHWATER - RIVERS,2024-02-27 10:03:00,MONITORING  (UK GOVT POLICY - NOT GQA OR RE),RIVER / RUNNING SURFACE WATER,0076,Temperature of Water,5,CELSIUS,2024-02-27
https://environment.data.gov.uk/water-quality/sampling-point/SW-70531633/sample/3506326/observation/0076,SW-70531633,"SPRATFORD STREAM-300M D/S OF TWO SISTERS, WILLAND",302662,111120,SouthWest,SOUTH WEST - DEVON AND CORNWALL,EAST DEVON AND CORNWALL,OPEN,FRESHWATER - RIVERS,2024-02-12 13:04:00,PLANNED INVESTIGATION (LOCAL MONITORING),RIVER / RUNNING SURFACE WATER,0076,Temperature of Water,7.8,CELSIUS,2024-02-12
https://environment.data.gov.uk/water-quality/sampling-point/SW-70531646/sample/3506325/observation/0076,SW-70531646,SPRATFORD STREAM ABOVE LLOYD MAUNDER TIVERTON JUNCTION  WILLAND,302924,111337,SouthWest,SOUTH WEST - DEVON AND CORNWALL,EAST DEVON AND CORNWALL,OPEN,FRESHWATER - RIVERS,2024-02-12 12:38:00,PLANNED INVESTIGATION (LOCAL MONITORING),RIVER / RUNNING SURFACE WATER,0076,Temperature of Water,7.3,CELSIUS,2024-02-12
https://environment.data.gov.uk/water-quality/sampling-point/SW-70533913/sample/3505330/observation/0076,SW-70533913,SHELDON STREAM AT CRADDOCK BRIDGE,308727,112446,SouthWest,SOUTH WEST - DEVON AND CORNWALL,EAST DEVON AND CORNWALL,OPEN,FRESHWATER - RIVERS,2024-02-01 10:10:00,MONITORING  (UK GOVT POLICY - NOT GQA OR RE),RIVER / RUNNING SURFACE WATER,0076,Temperature of Water,6.3,CELSIUS,2024-02-01
https://environment.data.gov.uk/water-quality/sampling-point/SW-70533913/sample/3506377/observation/0076,SW-70533913,SHELDON STREAM AT CRADDOCK BRIDGE,308727,112446,SouthWest,SOUTH WEST - DEVON AND CORNWALL,EAST DEVON AND CORNWALL,OPEN,FRESHWATER - RIVERS,2024-02-12 09:03:00,MONITORING  (UK GOVT POLICY - NOT GQA OR RE),RIVER / RUNNING SURFACE WATER,0076,Temperature of Water,5.4,CELSIUS,2024-02-12
https://environment.data.gov.uk/water-quality/sampling-point/SW-70533913/sample/3506773/observation/0076,SW-70533913,SHELDON STREAM AT CRADDOCK BRIDGE,308727,112446,SouthWest,SOUTH WEST - DEVON AND CORNWALL,EAST DEVON AND CORNWALL,OPEN,FRESHWATER - RIVERS,2024-02-19 09:48:00,MONITORING  (UK GOVT POLICY - NOT GQA OR RE),RIVER / RUNNING SURFACE WATER,0076,Temperature of Water,9.3,CELSIUS,2024-02-19
https://environment.data.gov.uk/water-quality/sampling-point/SW-70533913/sample/3507980/observation/0076,SW-70533913,SHELDON STREAM AT CRADDOCK BRIDGE,308727,112446,SouthWest,SOUTH WEST - DEVON AND CORNWALL,EAST DEVON AND CORNWALL,OPEN,FRESHWATER - RIVERS,2024-02-27 11:04:00,MONITORING  (UK GOVT POLICY - NOT GQA OR RE),RIVER / RUNNING SURFACE WATER,0076,Temperature of Water,5.3,CELSIUS,2024-02-27
https://environment.data.gov.uk/water-quality/sampling-point/SW-70534704/sample/3505245/observation/0076,SW-70534704,BOLHAM RIVER AT FIVE BRIDGES,315000,112530,SouthWest,SOUTH WEST - DEVON AND CORNWALL,EAST DEVON AND CORNWALL,OPEN,FRESHWATER - RIVERS,2024-02-01 09:51:00,MONITORING  (UK GOVT POLICY - NOT GQA OR RE),RIVER / RUNNING SURFACE WATER,0076,Temperature of Water,6.2,CELSIUS,2024-02-01
https://environment.data.gov.uk/water-quality/sampling-point/SW-70534704/sample/3506308/observation/0076,SW-70534704,BOLHAM RIVER AT FIVE BRIDGES,315000,112530,SouthWest,SOUTH WEST - DEVON AND CORNWALL,EAST DEVON AND CORNWALL,OPEN,FRESHWATER - RIVERS,2024-02-12 09:21:00,MONITORING  (UK GOVT POLICY - NOT GQA OR RE),RIVER / RUNNING SURFACE WATER,0076,Temperature of Water,5.4,CELSIUS,2024-02-12
https://environment.data.gov.uk/water-quality/sampling-point/SW-70534704/sample/3506732/observation/0076,SW-70534704,BOLHAM RIVER AT FIVE BRIDGES,315000,112530,SouthWest,SOUTH WEST - DEVON AND CORNWALL,EAST DEVON AND CORNWALL,OPEN,FRESHWATER - RIVERS,2024-02-19 09:29:00,MONITORING  (UK GOVT POLICY - NOT GQA OR RE),RIVER / RUNNING SURFACE WATER,0076,Temperature of Water,9.1,CELSIUS,2024-02-19
https://environment.data.gov.uk/water-quality/sampling-point/SW-70534704/sample/3507956/observation/0076,SW-70534704,BOLHAM RIVER AT FIVE BRIDGES,315000,112530,SouthWest,SOUTH WEST - DEVON AND CORNWALL,EAST DEVON AND CORNWALL,OPEN,FRESHWATER - RIVERS,2024-02-27 10:13:00,MONITORING  (UK GOVT POLICY - NOT GQA OR RE),RIVER / RUNNING SURFACE WATER,0076,Temperature of Water,5.3,CELSIUS,2024-02-27
https://environment.data.gov.uk/water-quality/sampling-point/SW-70540110/sample/3506572/observation/0076,SW-70540110,RIVER EXE AT TREWS WEIR  EXETER,292546,91506,SouthWest,SOUTH WEST - DEVON AND CORNWALL,EAST DEVON AND CORNWALL,OPEN,FRESHWATER - RIVERS,2024-02-14 13:27:00,MONITORING  (UK GOVT POLICY - NOT GQA OR RE),RIVER / RUNNING SURFACE WATER,0076,Temperature of Water,10.8,CELSIUS,2024-02-14
https://environment.data.gov.uk/water-quality/sampling-point/SW-70540224/sample/3506091/observation/0076,SW-70540224,RIVER EXE AT THORVERTON GAUGING STATION,293608,101640,SouthWest,SOUTH WEST - DEVON AND CORNWALL,EAST DEVON AND CORNWALL,OPEN,FRESHWATER - RIVERS,2024-02-08 13:28:00,MONITORING  (UK GOVT POLICY - NOT GQA OR RE),RIVER / RUNNING SURFACE WATER,0076,Temperature of Water,9.4,CELSIUS,2024-02-08
https://environment.data.gov.uk/water-quality/sampling-point/SW-70550265/sample/3505488/observation/0076,SW-70550265,RIVER EXE AT HALFPENNY BRIDGE,295239,120538,SouthWest,SOUTH WEST - DEVON AND CORNWALL,EAST DEVON AND CORNWALL,OPEN,FRESHWATER - RIVERS,2024-02-02 09:45:00,MONITORING  (NATIONAL AGENCY POLICY),RIVER / RUNNING SURFACE WATER,0076,Temperature of Water,7.3,CELSIUS,2024-02-02
https://environment.data.gov.uk/water-quality/sampling-point/SW-70590001/sample/3506111/observation/0076,SW-70590001,DOWRICH HOUSE   SANDFORD      CREDITON                                     SAMPLED AT A VALVE AT THE HEAD OF THE BOREHOLE,282640,105230,SouthWest,SOUTH WEST - DEVON AND CORNWALL,EAST DEVON AND CORNWALL,OPEN,GROUNDWATER - BOREHOLE,2024-02-08 12:20:00,ENVIRONMENTAL MONITORING STATUTORY (EU DIRECTIVES),GROUNDWATER,0076,Temperature of Water,11,CELSIUS,2024-02-08
https://environment.data.gov.uk/water-quality/sampling-point/SW-70591051/sample/3506113/observation/0076,SW-70591051,RIVER CREEDY AT CREEDY BRIDGE,284608,101166,SouthWest,SOUTH WEST - DEVON AND CORNWALL,EAST DEVON AND CORNWALL,OPEN,FRESHWATER - RIVERS,2024-02-08 10:43:00,MONITORING  (NATIONAL AGENCY POLICY),RIVER / RUNNING SURFACE WATER,0076,Temperature of Water,9.1,CELSIUS,2024-02-08
https://environment.data.gov.uk/water-quality/sampling-point/SW-70610009/sample/3506644/observation/0076,SW-70610009,UPTON MANOR FARM   ST MARYS ROAD  BRIXHAM  (SPRING 1)                      SAMPLED FROM SOURCE,292290,54720,SouthWest,SOUTH WEST - DEVON AND CORNWALL,CENTRAL DEVON AND CORNWALL,OPEN,GROUNDWATER - SPRING,2024-02-15 13:09:00,ENVIRONMENTAL MONITORING STATUTORY (EU DIRECTIVES),GROUNDWATER,0076,Temperature of Water,12.2,CELSIUS,2024-02-15
https://environment.data.gov.uk/water-quality/sampling-point/SW-70610159/sample/3505815/observation/0076,SW-70610159,TEIGN ESTUARY - LOWER ESTUARY,292820,72646,SouthWest,SOUTH WEST - DEVON AND CORNWALL,ECMAS SAMPLING (DEVON AND CORNWALL),OPEN,SALINE WATER - DESIGNATED SHELLFISHERIES,2024-02-05 11:24:00,ENVIRONMENTAL MONITORING STATUTORY (EU DIRECTIVES),ESTUARINE WATER,0076,Temperature of Water,9.9,CELSIUS,2024-02-05
https://environment.data.gov.uk/water-quality/sampling-point/SW-70610183/sample/3505814/observation/0076,SW-70610183,TEIGN ESTUARY WEST SHELLFISH WATER,290505,72633,SouthWest,SOUTH WEST - DEVON AND CORNWALL,ECMAS SAMPLING (DEVON AND CORNWALL),OPEN,SALINE WATER - DESIGNATED SHELLFISHERIES,2024-02-05 11:40:00,ENVIRONMENTAL MONITORING STATUTORY (EU DIRECTIVES),ESTUARINE WATER,0076,Temperature of Water,9.8,CELSIUS,2024-02-05
https://environment.data.gov.uk/water-quality/sampling-point/SW-70614780/sample/3505830/observation/0076,SW-70614780,SEA APPROX. 1.25KM EAST OF HOLLICOMBE HEAD                                 (4.5KM WEST SOUTH WEST OF HOPES NOSE OUTFALL),291000,62000,SouthWest,SOUTH WEST - DEVON AND CORNWALL,ECMAS SAMPLING (DEVON AND CORNWALL),OPEN,SALINE WATER - COASTAL SITES - NON BATHING/SHELLFISH,2024-02-05 10:24:00,ENVIRONMENTAL MONITORING STATUTORY (EU DIRECTIVES),SEA WATER,0076,Temperature of Water,10,CELSIUS,2024-02-05
https://environment.data.gov.uk/water-quality/sampling-point/SW-70614795/sample/3505831/observation/0076,SW-70614795,SEA APPROX. 1.25KM EAST OF ROUNDHAM HEAD                                   (5.5KM SOUTH WEST OF HOPES NOSE OUTFALL),291000,60000,SouthWest,SOUTH WEST - DEVON AND CORNWALL,ECMAS SAMPLING (DEVON AND CORNWALL),OPEN,SALINE WATER - COASTAL SITES - NON BATHING/SHELLFISH,2024-02-05 10:30:00,ENVIRONMENTAL MONITORING STATUTORY (EU DIRECTIVES),SEA WATER,0076,Temperature of Water,10,CELSIUS,2024-02-05
https://environment.data.gov.uk/water-quality/sampling-point/SW-70614940/sample/3505813/observation/0076,SW-70614940,BRIXHAM SHELLFISH WATERS,291300,57400,SouthWest,SOUTH WEST - DEVON AND CORNWALL,ECMAS SAMPLING (DEVON AND CORNWALL),OPEN,SALINE WATER - DESIGNATED SHELLFISHERIES,2024-02-05 10:42:00,ENVIRONMENTAL MONITORING STATUTORY (EU DIRECTIVES),SEA WATER,0076,Temperature of Water,10,CELSIUS,2024-02-05
https://environment.data.gov.uk/water-quality/sampling-point/SW-7061GW01/sample/3506674/observation/0076,SW-7061GW01,PAIGNTON ZOO,288000,59700,SouthWest,SOUTH WEST - DEVON AND CORNWALL,CENTRAL DEVON AND CORNWALL,OPEN,GROUNDWATER - BOREHOLE,2024-02-15 11:07:00,ENVIRONMENTAL MONITORING STATUTORY (EU DIRECTIVES),GROUNDWATER,0076,Temperature of Water,13.2,CELSIUS,2024-02-15
https://environment.data.gov.uk/water-quality/sampling-point/SW-70620003/sample/3506223/observation/0076,SW-70620003,TRAGO MILLS        NEWTON ABBOT    DEVON                                   PIPE SUPPLYING STREAM 20M FROM BOREHOLE,281970,74320,SouthWest,SOUTH WEST - DEVON AND CORNWALL,CENTRAL DEVON AND CORNWALL,OPEN,GROUNDWATER - BOREHOLE,2024-02-09 10:54:00,ENVIRONMENTAL MONITORING STATUTORY (EU DIRECTIVES),GROUNDWATER,0076,Temperature of Water,11.9,CELSIUS,2024-02-09
https://environment.data.gov.uk/water-quality/sampling-point/SW-70620133/sample/3505475/observation/0076,SW-70620133,TEIGN BRIDGE     RIVER TEIGN,285877,73460,SouthWest,SOUTH WEST - DEVON AND CORNWALL,CENTRAL DEVON AND CORNWALL,OPEN,FRESHWATER - RIVERS,2024-02-02 11:04:00,ENVIRONMENTAL MONITORING STATUTORY (EU DIRECTIVES),RIVER / RUNNING SURFACE WATER,0076,Temperature of Water,7.2,CELSIUS,2024-02-02
https://environment.data.gov.uk/water-quality/sampling-point/SW-70620154/sample/3505825/observation/0076,SW-70620154,RIVER TEIGN AT PRESTON,285580,74543,SouthWest,SOUTH WEST - DEVON AND CORNWALL,CENTRAL DEVON AND CORNWALL,OPEN,FRESHWATER - RIVERS,2024-02-05 10:14:00,ENVIRONMENTAL MONITORING STATUTORY (EU DIRECTIVES),RIVER / RUNNING SURFACE WATER,0076,Temperature of Water,9.3,CELSIUS,2024-02-05
https://environment.data.gov.uk/water-quality/sampling-point/SW-70620509/sample/3505484/observation/0076,SW-70620509,RIVER LEMON AT BRADLEY PLAYING FIELDS NEWTON ABBOT,285286,70975,SouthWest,SOUTH WEST - DEVON AND CORNWALL,CENTRAL DEVON AND CORNWALL,OPEN,FRESHWATER - RIVERS,2024-02-02 10:02:00,ENVIRONMENTAL MONITORING STATUTORY (EU DIRECTIVES),RIVER / RUNNING SURFACE WATER,0076,Temperature of Water,9.3,CELSIUS,2024-02-02
https://environment.data.gov.uk/water-quality/sampling-point/SW-70620569/sample/3506231/observation/0076,SW-70620569,RIVER LEMON BELOW CONFLUENCE WITH RIVER SIG,278031,73536,SouthWest,SOUTH WEST - DEVON AND CORNWALL,CENTRAL DEVON AND CORNWALL,OPEN,FRESHWATER - RIVERS,2024-02-09 11:54:00,MONITORING  (UK GOVT POLICY - NOT GQA OR RE),RIVER / RUNNING SURFACE WATER,0076,Temperature of Water,10.2,CELSIUS,2024-02-09
https://environment.data.gov.uk/water-quality/sampling-point/SW-70620569/sample/3506491/observation/0076,SW-70620569,RIVER LEMON BELOW CONFLUENCE WITH RIVER SIG,278031,73536,SouthWest,SOUTH WEST - DEVON AND CORNWALL,CENTRAL DEVON AND CORNWALL,OPEN,FRESHWATER - RIVERS,2024-02-13 12:31:00,MONITORING  (UK GOVT POLICY - NOT GQA OR RE),RIVER / RUNNING SURFACE WATER,0076,Temperature of Water,7.5,CELSIUS,2024-02-13
https://environment.data.gov.uk/water-quality/sampling-point/SW-70620569/sample/3506767/observation/0076,SW-70620569,RIVER LEMON BELOW CONFLUENCE WITH RIVER SIG,278031,73536,SouthWest,SOUTH WEST - DEVON AND CORNWALL,CENTRAL DEVON AND CORNWALL,OPEN,FRESHWATER - RIVERS,2024-02-19 12:32:00,MONITORING  (UK GOVT POLICY - NOT GQA OR RE),RIVER / RUNNING SURFACE WATER,0076,Temperature of Water,10.5,CELSIUS,2024-02-19
https://environment.data.gov.uk/water-quality/sampling-point/SW-70620569/sample/3508004/observation/0076,SW-70620569,RIVER LEMON BELOW CONFLUENCE WITH RIVER SIG,278031,73536,SouthWest,SOUTH WEST - DEVON AND CORNWALL,CENTRAL DEVON AND CORNWALL,OPEN,FRESHWATER - RIVERS,2024-02-28 11:08:00,MONITORING  (UK GOVT POLICY - NOT GQA OR RE),RIVER / RUNNING SURFACE WATER,0076,Temperature of Water,9.2,CELSIUS,2024-02-28
https://environment.data.gov.uk/water-quality/sampling-point/SW-70630113/sample/3505833/observation/0076,SW-70630113,RIVER TEIGN 350M D/S NEW BRIDGE (FORMERLY CALLED D/S HEATHFIELD TIP),284869,76030,SouthWest,SOUTH WEST - DEVON AND CORNWALL,CENTRAL DEVON AND CORNWALL,OPEN,FRESHWATER - RIVERS,2024-02-05 10:39:00,ENVIRONMENTAL MONITORING STATUTORY (EU DIRECTIVES),RIVER / RUNNING SURFACE WATER,0076,Temperature of Water,9.3,CELSIUS,2024-02-05
https://environment.data.gov.uk/water-quality/sampling-point/SW-70630207/sample/3506790/observation/0076,SW-70630207,NORTH TEIGN RIVER @ TEIGN-E-VER (U/S FORD) SCORHILL,265301,87021,SouthWest,SOUTH WEST - DEVON AND CORNWALL,CENTRAL DEVON AND CORNWALL,OPEN,FRESHWATER - RIVERS,2024-02-19 14:30:00,MONITORING  (NATIONAL AGENCY POLICY),RIVER / RUNNING SURFACE WATER,0076,Temperature of Water,9.8,CELSIUS,2024-02-19
https://environment.data.gov.uk/water-quality/sampling-point/SW-70630270/sample/3506020/observation/0076,SW-70630270,NORTH TEIGN RIVER AT GIDLEIGH PARK HOTEL,267767,87937,SouthWest,SOUTH WEST - DEVON AND CORNWALL,CENTRAL DEVON AND CORNWALL,OPEN,FRESHWATER - RIVERS,2024-02-07 14:55:00,ENVIRONMENTAL MONITORING STATUTORY (EU DIRECTIVES),RIVER / RUNNING SURFACE WATER,0076,Temperature of Water,8.5,CELSIUS,2024-02-07
https://environment.data.gov.uk/water-quality/sampling-point/SW-70630275/sample/3506059/observation/0076,SW-70630275,RIVER TEIGN AT CHAGFORD BRIDGE,269368,87954,SouthWest,SOUTH WEST - DEVON AND CORNWALL,CENTRAL DEVON AND CORNWALL,OPEN,FRESHWATER - RIVERS,2024-02-07 15:25:00,PLANNED INVESTIGATION (LOCAL MONITORING),RIVER / RUNNING SURFACE WATER,0076,Temperature of Water,8.6,CELSIUS,2024-02-07
https://environment.data.gov.uk/water-quality/sampling-point/SW-70630284/sample/3506021/observation/0076,SW-70630284,RIVER TEIGN AT RUSHFORD                                                    SAMPLING DISCONTINUED - SEE URN WSTW6046B,270505,88221,SouthWest,SOUTH WEST - DEVON AND CORNWALL,CENTRAL DEVON AND CORNWALL,OPEN,FRESHWATER - RIVERS,2024-02-07 15:40:00,PLANNED INVESTIGATION (LOCAL MONITORING),RIVER / RUNNING SURFACE WATER,0076,Temperature of Water,8.6,CELSIUS,2024-02-07
https://environment.data.gov.uk/water-quality/sampling-point/SW-70630288/sample/3506667/observation/0076,SW-70630288,RIVER TEIGN BELOW DUNSFORD STW,282284,88505,SouthWest,SOUTH WEST - DEVON AND CORNWALL,CENTRAL DEVON AND CORNWALL,OPEN,FRESHWATER - RIVERS,2024-02-15 10:44:00,PLANNED INVESTIGATION (LOCAL MONITORING),RIVER / RUNNING SURFACE WATER,0076,Temperature of Water,10.2,CELSIUS,2024-02-15
https://environment.data.gov.uk/water-quality/sampling-point/SW-70630291/sample/3506666/observation/0076,SW-70630291,RIVER TEIGN ABOVE DUNSFORD STW,281830,88744,SouthWest,SOUTH WEST - DEVON AND CORNWALL,CENTRAL DEVON AND CORNWALL,OPEN,FRESHWATER - RIVERS,2024-02-15 10:43:00,PLANNED INVESTIGATION (LOCAL MONITORING),RIVER / RUNNING SURFACE WATER,0076,Temperature of Water,10.4,CELSIUS,2024-02-15
https://environment.data.gov.uk/water-quality/sampling-point/SW-70631802/sample/3506114/observation/0076,SW-70631802,BEADON BROOK PRIOR TO RIVER TEIGN,284280,81700,SouthWest,SOUTH WEST - DEVON AND CORNWALL,CENTRAL DEVON AND CORNWALL,OPEN,FRESHWATER - RIVERS,2024-02-08 10:29:00,MONITORING  (UK GOVT POLICY - NOT GQA OR RE),RIVER / RUNNING SURFACE WATER,0076,Temperature of Water,8.9,CELSIUS,2024-02-08
https://environment.data.gov.uk/water-quality/sampling-point/SW-70631802/sample/3506762/observation/0076,SW-70631802,BEADON BROOK PRIOR TO RIVER TEIGN,284280,81700,SouthWest,SOUTH WEST - DEVON AND CORNWALL,CENTRAL DEVON AND CORNWALL,OPEN,FRESHWATER - RIVERS,2024-02-19 12:55:00,MONITORING  (UK GOVT POLICY - NOT GQA OR RE),RIVER / RUNNING SURFACE WATER,0076,Temperature of Water,10,CELSIUS,2024-02-19
https://environment.data.gov.uk/water-quality/sampling-point/SW-70635506/sample/3506051/observation/0076,SW-70635506,SOUTH TEIGN RIVER AT LEIGH BRIDGE,268316,87635,SouthWest,SOUTH WEST - DEVON AND CORNWALL,CENTRAL DEVON AND CORNWALL,OPEN,FRESHWATER - RIVERS,2024-02-07 15:12:00,ENVIRONMENTAL MONITORING STATUTORY (EU DIRECTIVES),RIVER / RUNNING SURFACE WATER,0076,Temperature of Water,8.1,CELSIUS,2024-02-07
https://environment.data.gov.uk/water-quality/sampling-point/SW-70635819/sample/3506028/observation/0076,SW-70635819,BLACKATON BROOK AT CHAPPLE,267821,89005,SouthWest,SOUTH WEST - DEVON AND CORNWALL,CENTRAL DEVON AND CORNWALL,OPEN,FRESHWATER - RIVERS,2024-02-07 14:16:00,ENVIRONMENTAL MONITORING STATUTORY (EU DIRECTIVES),RIVER / RUNNING SURFACE WATER,0076,Temperature of Water,8.8,CELSIUS,2024-02-07
https://environment.data.gov.uk/water-quality/sampling-point/SW-70641129/sample/3506251/observation/0076,SW-70641129,RIVER BOVEY AT BLACKALLER  NORTH BOVEY,273775,83732,SouthWest,SOUTH WEST - DEVON AND CORNWALL,CENTRAL DEVON AND CORNWALL,OPEN,FRESHWATER - RIVERS,2024-02-09 11:06:00,MONITORING  (UK GOVT POLICY - NOT GQA OR RE),RIVER / RUNNING SURFACE WATER,0076,Temperature of Water,9.9,CELSIUS,2024-02-09
https://environment.data.gov.uk/water-quality/sampling-point/SW-70641129/sample/3506506/observation/0076,SW-70641129,RIVER BOVEY AT BLACKALLER  NORTH BOVEY,273775,83732,SouthWest,SOUTH WEST - DEVON AND CORNWALL,CENTRAL DEVON AND CORNWALL,OPEN,FRESHWATER - RIVERS,2024-02-13 11:26:00,MONITORING  (UK GOVT POLICY - NOT GQA OR RE),RIVER / RUNNING SURFACE WATER,0076,Temperature of Water,8,CELSIUS,2024-02-13
https://environment.data.gov.uk/water-quality/sampling-point/SW-70641129/sample/3506789/observation/0076,SW-70641129,RIVER BOVEY AT BLACKALLER  NORTH BOVEY,273775,83732,SouthWest,SOUTH WEST - DEVON AND CORNWALL,CENTRAL DEVON AND CORNWALL,OPEN,FRESHWATER - RIVERS,2024-02-19 11:36:00,MONITORING  (UK GOVT POLICY - NOT GQA OR RE),RIVER / RUNNING SURFACE WATER,0076,Temperature of Water,9.5,CELSIUS,2024-02-19
https://environment.data.gov.uk/water-quality/sampling-point/SW-70641129/sample/3507984/observation/0076,SW-70641129,RIVER BOVEY AT BLACKALLER  NORTH BOVEY,273775,83732,SouthWest,SOUTH WEST - DEVON AND CORNWALL,CENTRAL DEVON AND CORNWALL,OPEN,FRESHWATER - RIVERS,2024-02-27 11:46:00,MONITORING  (UK GOVT POLICY - NOT GQA OR RE),RIVER / RUNNING SURFACE WATER,0076,Temperature of Water,7.2,CELSIUS,2024-02-27
https://environment.data.gov.uk/water-quality/sampling-point/SW-70641805/sample/3506507/observation/0076,SW-70641805,WRAY BROOK AT KNOWLE,278913,80256,SouthWest,SOUTH WEST - DEVON AND CORNWALL,CENTRAL DEVON AND CORNWALL,OPEN,FRESHWATER - RIVERS,2024-02-13 10:31:00,PLANNED INVESTIGATION (LOCAL MONITORING),RIVER / RUNNING SURFACE WATER,0076,Temperature of Water,8.7,CELSIUS,2024-02-13
https://environment.data.gov.uk/water-quality/sampling-point/SW-70641818/sample/3506517/observation/0076,SW-70641818,WRAY BROOK U/S LUSTLEIGH STW,278644,80966,SouthWest,SOUTH WEST - DEVON AND CORNWALL,CENTRAL DEVON AND CORNWALL,OPEN,FRESHWATER - RIVERS,2024-02-13 10:58:00,PLANNED INVESTIGATION (LOCAL MONITORING),RIVER / RUNNING SURFACE WATER,0076,Temperature of Water,8.7,CELSIUS,2024-02-13
https://environment.data.gov.uk/water-quality/sampling-point/SW-70642153/sample/3506259/observation/0076,SW-70642153,BECKA BROOK AT NEWBRIDGE,275800,80003,SouthWest,SOUTH WEST - DEVON AND CORNWALL,CENTRAL DEVON AND CORNWALL,OPEN,FRESHWATER - RIVERS,2024-02-09 11:27:00,MONITORING  (UK GOVT POLICY - NOT GQA OR RE),RIVER / RUNNING SURFACE WATER,0076,Temperature of Water,9.6,CELSIUS,2024-02-09
https://environment.data.gov.uk/water-quality/sampling-point/SW-70642153/sample/3506516/observation/0076,SW-70642153,BECKA BROOK AT NEWBRIDGE,275800,80003,SouthWest,SOUTH WEST - DEVON AND CORNWALL,CENTRAL DEVON AND CORNWALL,OPEN,FRESHWATER - RIVERS,2024-02-13 11:52:00,MONITORING  (UK GOVT POLICY - NOT GQA OR RE),RIVER / RUNNING SURFACE WATER,0076,Temperature of Water,7.8,CELSIUS,2024-02-13
https://environment.data.gov.uk/water-quality/sampling-point/SW-70642153/sample/3506801/observation/0076,SW-70642153,BECKA BROOK AT NEWBRIDGE,275800,80003,SouthWest,SOUTH WEST - DEVON AND CORNWALL,CENTRAL DEVON AND CORNWALL,OPEN,FRESHWATER - RIVERS,2024-02-19 11:51:00,MONITORING  (UK GOVT POLICY - NOT GQA OR RE),RIVER / RUNNING SURFACE WATER,0076,Temperature of Water,9.5,CELSIUS,2024-02-19
https://environment.data.gov.uk/water-quality/sampling-point/SW-70642153/sample/3508012/observation/0076,SW-70642153,BECKA BROOK AT NEWBRIDGE,275800,80003,SouthWest,SOUTH WEST - DEVON AND CORNWALL,CENTRAL DEVON AND CORNWALL,OPEN,FRESHWATER - RIVERS,2024-02-28 11:35:00,MONITORING  (UK GOVT POLICY - NOT GQA OR RE),RIVER / RUNNING SURFACE WATER,0076,Temperature of Water,8.2,CELSIUS,2024-02-28
https://environment.data.gov.uk/water-quality/sampling-point/SW-70710003/sample/3506675/observation/0076,SW-70710003,EDEN FARM    HARBOURNEFORD      DEAN PRIOR   BUCKFASTLEIGH                 SAMPLED FROM MILKING PARLOUR,272080,62820,SouthWest,SOUTH WEST - DEVON AND CORNWALL,CENTRAL DEVON AND CORNWALL,OPEN,GROUNDWATER - BOREHOLE,2024-02-15 15:45:00,ENVIRONMENTAL MONITORING STATUTORY (EU DIRECTIVES),GROUNDWATER,0076,Temperature of Water,8.8,CELSIUS,2024-02-15
https://environment.data.gov.uk/water-quality/sampling-point/SW-70710338/sample/3505786/observation/0076,SW-70710338,DART ESTUARY - LOWER GURROW POINT,287115,55155,SouthWest,SOUTH WEST - DEVON AND CORNWALL,ECMAS SAMPLING (DEVON AND CORNWALL),OPEN,SALINE WATER - DESIGNATED SHELLFISHERIES,2024-02-04 09:56:00,ENVIRONMENTAL MONITORING STATUTORY (EU DIRECTIVES),ESTUARINE WATER,0076,Temperature of Water,10,CELSIUS,2024-02-04
https://environment.data.gov.uk/water-quality/sampling-point/SW-70710370/sample/3505787/observation/0076,SW-70710370,DART ESTUARY - WHITE ROCK,284272,56540,SouthWest,SOUTH WEST - DEVON AND CORNWALL,ECMAS SAMPLING (DEVON AND CORNWALL),OPEN,SALINE WATER - ESTUARINE SITES - NON BATHING/SHELLFISH,2024-02-04 10:17:00,ENVIRONMENTAL MONITORING STATUTORY (EU DIRECTIVES),ESTUARINE WATER,0076,Temperature of Water,10,CELSIUS,2024-02-04
https://environment.data.gov.uk/water-quality/sampling-point/SW-70711753/sample/3506774/observation/0076,SW-70711753,HARBOURNE RIVER AT LEIGH BRIDGE,277109,56624,SouthWest,SOUTH WEST - DEVON AND CORNWALL,CENTRAL DEVON AND CORNWALL,OPEN,FRESHWATER - RIVERS,2024-02-19 10:42:00,MONITORING  (NATIONAL AGENCY POLICY),RIVER / RUNNING SURFACE WATER,0076,Temperature of Water,10.7,CELSIUS,2024-02-19
https://environment.data.gov.uk/water-quality/sampling-point/SW-70720003/sample/3506562/observation/0076,SW-70720003,RATTERY SAWMILLS  RATTERY  SOUTH BRENT                                     SAMPLED FROM HEAD OF THE BOREHOLE,275300,62200,SouthWest,SOUTH WEST - DEVON AND CORNWALL,CENTRAL DEVON AND CORNWALL,OPEN,GROUNDWATER - BOREHOLE,2024-02-14 11:29:00,ENVIRONMENTAL MONITORING STATUTORY (EU DIRECTIVES),GROUNDWATER,0076,Temperature of Water,11.5,CELSIUS,2024-02-14
https://environment.data.gov.uk/water-quality/sampling-point/SW-70720104/sample/3506927/observation/0076,SW-70720104,RIVER DART AT TOTNES WEIR,280100,61220,SouthWest,SOUTH WEST - DEVON AND CORNWALL,CENTRAL DEVON AND CORNWALL,OPEN,FRESHWATER - RIVERS,2024-02-21 12:19:00,MONITORING  (UK GOVT POLICY - NOT GQA OR RE),RIVER / RUNNING SURFACE WATER,0076,Temperature of Water,10.4,CELSIUS,2024-02-21
https://environment.data.gov.uk/water-quality/sampling-point/SW-70720260/sample/3506664/observation/0076,SW-70720260,RIVER DART AT DART BRIDGE,274467,66719,SouthWest,SOUTH WEST - DEVON AND CORNWALL,CENTRAL DEVON AND CORNWALL,OPEN,FRESHWATER - RIVERS,2024-02-15 09:39:00,MONITORING  (NATIONAL AGENCY POLICY),RIVER / RUNNING SURFACE WATER,0076,Temperature of Water,10.3,CELSIUS,2024-02-15
https://environment.data.gov.uk/water-quality/sampling-point/SW-70720287/sample/3506092/observation/0076,SW-70720287,WEST DART RIVER AT TWO BRIDGES,260811,74973,SouthWest,SOUTH WEST - DEVON AND CORNWALL,CENTRAL DEVON AND CORNWALL,OPEN,FRESHWATER - RIVERS,2024-02-08 13:22:00,MONITORING  (UK GOVT POLICY - NOT GQA OR RE),RIVER / RUNNING SURFACE WATER,0076,Temperature of Water,8.8,CELSIUS,2024-02-08
https://environment.data.gov.uk/water-quality/sampling-point/SW-70720287/sample/3506334/observation/0076,SW-70720287,WEST DART RIVER AT TWO BRIDGES,260811,74973,SouthWest,SOUTH WEST - DEVON AND CORNWALL,CENTRAL DEVON AND CORNWALL,OPEN,FRESHWATER - RIVERS,2024-02-12 11:47:00,MONITORING  (UK GOVT POLICY - NOT GQA OR RE),RIVER / RUNNING SURFACE WATER,0076,Temperature of Water,6.8,CELSIUS,2024-02-12
https://environment.data.gov.uk/water-quality/sampling-point/SW-70720287/sample/3506904/observation/0076,SW-70720287,WEST DART RIVER AT TWO BRIDGES,260811,74973,SouthWest,SOUTH WEST - DEVON AND CORNWALL,CENTRAL DEVON AND CORNWALL,OPEN,FRESHWATER - RIVERS,2024-02-21 11:19:00,MONITORING  (UK GOVT POLICY - NOT GQA OR RE),RIVER / RUNNING SURFACE WATER,0076,Temperature of Water,7.9,CELSIUS,2024-02-21
https://environment.data.gov.uk/water-quality/sampling-point/SW-70720287/sample/3507953/observation/0076,SW-70720287,WEST DART RIVER AT TWO BRIDGES,260811,74973,SouthWest,SOUTH WEST - DEVON AND CORNWALL,CENTRAL DEVON AND CORNWALL,OPEN,FRESHWATER - RIVERS,2024-02-27 11:21:00,MONITORING  (UK GOVT POLICY - NOT GQA OR RE),RIVER / RUNNING SURFACE WATER,0076,Temperature of Water,6.3,CELSIUS,2024-02-27
https://environment.data.gov.uk/water-quality/sampling-point/SW-70721066/sample/3506932/observation/0076,SW-70721066,AM BROOK AT COLLACOMBE BRIDGE,281070,67450,SouthWest,SOUTH WEST - DEVON AND CORNWALL,CENTRAL DEVON AND CORNWALL,OPEN,FRESHWATER - RIVERS,2024-02-21 12:55:00,MONITORING  (NATIONAL AGENCY POLICY),RIVER / RUNNING SURFACE WATER,0076,Temperature of Water,10.5,CELSIUS,2024-02-21
https://environment.data.gov.uk/water-quality/sampling-point/SW-70723535/sample/3506103/observation/0076,SW-70723535,WEST WEBBURN RIVER AT PONSWORTHY BRIDGE,270136,73925,SouthWest,SOUTH WEST - DEVON AND CORNWALL,CENTRAL DEVON AND CORNWALL,OPEN,FRESHWATER - RIVERS,2024-02-08 14:31:00,MONITORING  (UK GOVT POLICY - NOT GQA OR RE),RIVER / RUNNING SURFACE WATER,0076,Temperature of Water,9.7,CELSIUS,2024-02-08
https://environment.data.gov.uk/water-quality/sampling-point/SW-70723535/sample/3506754/observation/0076,SW-70723535,WEST WEBBURN RIVER AT PONSWORTHY BRIDGE,270136,73925,SouthWest,SOUTH WEST - DEVON AND CORNWALL,CENTRAL DEVON AND CORNWALL,OPEN,FRESHWATER - RIVERS,2024-02-19 10:45:00,MONITORING  (UK GOVT POLICY - NOT GQA OR RE),RIVER / RUNNING SURFACE WATER,0076,Temperature of Water,9.4,CELSIUS,2024-02-19
https://environment.data.gov.uk/water-quality/sampling-point/SW-70723535/sample/3508002/observation/0076,SW-70723535,WEST WEBBURN RIVER AT PONSWORTHY BRIDGE,270136,73925,SouthWest,SOUTH WEST - DEVON AND CORNWALL,CENTRAL DEVON AND CORNWALL,OPEN,FRESHWATER - RIVERS,2024-02-28 11:25:00,MONITORING  (UK GOVT POLICY - NOT GQA OR RE),RIVER / RUNNING SURFACE WATER,0076,Temperature of Water,8.6,CELSIUS,2024-02-28
https://environment.data.gov.uk/water-quality/sampling-point/SW-70724308/sample/3506167/observation/0076,SW-70724308,WALLA BROOK AT BABENY,267300,75145,SouthWest,SOUTH WEST - DEVON AND CORNWALL,CENTRAL DEVON AND CORNWALL,OPEN,FRESHWATER - RIVERS,2024-02-08 14:13:00,MONITORING  (UK GOVT POLICY - NOT GQA OR RE),RIVER / RUNNING SURFACE WATER,0076,Temperature of Water,9.3,CELSIUS,2024-02-08
https://environment.data.gov.uk/water-quality/sampling-point/SW-70724308/sample/3506802/observation/0076,SW-70724308,WALLA BROOK AT BABENY,267300,75145,SouthWest,SOUTH WEST - DEVON AND CORNWALL,CENTRAL DEVON AND CORNWALL,OPEN,FRESHWATER - RIVERS,2024-02-19 10:58:00,MONITORING  (UK GOVT POLICY - NOT GQA OR RE),RIVER / RUNNING SURFACE WATER,0076,Temperature of Water,9.2,CELSIUS,2024-02-19
https://environment.data.gov.uk/water-quality/sampling-point/SW-70724308/sample/3508013/observation/0076,SW-70724308,WALLA BROOK AT BABENY,267300,75145,SouthWest,SOUTH WEST - DEVON AND CORNWALL,CENTRAL DEVON AND CORNWALL,OPEN,FRESHWATER - RIVERS,2024-02-28 12:05:00,MONITORING  (UK GOVT POLICY - NOT GQA OR RE),RIVER / RUNNING SURFACE WATER,0076,Temperature of Water,8.1,CELSIUS,2024-02-28
https://environment.data.gov.uk/water-quality/sampling-point/SW-70725509/sample/3506155/observation/0076,SW-70725509,COWSIC RIVER AT BEARDOWN FARM,260294,75305,SouthWest,SOUTH WEST - DEVON AND CORNWALL,CENTRAL DEVON AND CORNWALL,OPEN,FRESHWATER - RIVERS,2024-02-08 13:35:00,MONITORING  (UK GOVT POLICY - NOT GQA OR RE),RIVER / RUNNING SURFACE WATER,0076,Temperature of Water,8.8,CELSIUS,2024-02-08
https://environment.data.gov.uk/water-quality/sampling-point/SW-70725509/sample/3506474/observation/0076,SW-70725509,COWSIC RIVER AT BEARDOWN FARM,260294,75305,SouthWest,SOUTH WEST - DEVON AND CORNWALL,CENTRAL DEVON AND CORNWALL,OPEN,FRESHWATER - RIVERS,2024-02-13 14:13:00,MONITORING  (UK GOVT POLICY - NOT GQA OR RE),RIVER / RUNNING SURFACE WATER,0076,Temperature of Water,8.5,CELSIUS,2024-02-13
https://environment.data.gov.uk/water-quality/sampling-point/SW-70725509/sample/3506912/observation/0076,SW-70725509,COWSIC RIVER AT BEARDOWN FARM,260294,75305,SouthWest,SOUTH WEST - DEVON AND CORNWALL,CENTRAL DEVON AND CORNWALL,OPEN,FRESHWATER - RIVERS,2024-02-21 11:36:00,MONITORING  (UK GOVT POLICY - NOT GQA OR RE),RIVER / RUNNING SURFACE WATER,0076,Temperature of Water,8.1,CELSIUS,2024-02-21
https://environment.data.gov.uk/water-quality/sampling-point/SW-70725509/sample/3507974/observation/0076,SW-70725509,COWSIC RIVER AT BEARDOWN FARM,260294,75305,SouthWest,SOUTH WEST - DEVON AND CORNWALL,CENTRAL DEVON AND CORNWALL,OPEN,FRESHWATER - RIVERS,2024-02-27 11:05:00,MONITORING  (UK GOVT POLICY - NOT GQA OR RE),RIVER / RUNNING SURFACE WATER,0076,Temperature of Water,6.1,CELSIUS,2024-02-27
https://environment.data.gov.uk/water-quality/sampling-point/SW-70810003/sample/3506341/observation/0076,SW-70810003,MERRIFIELD  CHURCHSTOW  KINGSBRIDGE                                        SAMPLED FROM TAP ADJACENT TO BOREHOLE,269900,46110,SouthWest,SOUTH WEST - DEVON AND CORNWALL,CENTRAL DEVON AND CORNWALL,OPEN,GROUNDWATER - BOREHOLE,2024-02-12 10:23:00,ENVIRONMENTAL MONITORING STATUTORY (EU DIRECTIVES),GROUNDWATER,0076,Temperature of Water,9.7,CELSIUS,2024-02-12
https://environment.data.gov.uk/water-quality/sampling-point/SW-70810004/sample/3505824/observation/0076,SW-70810004,PLYMPTON FARM  MALBOROUGH  SALCOMBE                                        SAMPLED FROM TAP ADJACENT TO THE PRESSURE CELL,271470,38510,SouthWest,SOUTH WEST - DEVON AND CORNWALL,CENTRAL DEVON AND CORNWALL,OPEN,GROUNDWATER - BOREHOLE,2024-02-05 11:52:00,ENVIRONMENTAL MONITORING STATUTORY (EU DIRECTIVES),GROUNDWATER,0076,Temperature of Water,12.2,CELSIUS,2024-02-05
https://environment.data.gov.uk/water-quality/sampling-point/SW-70810124/sample/3506799/observation/0076,SW-70810124,THE GARA AT SLAPTON BRIDGE,282798,44363,SouthWest,SOUTH WEST - DEVON AND CORNWALL,CENTRAL DEVON AND CORNWALL,OPEN,FRESHWATER - RIVERS,2024-02-19 11:53:00,MONITORING  (NATIONAL AGENCY POLICY),RIVER / RUNNING SURFACE WATER,0076,Temperature of Water,11.5,CELSIUS,2024-02-19
https://environment.data.gov.uk/water-quality/sampling-point/SW-70810155/sample/3506407/observation/0076,SW-70810155,THE GARA U/S BOWBRIDGE CROSS,280705,49394,SouthWest,SOUTH WEST - DEVON AND CORNWALL,CENTRAL DEVON AND CORNWALL,OPEN,FRESHWATER - RIVERS,2024-02-12 12:51:00,PLANNED INVESTIGATION (LOCAL MONITORING),RIVER / RUNNING SURFACE WATER,0076,Temperature of Water,10.3,CELSIUS,2024-02-12
https://environment.data.gov.uk/water-quality/sampling-point/SW-70810160/sample/3506408/observation/0076,SW-70810160,THE GARA AT MILLCOMBE FARMHOUSE BRIDGE,280273,49908,SouthWest,SOUTH WEST - DEVON AND CORNWALL,CENTRAL DEVON AND CORNWALL,OPEN,FRESHWATER - RIVERS,2024-02-12 13:10:00,PLANNED INVESTIGATION (LOCAL MONITORING),RIVER / RUNNING SURFACE WATER,0076,Temperature of Water,10.2,CELSIUS,2024-02-12
https://environment.data.gov.uk/water-quality/sampling-point/SW-70810177/sample/3506797/observation/0076,SW-70810177,THE GARA AT WOODFORD,279860,50990,SouthWest,SOUTH WEST - DEVON AND CORNWALL,CENTRAL DEVON AND CORNWALL,OPEN,FRESHWATER - RIVERS,2024-02-19 11:15:00,MONITORING  (NATIONAL AGENCY POLICY),RIVER / RUNNING SURFACE WATER,0076,Temperature of Water,11.2,CELSIUS,2024-02-19
https://environment.data.gov.uk/water-quality/sampling-point/SW-70811777/sample/3506263/observation/0076,SW-70811777,CHURCHSTOW STREAM IN KINGSBRIDGE AT TL,273550,44011,SouthWest,SOUTH WEST - DEVON AND CORNWALL,CENTRAL DEVON AND CORNWALL,OPEN,FRESHWATER - RIVERS,2024-02-09 11:55:00,PLANNED INVESTIGATION (LOCAL MONITORING),RIVER / RUNNING SURFACE WATER,0076,Temperature of Water,11.2,CELSIUS,2024-02-09
https://environment.data.gov.uk/water-quality/sampling-point/SW-70811778/sample/3506202/observation/0076,SW-70811778,SOUTH STREAM IN KINGSBRIDGE AT TIDAL LIMIT,273830,43900,SouthWest,SOUTH WEST - DEVON AND CORNWALL,CENTRAL DEVON AND CORNWALL,OPEN,FRESHWATER - RIVERS,2024-02-09 12:17:00,PLANNED INVESTIGATION (LOCAL MONITORING),RIVER / RUNNING SURFACE WATER,0076,Temperature of Water,11.3,CELSIUS,2024-02-09
https://environment.data.gov.uk/water-quality/sampling-point/SW-70811779/sample/3506203/observation/0076,SW-70811779,NORTH STREAM IN KINGSBRIDGE AT TIDAL LIMIT,273550,44010,SouthWest,SOUTH WEST - DEVON AND CORNWALL,CENTRAL DEVON AND CORNWALL,OPEN,FRESHWATER - RIVERS,2024-02-09 12:08:00,PLANNED INVESTIGATION (LOCAL MONITORING),RIVER / RUNNING SURFACE WATER,0076,Temperature of Water,11.4,CELSIUS,2024-02-09
https://environment.data.gov.uk/water-quality/sampling-point/SW-70811815/sample/3505863/observation/0076,SW-70811815,SALCOMBE SOUTH SANDS - COMBE STREAM     (BEACH SURVEY),272817,37671,SouthWest,SOUTH WEST - DEVON AND CORNWALL,CENTRAL DEVON AND CORNWALL,OPEN,FRESHWATER - RIVERS,2024-02-05 12:27:00,PLANNED INVESTIGATION (LOCAL MONITORING),RIVER / RUNNING SURFACE WATER,0076,Temperature of Water,10.7,CELSIUS,2024-02-05
https://environment.data.gov.uk/water-quality/sampling-point/SW-70811912/sample/3506220/observation/0076,SW-70811912,SALCOMBE NORTH SANDS - COLLATON STREAM  (BEACH SURVEY),273039,38179,SouthWest,SOUTH WEST - DEVON AND CORNWALL,CENTRAL DEVON AND CORNWALL,OPEN,FRESHWATER - RIVERS,2024-02-09 12:57:00,PLANNED INVESTIGATION (LOCAL MONITORING),RIVER / RUNNING SURFACE WATER,0076,Temperature of Water,11.3,CELSIUS,2024-02-09
https://environment.data.gov.uk/water-quality/sampling-point/SW-70812124/sample/3506338/observation/0076,SW-70812124,"WATERHEAD CREEK STREAM AT TIDAL LIMIT,KINGSBRIDGE ESTUARY",276990,38850,SouthWest,SOUTH WEST - DEVON AND CORNWALL,CENTRAL DEVON AND CORNWALL,OPEN,FRESHWATER - RIVERS,2024-02-12 11:19:00,PLANNED INVESTIGATION (LOCAL MONITORING),RIVER / RUNNING SURFACE WATER,0076,Temperature of Water,9.8,CELSIUS,2024-02-12
https://environment.data.gov.uk/water-quality/sampling-point/SW-70812130/sample/3506339/observation/0076,SW-70812130,"SOUTHPOOL STREAM AT TIDAL LIMIT,KINGSBRIDGE ESTUARY",277460,40100,SouthWest,SOUTH WEST - DEVON AND CORNWALL,CENTRAL DEVON AND CORNWALL,OPEN,FRESHWATER - RIVERS,2024-02-12 10:55:00,PLANNED INVESTIGATION (LOCAL MONITORING),RIVER / RUNNING SURFACE WATER,0076,Temperature of Water,9.5,CELSIUS,2024-02-12
https://environment.data.gov.uk/water-quality/sampling-point/SW-70812370/sample/3506847/observation/0076,SW-70812370,"SHERFORD STREAM AT TIDAL LIMIT,KINGSBRIDGE ESTUARY",277580,42680,SouthWest,SOUTH WEST - DEVON AND CORNWALL,CENTRAL DEVON AND CORNWALL,OPEN,FRESHWATER - RIVERS,2024-02-20 10:31:00,PLANNED INVESTIGATION (LOCAL MONITORING),RIVER / RUNNING SURFACE WATER,0076,Temperature of Water,11.1,CELSIUS,2024-02-20
https://environment.data.gov.uk/water-quality/sampling-point/SW-70812665/sample/3506400/observation/0076,SW-70812665,CHILLINGTON  STREAM DOWNSTREAM OF CHILLINGTON S T W,277643,42601,SouthWest,SOUTH WEST - DEVON AND CORNWALL,CENTRAL DEVON AND CORNWALL,OPEN,FRESHWATER - RIVERS,2024-02-12 12:13:00,PLANNED INVESTIGATION (LOCAL MONITORING),RIVER / RUNNING SURFACE WATER,0076,Temperature of Water,10.3,CELSIUS,2024-02-12
https://environment.data.gov.uk/water-quality/sampling-point/SW-70812860/sample/3506204/observation/0076,SW-70812860,"COLLAPIT STREAM AT TIDAL LIMIT,KINGSBRIDGE SETUARY",272820,42140,SouthWest,SOUTH WEST - DEVON AND CORNWALL,CENTRAL DEVON AND CORNWALL,OPEN,FRESHWATER - RIVERS,2024-02-09 12:30:00,PLANNED INVESTIGATION (LOCAL MONITORING),RIVER / RUNNING SURFACE WATER,0076,Temperature of Water,11.3,CELSIUS,2024-02-09
https://environment.data.gov.uk/water-quality/sampling-point/SW-70812861/sample/3506205/observation/0076,SW-70812861,"BLANKSMILL STREAM AT TIDAL LIMIT,KINGSBRIDGE ESTUARY",272660,40980,SouthWest,SOUTH WEST - DEVON AND CORNWALL,CENTRAL DEVON AND CORNWALL,OPEN,FRESHWATER - RIVERS,2024-02-09 12:44:00,PLANNED INVESTIGATION (LOCAL MONITORING),RIVER / RUNNING SURFACE WATER,0076,Temperature of Water,11.1,CELSIUS,2024-02-09
https://environment.data.gov.uk/water-quality/sampling-point/SW-70813150/sample/3506365/observation/0076,SW-70813150,WEST ALVINGTON STREAM AT TACKETWOOD,273410,43650,SouthWest,SOUTH WEST - DEVON AND CORNWALL,CENTRAL DEVON AND CORNWALL,OPEN,FRESHWATER - RIVERS,2024-02-12 11:24:00,PLANNED INVESTIGATION (LOCAL MONITORING),RIVER / RUNNING SURFACE WATER,0076,Temperature of Water,10.1,CELSIUS,2024-02-12
https://environment.data.gov.uk/water-quality/sampling-point/SW-70813312/sample/3506366/observation/0076,SW-70813312,SMALL BROOK (KINGSBRIDGE) AT BOWCOMBE,275030,44380,SouthWest,SOUTH WEST - DEVON AND CORNWALL,CENTRAL DEVON AND CORNWALL,OPEN,FRESHWATER - RIVERS,2024-02-12 11:49:00,PLANNED INVESTIGATION (LOCAL MONITORING),RIVER / RUNNING SURFACE WATER,0076,Temperature of Water,9.7,CELSIUS,2024-02-12
https://environment.data.gov.uk/water-quality/sampling-point/SW-70820001/sample/3506638/observation/0076,SW-70820001,MOORGATE  WRANGATON  SOUTH BRENT                                           SAMPLED FROM OVERFLOW OF CATCHPIT TO SPRING,267370,59180,SouthWest,SOUTH WEST - DEVON AND CORNWALL,CENTRAL DEVON AND CORNWALL,OPEN,GROUNDWATER - BOREHOLE,2024-02-15 15:01:00,ENVIRONMENTAL MONITORING STATUTORY (EU DIRECTIVES),GROUNDWATER,0076,Temperature of Water,11.1,CELSIUS,2024-02-15
https://environment.data.gov.uk/water-quality/sampling-point/SW-70826089/sample/3506798/observation/0076,SW-70826089,RIVER AVON DOWNSTREAM AVON DAM AT BRIDGE,267900,64900,SouthWest,SOUTH WEST - DEVON AND CORNWALL,CENTRAL DEVON AND CORNWALL,OPEN,FRESHWATER - RIVERS,2024-02-19 09:34:00,MONITORING  (NATIONAL AGENCY POLICY),RIVER / RUNNING SURFACE WATER,0076,Temperature of Water,9.1,CELSIUS,2024-02-19
https://environment.data.gov.uk/water-quality/sampling-point/SW-70910356/sample/3506662/observation/0076,SW-70910356,AYLESTON BROOK WIDLAND,267462,51665,SouthWest,SOUTH WEST - DEVON AND CORNWALL,CENTRAL DEVON AND CORNWALL,OPEN,FRESHWATER - RIVERS,2024-02-15 14:16:00,PLANNED INVESTIGATION (LOCAL MONITORING),RIVER / RUNNING SURFACE WATER,0076,Temperature of Water,11.8,CELSIUS,2024-02-15
https://environment.data.gov.uk/water-quality/sampling-point/SW-70910356/sample/3507034/observation/0076,SW-70910356,AYLESTON BROOK WIDLAND,267462,51665,SouthWest,SOUTH WEST - DEVON AND CORNWALL,CENTRAL DEVON AND CORNWALL,OPEN,FRESHWATER - RIVERS,2024-02-23 11:33:00,PLANNED INVESTIGATION (LOCAL MONITORING),RIVER / RUNNING SURFACE WATER,0076,Temperature of Water,9.5,CELSIUS,2024-02-23
https://environment.data.gov.uk/water-quality/sampling-point/SW-7091GW01/sample/3506486/observation/0076,SW-7091GW01,HIGHER LUDBROOK SPRING,266720,53960,SouthWest,SOUTH WEST - DEVON AND CORNWALL,CENTRAL DEVON AND CORNWALL,OPEN,GROUNDWATER - SPRING,2024-02-13 10:02:00,ENVIRONMENTAL MONITORING STATUTORY (EU DIRECTIVES),GROUNDWATER,0076,Temperature of Water,10.7,CELSIUS,2024-02-13
https://environment.data.gov.uk/water-quality/sampling-point/SW-70920104/sample/3506252/observation/0076,SW-70920104,RIVER ERME AT SEQUER'S BRIDGE,263210,51880,SouthWest,SOUTH WEST - DEVON AND CORNWALL,CENTRAL DEVON AND CORNWALL,OPEN,FRESHWATER - RIVERS,2024-02-09 12:15:00,MONITORING  (UK GOVT POLICY - NOT GQA OR RE),RIVER / RUNNING SURFACE WATER,0076,Temperature of Water,10.2,CELSIUS,2024-02-09
https://environment.data.gov.uk/water-quality/sampling-point/SW-70920131/sample/3506237/observation/0076,SW-70920131,R.ERME D/S OF IVYBRIDGE STW (ALT HISTORIC DATA ON R09B002),263203,55410,SouthWest,SOUTH WEST - DEVON AND CORNWALL,CENTRAL DEVON AND CORNWALL,OPEN,FRESHWATER - RIVERS,2024-02-09 11:33:00,PLANNED INVESTIGATION (LOCAL MONITORING),RIVER / RUNNING SURFACE WATER,0076,Temperature of Water,9.8,CELSIUS,2024-02-09
https://environment.data.gov.uk/water-quality/sampling-point/SW-70920134/sample/3506580/observation/0076,SW-70920134,RIVER ERME AT A38 BRIDGE IVYBRIDGE ABOVE IVYBRIDGE STW                     ALTERNATIVE HISTORIC DATA ON URN WSTW4622A,263310,55760,SouthWest,SOUTH WEST - DEVON AND CORNWALL,CENTRAL DEVON AND CORNWALL,OPEN,FRESHWATER - RIVERS,2024-02-14 10:25:00,PLANNED INVESTIGATION (LOCAL MONITORING),RIVER / RUNNING SURFACE WATER,0076,Temperature of Water,10.7,CELSIUS,2024-02-14
https://environment.data.gov.uk/water-quality/sampling-point/SW-70920250/sample/3506593/observation/0076,SW-70920250,AYLESTON BROOK AT COTTLASS FARM,264405,51230,SouthWest,SOUTH WEST - DEVON AND CORNWALL,CENTRAL DEVON AND CORNWALL,OPEN,FRESHWATER - RIVERS,2024-02-14 10:52:00,PLANNED INVESTIGATION (LOCAL MONITORING),RIVER / RUNNING SURFACE WATER,0076,Temperature of Water,11,CELSIUS,2024-02-14
https://environment.data.gov.uk/water-quality/sampling-point/SW-70920250/sample/3507035/observation/0076,SW-70920250,AYLESTON BROOK AT COTTLASS FARM,264405,51230,SouthWest,SOUTH WEST - DEVON AND CORNWALL,CENTRAL DEVON AND CORNWALL,OPEN,FRESHWATER - RIVERS,2024-02-23 11:11:00,PLANNED INVESTIGATION (LOCAL MONITORING),RIVER / RUNNING SURFACE WATER,0076,Temperature of Water,9.7,CELSIUS,2024-02-23
https://environment.data.gov.uk/water-quality/sampling-point/SW-72811028/sample/3506775/observation/0076,SW-72811028,ABBEY RIVER AT HARTLAND ABBEY,223766,124924,SouthWest,SOUTH WEST - DEVON AND CORNWALL,EAST DEVON AND CORNWALL,OPEN,FRESHWATER - RIVERS,2024-02-19 12:00:00,MONITORING  (NATIONAL AGENCY POLICY),RIVER / RUNNING SURFACE WATER,0076,Temperature of Water,10.8,CELSIUS,2024-02-19
https://environment.data.gov.uk/water-quality/sampling-point/SW-72811040/sample/3506796/observation/0076,SW-72811040,ABBEY RIVER AT METTAFORD CROSS BRIDGE,228079,124740,SouthWest,SOUTH WEST - DEVON AND CORNWALL,EAST DEVON AND CORNWALL,OPEN,FRESHWATER - RIVERS,2024-02-19 12:25:00,MONITORING  (NATIONAL AGENCY POLICY),RIVER / RUNNING SURFACE WATER,0076,Temperature of Water,10.7,CELSIUS,2024-02-19
https://environment.data.gov.uk/water-quality/sampling-point/SW-72910001/sample/3507973/observation/0076,SW-72910001,LIMEBURY FARM   HORNS CROSS  BIDEFORD                                      SAMPLED FROM MILKING PARLOUR,236280,122200,SouthWest,SOUTH WEST - DEVON AND CORNWALL,EAST DEVON AND CORNWALL,OPEN,GROUNDWATER - BOREHOLE,2024-02-27 09:58:00,ENVIRONMENTAL MONITORING STATUTORY (EU DIRECTIVES),GROUNDWATER,0076,Temperature of Water,10.8,CELSIUS,2024-02-27
https://environment.data.gov.uk/water-quality/sampling-point/SW-72920121/sample/3506657/observation/0076,SW-72920121,RIVER TORRIDGE AT BEAM BRIDGE,247359,120917,SouthWest,SOUTH WEST - DEVON AND CORNWALL,EAST DEVON AND CORNWALL,OPEN,FRESHWATER - RIVERS,2024-02-15 16:58:00,MONITORING  (UK GOVT POLICY - NOT GQA OR RE),RIVER / RUNNING SURFACE WATER,0076,Temperature of Water,11.3,CELSIUS,2024-02-15
https://environment.data.gov.uk/water-quality/sampling-point/SW-72929999/sample/3506676/observation/0076,SW-72929999,MISCELLANEOUS MIDDLE TORRIDGE CATCHMENT,247300,120900,SouthWest,SOUTH WEST - DEVON AND CORNWALL,EAST DEVON AND CORNWALL,OPEN,POLLUTION/INVESTIGATION POINTS - ENVIRONMENT,2024-02-13 19:35:00,UNPLANNED REACTIVE MONITORING FORMAL (POLLUTION INCIDENTS),RIVER / RUNNING SURFACE WATER,0076,Temperature of Water,10.5,CELSIUS,2024-02-13
https://environment.data.gov.uk/water-quality/sampling-point/SW-72929999/sample/3506677/observation/0076,SW-72929999,MISCELLANEOUS MIDDLE TORRIDGE CATCHMENT,247300,120900,SouthWest,SOUTH WEST - DEVON AND CORNWALL,EAST DEVON AND CORNWALL,OPEN,POLLUTION/INVESTIGATION POINTS - ENVIRONMENT,2024-02-13 19:15:00,UNPLANNED REACTIVE MONITORING FORMAL (POLLUTION INCIDENTS),RIVER / RUNNING SURFACE WATER,0076,Temperature of Water,10.04,CELSIUS,2024-02-13
https://environment.data.gov.uk/water-quality/sampling-point/SW-72930136/sample/3505834/observation/0076,SW-72930136,RIVER TORRIDGE AT ROCKHAY BRIDGE,250640,106990,SouthWest,SOUTH WEST - DEVON AND CORNWALL,EAST DEVON AND CORNWALL,OPEN,FRESHWATER - RIVERS,2024-02-05 11:47:00,PLANNED INVESTIGATION (LOCAL MONITORING),RIVER / RUNNING SURFACE WATER,0076,Temperature of Water,9.3,CELSIUS,2024-02-05
https://environment.data.gov.uk/water-quality/sampling-point/SW-72930188/sample/3505864/observation/0076,SW-72930188,RIVER TORRIDGE AT KINGSLEY MILL ABOVE BLACK TORRINGTON STW                 ALTERNATIVE HISTORIC DATA ON URN WSTW3026A,246960,106080,SouthWest,SOUTH WEST - DEVON AND CORNWALL,EAST DEVON AND CORNWALL,OPEN,FRESHWATER - RIVERS,2024-02-05 12:12:00,PLANNED INVESTIGATION (LOCAL MONITORING),RIVER / RUNNING SURFACE WATER,0076,Temperature of Water,9.3,CELSIUS,2024-02-05
https://environment.data.gov.uk/water-quality/sampling-point/SW-72930250/sample/3506723/observation/0076,SW-72930250,RIVER TORRIDGE BELOW SHEBBEAR STW,242520,109000,SouthWest,SOUTH WEST - DEVON AND CORNWALL,EAST DEVON AND CORNWALL,OPEN,FRESHWATER - RIVERS,2024-02-16 11:23:00,PLANNED INVESTIGATION (LOCAL MONITORING),RIVER / RUNNING SURFACE WATER,0076,Temperature of Water,9.9,CELSIUS,2024-02-16
https://environment.data.gov.uk/water-quality/sampling-point/SW-72930270/sample/3506029/observation/0076,SW-72930270,RIVER TORRIDGE AT GIDCOTT,242183,109424,SouthWest,SOUTH WEST - DEVON AND CORNWALL,EAST DEVON AND CORNWALL,OPEN,FRESHWATER - RIVERS,2024-02-07 10:26:00,PLANNED INVESTIGATION (LOCAL MONITORING),RIVER / RUNNING SURFACE WATER,0076,Temperature of Water,9.5,CELSIUS,2024-02-07
https://environment.data.gov.uk/water-quality/sampling-point/SW-72930325/sample/3506710/observation/0076,SW-72930325,R.TORRIDGE U/S OF WOODFORD BRIDGE HOTEL STW,239878,112514,SouthWest,SOUTH WEST - DEVON AND CORNWALL,EAST DEVON AND CORNWALL,OPEN,FRESHWATER - UNSPECIFIED,2024-02-16 10:45:00,PLANNED INVESTIGATION (LOCAL MONITORING),RIVER / RUNNING SURFACE WATER,0076,Temperature of Water,9.8,CELSIUS,2024-02-16
https://environment.data.gov.uk/water-quality/sampling-point/SW-72930380/sample/3506415/observation/0076,SW-72930380,RIVER TORRIDGE AT PUTFORD BRIDGE,236390,115920,SouthWest,SOUTH WEST - DEVON AND CORNWALL,EAST DEVON AND CORNWALL,OPEN,FRESHWATER - RIVERS,2024-02-12 11:30:00,PLANNED INVESTIGATION (LOCAL MONITORING),RIVER / RUNNING SURFACE WATER,0076,Temperature of Water,7.2,CELSIUS,2024-02-12
https://environment.data.gov.uk/water-quality/sampling-point/SW-72930420/sample/3506367/observation/0076,SW-72930420,RIVER TORRIDGE AT FORDMILL FARM,232510,117760,SouthWest,SOUTH WEST - DEVON AND CORNWALL,EAST DEVON AND CORNWALL,OPEN,FRESHWATER - RIVERS,2024-02-12 12:03:00,PLANNED INVESTIGATION (LOCAL MONITORING),RIVER / RUNNING SURFACE WATER,0076,Temperature of Water,7.3,CELSIUS,2024-02-12
https://environment.data.gov.uk/water-quality/sampling-point/SW-72930805/sample/3505311/observation/0076,SW-72930805,RIVER LEW (TORRIDGE) AT LEWER BRIDGE,253130,105250,SouthWest,SOUTH WEST - DEVON AND CORNWALL,EAST DEVON AND CORNWALL,OPEN,FRESHWATER - RIVERS,2024-02-01 11:58:00,PLANNED INVESTIGATION (LOCAL MONITORING),RIVER / RUNNING SURFACE WATER,0076,Temperature of Water,7.9,CELSIUS,2024-02-01
https://environment.data.gov.uk/water-quality/sampling-point/SW-72930813/sample/3505375/observation/0076,SW-72930813,RIVER LEW (TORRIDGE) BELOW HATHERLEIGH STW,253780,104320,SouthWest,SOUTH WEST - DEVON AND CORNWALL,EAST DEVON AND CORNWALL,OPEN,FRESHWATER - RIVERS,2024-02-01 11:33:00,PLANNED INVESTIGATION (LOCAL MONITORING),RIVER / RUNNING SURFACE WATER,0076,Temperature of Water,7.9,CELSIUS,2024-02-01
https://environment.data.gov.uk/water-quality/sampling-point/SW-72930819/sample/3505331/observation/0076,SW-72930819,R.LEW @ H'LEIGH BR U/S H'LEIGH STW (ALT DATA ON URN WSTW3127A),254058,104185,SouthWest,SOUTH WEST - DEVON AND CORNWALL,EAST DEVON AND CORNWALL,OPEN,FRESHWATER - RIVERS,2024-02-01 11:43:00,PLANNED INVESTIGATION (LOCAL MONITORING),RIVER / RUNNING SURFACE WATER,0076,Temperature of Water,7.7,CELSIUS,2024-02-01
https://environment.data.gov.uk/water-quality/sampling-point/SW-72930857/sample/3505332/observation/0076,SW-72930857,RIVER LEW (TORRIDGE) AT GREAT RUTLEIGH,251400,100790,SouthWest,SOUTH WEST - DEVON AND CORNWALL,EAST DEVON AND CORNWALL,OPEN,FRESHWATER - RIVERS,2024-02-01 13:59:00,PLANNED INVESTIGATION (LOCAL MONITORING),RIVER / RUNNING SURFACE WATER,0076,Temperature of Water,7.8,CELSIUS,2024-02-01
https://environment.data.gov.uk/water-quality/sampling-point/SW-72930877/sample/3505333/observation/0076,SW-72930877,RIVER LEW (TORRIDGE) AT HOLE STOCK BRIDGE,248870,100030,SouthWest,SOUTH WEST - DEVON AND CORNWALL,EAST DEVON AND CORNWALL,OPEN,FRESHWATER - RIVERS,2024-02-01 13:07:00,PLANNED INVESTIGATION (LOCAL MONITORING),RIVER / RUNNING SURFACE WATER,0076,Temperature of Water,7.4,CELSIUS,2024-02-01
https://environment.data.gov.uk/water-quality/sampling-point/SW-72930900/sample/3505336/observation/0076,SW-72930900,PULWORTHY BROOK 30M UPSTREAM OF CONFLUENCE WITH RIVER LEW,253190,105050,SouthWest,SOUTH WEST - DEVON AND CORNWALL,EAST DEVON AND CORNWALL,OPEN,FRESHWATER - RIVERS,2024-02-01 12:10:00,PLANNED INVESTIGATION (LOCAL MONITORING),RIVER / RUNNING SURFACE WATER,0076,Temperature of Water,7.5,CELSIUS,2024-02-01
https://environment.data.gov.uk/water-quality/sampling-point/SW-72930937/sample/3505307/observation/0076,SW-72930937,PULWORTHY BROOK AT LEWMOOR BRIDGE,250700,102880,SouthWest,SOUTH WEST - DEVON AND CORNWALL,EAST DEVON AND CORNWALL,OPEN,FRESHWATER - RIVERS,2024-02-01 13:27:00,PLANNED INVESTIGATION (LOCAL MONITORING),RIVER / RUNNING SURFACE WATER,0076,Temperature of Water,7.6,CELSIUS,2024-02-01
https://environment.data.gov.uk/water-quality/sampling-point/SW-72931847/sample/3506206/observation/0076,SW-72931847,WAGAFORD WATER AT WAGAFORD BRIDGE,248820,101680,SouthWest,SOUTH WEST - DEVON AND CORNWALL,EAST DEVON AND CORNWALL,OPEN,FRESHWATER - RIVERS,2024-02-09 11:20:00,PLANNED INVESTIGATION (LOCAL MONITORING),RIVER / RUNNING SURFACE WATER,0076,Temperature of Water,10,CELSIUS,2024-02-09
https://environment.data.gov.uk/water-quality/sampling-point/SW-72932015/sample/3506785/observation/0076,SW-72932015,NORTHLEW STREAM AT NORTHLEW,250750,99100,SouthWest,SOUTH WEST - DEVON AND CORNWALL,EAST DEVON AND CORNWALL,OPEN,FRESHWATER - RIVERS,2024-02-19 12:57:00,MONITORING  (NATIONAL AGENCY POLICY),RIVER / RUNNING SURFACE WATER,0076,Temperature of Water,10.5,CELSIUS,2024-02-19
https://environment.data.gov.uk/water-quality/sampling-point/SW-72932020/sample/3505373/observation/0076,SW-72932020,NORTHLEW STREAM U/S NORTHLEW STW,250756,99026,SouthWest,SOUTH WEST - DEVON AND CORNWALL,CENTRAL DEVON AND CORNWALL,OPEN,FRESHWATER - RIVERS,2024-02-01 12:55:00,PLANNED INVESTIGATION (LOCAL MONITORING),RIVER / RUNNING SURFACE WATER,0076,Temperature of Water,7.3,CELSIUS,2024-02-01
https://environment.data.gov.uk/water-quality/sampling-point/SW-72933607/sample/3505829/observation/0076,SW-72933607,MUSSEL BROOK AT WESTOVER,247770,106450,SouthWest,SOUTH WEST - DEVON AND CORNWALL,EAST DEVON AND CORNWALL,OPEN,FRESHWATER - RIVERS,2024-02-05 11:59:00,PLANNED INVESTIGATION (LOCAL MONITORING),RIVER / RUNNING SURFACE WATER,0076,Temperature of Water,9.1,CELSIUS,2024-02-05
https://environment.data.gov.uk/water-quality/sampling-point/SW-72933916/sample/3506017/observation/0076,SW-72933916,WHITELEIGH WATER AT DIPPERMILL,243890,106380,SouthWest,SOUTH WEST - DEVON AND CORNWALL,EAST DEVON AND CORNWALL,OPEN,FRESHWATER - RIVERS,2024-02-07 09:41:00,PLANNED INVESTIGATION (LOCAL MONITORING),RIVER / RUNNING SURFACE WATER,0076,Temperature of Water,9.2,CELSIUS,2024-02-07
https://environment.data.gov.uk/water-quality/sampling-point/SW-72934611/sample/3506704/observation/0076,SW-72934611,RIVER WALDON AT HENSCOTT BRIDGE,241510,108040,SouthWest,SOUTH WEST - DEVON AND CORNWALL,EAST DEVON AND CORNWALL,OPEN,FRESHWATER - RIVERS,2024-02-16 11:37:00,PLANNED INVESTIGATION (LOCAL MONITORING),RIVER / RUNNING SURFACE WATER,0076,Temperature of Water,9.9,CELSIUS,2024-02-16
https://environment.data.gov.uk/water-quality/sampling-point/SW-72934639/sample/3506494/observation/0076,SW-72934639,RIVER WALDON AT WALDON BRIDGE,236840,110410,SouthWest,SOUTH WEST - DEVON AND CORNWALL,EAST DEVON AND CORNWALL,OPEN,FRESHWATER - RIVERS,2024-02-13 13:26:00,PLANNED INVESTIGATION (LOCAL MONITORING),RIVER / RUNNING SURFACE WATER,0076,Temperature of Water,9.1,CELSIUS,2024-02-13
https://environment.data.gov.uk/water-quality/sampling-point/SW-72934659/sample/3506030/observation/0076,SW-72934659,RIVER WALDON AT SUTCOMBE,234680,110960,SouthWest,SOUTH WEST - DEVON AND CORNWALL,EAST DEVON AND CORNWALL,OPEN,FRESHWATER - RIVERS,2024-02-07 11:05:00,PLANNED INVESTIGATION (LOCAL MONITORING),RIVER / RUNNING SURFACE WATER,0076,Temperature of Water,9.3,CELSIUS,2024-02-07
https://environment.data.gov.uk/water-quality/sampling-point/SW-72937110/sample/3506363/observation/0076,SW-72937110,DIPPLE WATER AT DIPPLE BRIDGE,234950,117760,SouthWest,SOUTH WEST - DEVON AND CORNWALL,EAST DEVON AND CORNWALL,OPEN,FRESHWATER - RIVERS,2024-02-12 11:47:00,PLANNED INVESTIGATION (LOCAL MONITORING),RIVER / RUNNING SURFACE WATER,0076,Temperature of Water,7.4,CELSIUS,2024-02-12
https://environment.data.gov.uk/water-quality/sampling-point/SW-72937830/sample/3506378/observation/0076,SW-72937830,CLIFFORD WATER AT BITEFORD,230210,118930,SouthWest,SOUTH WEST - DEVON AND CORNWALL,EAST DEVON AND CORNWALL,OPEN,FRESHWATER - RIVERS,2024-02-12 12:38:00,PLANNED INVESTIGATION (LOCAL MONITORING),RIVER / RUNNING SURFACE WATER,0076,Temperature of Water,7.8,CELSIUS,2024-02-12
https://environment.data.gov.uk/water-quality/sampling-point/SW-72940136/sample/3505369/observation/0076,SW-72940136,RIVER OKEMENT AT JACOBSTOWE,259250,101720,SouthWest,SOUTH WEST - DEVON AND CORNWALL,EAST DEVON AND CORNWALL,OPEN,FRESHWATER - RIVERS,2024-02-01 11:11:00,MONITORING  (NATIONAL AGENCY POLICY),RIVER / RUNNING SURFACE WATER,0076,Temperature of Water,8.1,CELSIUS,2024-02-01
https://environment.data.gov.uk/water-quality/sampling-point/SW-72940158/sample/3505374/observation/0076,SW-72940158,RIVER OKEMENT AT SOUTH DORNAFORD BELOW HILL BARTON STW,259990,100050,SouthWest,SOUTH WEST - DEVON AND CORNWALL,EAST DEVON AND CORNWALL,OPEN,FRESHWATER - RIVERS,2024-02-01 12:48:00,PLANNED INVESTIGATION (LOCAL MONITORING),RIVER / RUNNING SURFACE WATER,0076,Temperature of Water,8.1,CELSIUS,2024-02-01
https://environment.data.gov.uk/water-quality/sampling-point/SW-72940185/sample/3505376/observation/0076,SW-72940185,RIVER OKEMENT AT BRIGHTLEY BRIDGE,259871,97447,SouthWest,SOUTH WEST - DEVON AND CORNWALL,EAST DEVON AND CORNWALL,OPEN,FRESHWATER - RIVERS,2024-02-01 13:39:00,PLANNED INVESTIGATION (LOCAL MONITORING),RIVER / RUNNING SURFACE WATER,0076,Temperature of Water,7.8,CELSIUS,2024-02-01
https://environment.data.gov.uk/water-quality/sampling-point/SW-73010016/sample/3508000/observation/0076,SW-73010016,HILLCREST  BOWDEN  MUDDIFORD  EAST DOWN  BARNSTAPLE                        SAMPLED FROM INLET PIPE INTO TANK IN LOFT,257760,140280,SouthWest,SOUTH WEST - DEVON AND CORNWALL,EAST DEVON AND CORNWALL,OPEN,GROUNDWATER - BOREHOLE,2024-02-28 10:12:00,ENVIRONMENTAL MONITORING STATUTORY (EU DIRECTIVES),GROUNDWATER,0076,Temperature of Water,8,CELSIUS,2024-02-28
https://environment.data.gov.uk/water-quality/sampling-point/SW-73019999/sample/3506187/observation/0076,SW-73019999,MISCELLANEOUS TAW ESTUARY CATCHMENT,241900,129000,SouthWest,SOUTH WEST - DEVON AND CORNWALL,EAST DEVON AND CORNWALL,OPEN,POLLUTION/INVESTIGATION POINTS - ENVIRONMENT,2024-02-07 12:40:00,UNPLANNED REACTIVE MONITORING FORMAL (POLLUTION INCIDENTS),RIVER / RUNNING SURFACE WATER,0076,Temperature of Water,10.5,CELSIUS,2024-02-07
https://environment.data.gov.uk/water-quality/sampling-point/SW-7301GW02/sample/3506705/observation/0076,SW-7301GW02,DASSEL PARK FARM BOREHOLE,265020,131320,SouthWest,SOUTH WEST - DEVON AND CORNWALL,EAST DEVON AND CORNWALL,OPEN,GROUNDWATER - BOREHOLE,2024-02-16 11:34:00,ENVIRONMENTAL MONITORING STATUTORY (EU DIRECTIVES),GROUNDWATER,0076,Temperature of Water,11,CELSIUS,2024-02-16
https://environment.data.gov.uk/water-quality/sampling-point/SW-73020110/sample/3505370/observation/0076,SW-73020110,RIVER TAW AT NEW BRIDGE,256990,128280,SouthWest,SOUTH WEST - DEVON AND CORNWALL,EAST DEVON AND CORNWALL,OPEN,FRESHWATER - RIVERS,2024-02-01 12:38:00,MONITORING  (NATIONAL AGENCY POLICY),RIVER / RUNNING SURFACE WATER,0076,Temperature of Water,7.7,CELSIUS,2024-02-01
https://environment.data.gov.uk/water-quality/sampling-point/SW-73020127/sample/3505281/observation/0076,SW-73020127,RIVER TAW AT CHAPELTON FOOTBRIDGE,258220,126100,SouthWest,SOUTH WEST - DEVON AND CORNWALL,EAST DEVON AND CORNWALL,OPEN,FRESHWATER - RIVERS,2024-02-01 13:29:00,MONITORING  (UK GOVT POLICY - NOT GQA OR RE),RIVER / RUNNING SURFACE WATER,0076,Temperature of Water,7.8,CELSIUS,2024-02-01
https://environment.data.gov.uk/water-quality/sampling-point/SW-73020295/sample/3506886/observation/0076,SW-73020295,"EGGESFORD FOREST BOREHOLE, HILLTOWN LANE, CHULMLEIGH",269344,110541,SouthWest,SOUTH WEST - DEVON AND CORNWALL,EAST DEVON AND CORNWALL,OPEN,GROUNDWATER - BOREHOLE,2024-02-20 12:02:00,ENVIRONMENTAL MONITORING STATUTORY (EU DIRECTIVES),GROUNDWATER,0076,Temperature of Water,11,CELSIUS,2024-02-20
https://environment.data.gov.uk/water-quality/sampling-point/SW-73030120/sample/3505451/observation/0076,SW-73030120,RIVER TAW AT TAW BRIDGE,267294,106589,SouthWest,SOUTH WEST - DEVON AND CORNWALL,EAST DEVON AND CORNWALL,OPEN,FRESHWATER - RIVERS,2024-02-02 10:56:00,MONITORING  (UK GOVT POLICY - NOT GQA OR RE),RIVER / RUNNING SURFACE WATER,0076,Temperature of Water,8.4,CELSIUS,2024-02-02
https://environment.data.gov.uk/water-quality/sampling-point/SW-7303GW01/sample/3505975/observation/0076,SW-7303GW01,WHEATLEY FARM,265600,92380,SouthWest,SOUTH WEST - DEVON AND CORNWALL,EAST DEVON AND CORNWALL,OPEN,GROUNDWATER - BOREHOLE,2024-02-07 13:58:00,ENVIRONMENTAL MONITORING STATUTORY (EU DIRECTIVES),GROUNDWATER,0076,Temperature of Water,9.6,CELSIUS,2024-02-07
https://environment.data.gov.uk/water-quality/sampling-point/SW-73060006/sample/3505902/observation/0076,SW-73060006,GREAT COMBESHEAD  NORTH MOLTON                                             SAMPLED FROM TAP IN BACKYARD,273020,130960,SouthWest,SOUTH WEST - DEVON AND CORNWALL,EAST DEVON AND CORNWALL,OPEN,GROUNDWATER - BOREHOLE,2024-02-06 12:06:00,ENVIRONMENTAL MONITORING STATUTORY (EU DIRECTIVES),GROUNDWATER,0076,Temperature of Water,10.3,CELSIUS,2024-02-06
https://environment.data.gov.uk/water-quality/sampling-point/SW-73060254/sample/3506261/observation/0076,SW-73060254,RIVER MOLE BELOW NORTH MOLTON STW,274580,129540,SouthWest,SOUTH WEST - DEVON AND CORNWALL,EAST DEVON AND CORNWALL,OPEN,FRESHWATER - RIVERS,2024-02-09 11:11:00,PLANNED INVESTIGATION (LOCAL MONITORING),RIVER / RUNNING SURFACE WATER,0076,Temperature of Water,10.1,CELSIUS,2024-02-09
https://environment.data.gov.uk/water-quality/sampling-point/SW-73060277/sample/3505282/observation/0076,SW-73060277,RIVER MOLE AT NORTH MOLTON ABOVE NORTH MOLTON STW                          OTHER HISTORIC DATA ON R30F026 & WSTW3218A,274370,129834,SouthWest,SOUTH WEST - DEVON AND CORNWALL,EAST DEVON AND CORNWALL,OPEN,FRESHWATER - RIVERS,2024-02-01 10:12:00,PLANNED INVESTIGATION (LOCAL MONITORING),RIVER / RUNNING SURFACE WATER,0076,Temperature of Water,6.8,CELSIUS,2024-02-01
https://environment.data.gov.uk/water-quality/sampling-point/SW-73060314/sample/3506403/observation/0076,SW-73060314,HEASLEY MILL   RIVER MOLE,273800,132200,SouthWest,SOUTH WEST - DEVON AND CORNWALL,EAST DEVON AND CORNWALL,OPEN,FRESHWATER - RIVERS,2024-02-12 14:48:00,MONITORING  (UK GOVT POLICY - NOT GQA OR RE),RIVER / RUNNING SURFACE WATER,0076,Temperature of Water,9.5,CELSIUS,2024-02-12
https://environment.data.gov.uk/water-quality/sampling-point/SW-73060314/sample/3506795/observation/0076,SW-73060314,HEASLEY MILL   RIVER MOLE,273800,132200,SouthWest,SOUTH WEST - DEVON AND CORNWALL,EAST DEVON AND CORNWALL,OPEN,FRESHWATER - RIVERS,2024-02-19 10:59:00,MONITORING  (UK GOVT POLICY - NOT GQA OR RE),RIVER / RUNNING SURFACE WATER,0076,Temperature of Water,10,CELSIUS,2024-02-19
https://environment.data.gov.uk/water-quality/sampling-point/SW-73060314/sample/3507529/observation/0076,SW-73060314,HEASLEY MILL   RIVER MOLE,273800,132200,SouthWest,SOUTH WEST - DEVON AND CORNWALL,EAST DEVON AND CORNWALL,OPEN,FRESHWATER - RIVERS,2024-02-26 10:29:00,MONITORING  (UK GOVT POLICY - NOT GQA OR RE),RIVER / RUNNING SURFACE WATER,0076,Temperature of Water,8,CELSIUS,2024-02-26
https://environment.data.gov.uk/water-quality/sampling-point/SW-73063264/sample/3505371/observation/0076,SW-73063264,RIVER YEO (MOLLAND) AT BOTTREAUX MILL,282110,126380,SouthWest,SOUTH WEST - DEVON AND CORNWALL,EAST DEVON AND CORNWALL,OPEN,FRESHWATER - RIVERS,2024-02-01 14:00:00,MONITORING  (UK GOVT POLICY - NOT GQA OR RE),RIVER / RUNNING SURFACE WATER,0076,Temperature of Water,7.7,CELSIUS,2024-02-01
https://environment.data.gov.uk/water-quality/sampling-point/SW-73063264/sample/3506406/observation/0076,SW-73063264,RIVER YEO (MOLLAND) AT BOTTREAUX MILL,282110,126380,SouthWest,SOUTH WEST - DEVON AND CORNWALL,EAST DEVON AND CORNWALL,OPEN,FRESHWATER - RIVERS,2024-02-12 11:25:00,MONITORING  (UK GOVT POLICY - NOT GQA OR RE),RIVER / RUNNING SURFACE WATER,0076,Temperature of Water,7.9,CELSIUS,2024-02-12
https://environment.data.gov.uk/water-quality/sampling-point/SW-73063264/sample/3506803/observation/0076,SW-73063264,RIVER YEO (MOLLAND) AT BOTTREAUX MILL,282110,126380,SouthWest,SOUTH WEST - DEVON AND CORNWALL,EAST DEVON AND CORNWALL,OPEN,FRESHWATER - RIVERS,2024-02-19 15:02:00,MONITORING  (UK GOVT POLICY - NOT GQA OR RE),RIVER / RUNNING SURFACE WATER,0076,Temperature of Water,11,CELSIUS,2024-02-19
https://environment.data.gov.uk/water-quality/sampling-point/SW-73063264/sample/3507532/observation/0076,SW-73063264,RIVER YEO (MOLLAND) AT BOTTREAUX MILL,282110,126380,SouthWest,SOUTH WEST - DEVON AND CORNWALL,EAST DEVON AND CORNWALL,OPEN,FRESHWATER - RIVERS,2024-02-26 09:39:00,MONITORING  (UK GOVT POLICY - NOT GQA OR RE),RIVER / RUNNING SURFACE WATER,0076,Temperature of Water,6.9,CELSIUS,2024-02-26
https://environment.data.gov.uk/water-quality/sampling-point/SW-73070186/sample/3506329/observation/0076,SW-73070186,RIVER BRAY AT LEEHAM FORD,267739,139911,SouthWest,SOUTH WEST - DEVON AND CORNWALL,EAST DEVON AND CORNWALL,OPEN,FRESHWATER - RIVERS,2024-02-12 12:43:00,MONITORING  (NATIONAL AGENCY POLICY),RIVER / RUNNING SURFACE WATER,0076,Temperature of Water,8.9,CELSIUS,2024-02-12
https://environment.data.gov.uk/water-quality/sampling-point/SW-73070503/sample/3505903/observation/0076,SW-73070503,RIVER HOLEWATER (MOLLAND) AT LINKLEYHAM BRIDGE,269602,132512,SouthWest,SOUTH WEST - DEVON AND CORNWALL,EAST DEVON AND CORNWALL,OPEN,FRESHWATER - RIVERS,2024-02-06 15:29:00,MONITORING  (UK GOVT POLICY - NOT GQA OR RE),RIVER / RUNNING SURFACE WATER,0076,Temperature of Water,10.1,CELSIUS,2024-02-06
https://environment.data.gov.uk/water-quality/sampling-point/SW-73070503/sample/3506453/observation/0076,SW-73070503,RIVER HOLEWATER (MOLLAND) AT LINKLEYHAM BRIDGE,269602,132512,SouthWest,SOUTH WEST - DEVON AND CORNWALL,EAST DEVON AND CORNWALL,OPEN,FRESHWATER - RIVERS,2024-02-13 11:09:00,MONITORING  (UK GOVT POLICY - NOT GQA OR RE),RIVER / RUNNING SURFACE WATER,0076,Temperature of Water,8.7,CELSIUS,2024-02-13
https://environment.data.gov.uk/water-quality/sampling-point/SW-73070503/sample/3506742/observation/0076,SW-73070503,RIVER HOLEWATER (MOLLAND) AT LINKLEYHAM BRIDGE,269602,132512,SouthWest,SOUTH WEST - DEVON AND CORNWALL,EAST DEVON AND CORNWALL,OPEN,FRESHWATER - RIVERS,2024-02-19 11:17:00,MONITORING  (UK GOVT POLICY - NOT GQA OR RE),RIVER / RUNNING SURFACE WATER,0076,Temperature of Water,10.1,CELSIUS,2024-02-19
https://environment.data.gov.uk/water-quality/sampling-point/SW-73070503/sample/3507481/observation/0076,SW-73070503,RIVER HOLEWATER (MOLLAND) AT LINKLEYHAM BRIDGE,269602,132512,SouthWest,SOUTH WEST - DEVON AND CORNWALL,EAST DEVON AND CORNWALL,OPEN,FRESHWATER - RIVERS,2024-02-26 10:07:00,MONITORING  (UK GOVT POLICY - NOT GQA OR RE),RIVER / RUNNING SURFACE WATER,0076,Temperature of Water,7.4,CELSIUS,2024-02-26
https://environment.data.gov.uk/water-quality/sampling-point/SW-73080442/sample/3506743/observation/0076,SW-73080442,RIVER YEO (BARNSTAPLE) AT COLLARD BRIDGE,259552,135665,SouthWest,SOUTH WEST - DEVON AND CORNWALL,EAST DEVON AND CORNWALL,OPEN,FRESHWATER - RIVERS,2024-02-19 12:12:00,MONITORING  (UK GOVT POLICY - NOT GQA OR RE),RIVER / RUNNING SURFACE WATER,0076,Temperature of Water,10.9,CELSIUS,2024-02-19
https://environment.data.gov.uk/water-quality/sampling-point/SW-8048GW02/sample/3506110/observation/0076,SW-8048GW02,SOUTH MUCHLARNICK FARM,221720,56400,SouthWest,SOUTH WEST - DEVON AND CORNWALL,WEST DEVON AND CORNWALL,OPEN,GROUNDWATER - BOREHOLE,2024-02-08 10:09:00,ENVIRONMENTAL MONITORING STATUTORY (EU DIRECTIVES),GROUNDWATER - PURGED/PUMPED/REFILLED,0076,Temperature of Water,12.9,CELSIUS,2024-02-08
https://environment.data.gov.uk/water-quality/sampling-point/SW-8048GW03/sample/3506368/observation/0076,SW-8048GW03,GORMAIN FARM,222530,68000,SouthWest,SOUTH WEST - DEVON AND CORNWALL,WEST DEVON AND CORNWALL,OPEN,GROUNDWATER - BOREHOLE,2024-02-12 10:50:00,ENVIRONMENTAL MONITORING STATUTORY (EU DIRECTIVES),GROUNDWATER - PURGED/PUMPED/REFILLED,0076,Temperature of Water,11.3,CELSIUS,2024-02-12
https://environment.data.gov.uk/water-quality/sampling-point/SW-8048GW06/sample/3506487/observation/0076,SW-8048GW06,PENVENTON FARM,216540,62260,SouthWest,SOUTH WEST - DEVON AND CORNWALL,WEST DEVON AND CORNWALL,OPEN,GROUNDWATER - SPRING,2024-02-13 10:07:00,ENVIRONMENTAL MONITORING STATUTORY (EU DIRECTIVES),GROUNDWATER,0076,Temperature of Water,11.4,CELSIUS,2024-02-13
https://environment.data.gov.uk/water-quality/sampling-point/SW-8048GW08/sample/3506643/observation/0076,SW-8048GW08,HIGHER TREVILMICK,206400,61710,SouthWest,SOUTH WEST - DEVON AND CORNWALL,WEST DEVON AND CORNWALL,OPEN,GROUNDWATER - BOREHOLE,2024-02-15 11:23:00,ENVIRONMENTAL MONITORING STATUTORY (EU DIRECTIVES),GROUNDWATER - PURGED/PUMPED/REFILLED,0076,Temperature of Water,9.6,CELSIUS,2024-02-15
https://environment.data.gov.uk/water-quality/sampling-point/SW-8049GW02/sample/3506018/observation/0076,SW-8049GW02,TRAEGO MILL,177750,60050,SouthWest,SOUTH WEST - DEVON AND CORNWALL,WEST DEVON AND CORNWALL,OPEN,GROUNDWATER - BOREHOLE,2024-02-07 09:22:00,ENVIRONMENTAL MONITORING STATUTORY (EU DIRECTIVES),GROUNDWATER - PURGED/PUMPED/REFILLED,0076,Temperature of Water,10.9,CELSIUS,2024-02-07
https://environment.data.gov.uk/water-quality/sampling-point/SW-8049GW04/sample/3506641/observation/0076,SW-8049GW04,UNIT 9 COOKSLAND INDUSTRIAL ESTATE,208310,67310,SouthWest,SOUTH WEST - DEVON AND CORNWALL,WEST DEVON AND CORNWALL,OPEN,GROUNDWATER - BOREHOLE,2024-02-15 12:01:00,ENVIRONMENTAL MONITORING STATUTORY (EU DIRECTIVES),GROUNDWATER - PURGED/PUMPED/REFILLED,0076,Temperature of Water,12.2,CELSIUS,2024-02-15
https://environment.data.gov.uk/water-quality/sampling-point/SW-81010221/sample/3506097/observation/0076,SW-81010221,NEWTON STREAM AT BRIDGEND (U/S TRIBS),255576,48196,SouthWest,SOUTH WEST - DEVON AND CORNWALL,CENTRAL DEVON AND CORNWALL,OPEN,FRESHWATER - RIVERS,2024-02-08 11:09:00,MONITORING  (UK GOVT POLICY - NOT GQA OR RE),RIVER / RUNNING SURFACE WATER,0076,Temperature of Water,10.6,CELSIUS,2024-02-08
https://environment.data.gov.uk/water-quality/sampling-point/SW-81010221/sample/3506556/observation/0076,SW-81010221,NEWTON STREAM AT BRIDGEND (U/S TRIBS),255576,48196,SouthWest,SOUTH WEST - DEVON AND CORNWALL,CENTRAL DEVON AND CORNWALL,OPEN,FRESHWATER - RIVERS,2024-02-14 10:59:00,MONITORING  (UK GOVT POLICY - NOT GQA OR RE),RIVER / RUNNING SURFACE WATER,0076,Temperature of Water,11.1,CELSIUS,2024-02-14
https://environment.data.gov.uk/water-quality/sampling-point/SW-81010221/sample/3506820/observation/0076,SW-81010221,NEWTON STREAM AT BRIDGEND (U/S TRIBS),255576,48196,SouthWest,SOUTH WEST - DEVON AND CORNWALL,CENTRAL DEVON AND CORNWALL,OPEN,FRESHWATER - RIVERS,2024-02-20 11:43:00,MONITORING  (UK GOVT POLICY - NOT GQA OR RE),RIVER / RUNNING SURFACE WATER,0076,Temperature of Water,11.1,CELSIUS,2024-02-20
https://environment.data.gov.uk/water-quality/sampling-point/SW-81010221/sample/3507468/observation/0076,SW-81010221,NEWTON STREAM AT BRIDGEND (U/S TRIBS),255576,48196,SouthWest,SOUTH WEST - DEVON AND CORNWALL,CENTRAL DEVON AND CORNWALL,OPEN,FRESHWATER - RIVERS,2024-02-26 10:40:00,MONITORING  (UK GOVT POLICY - NOT GQA OR RE),RIVER / RUNNING SURFACE WATER,0076,Temperature of Water,9.2,CELSIUS,2024-02-26
https://environment.data.gov.uk/water-quality/sampling-point/SW-81010238/sample/3508005/observation/0076,SW-81010238,NEWTON STREAM ABOVE NEWTON FERRERS STW,256716,48416,SouthWest,SOUTH WEST - DEVON AND CORNWALL,CENTRAL DEVON AND CORNWALL,OPEN,FRESHWATER - RIVERS,2024-02-28 13:42:00,MONITORING  (NATIONAL AGENCY POLICY),RIVER / RUNNING SURFACE WATER,0076,Temperature of Water,11,CELSIUS,2024-02-28
https://environment.data.gov.uk/water-quality/sampling-point/SW-81020105/sample/3506098/observation/0076,SW-81020105,R YEALM AT PUSLINCH GAUGING STATION,257400,51120,SouthWest,SOUTH WEST - DEVON AND CORNWALL,CENTRAL DEVON AND CORNWALL,OPEN,FRESHWATER - RIVERS,2024-02-08 11:31:00,MONITORING  (UK GOVT POLICY - NOT GQA OR RE),RIVER / RUNNING SURFACE WATER,0076,Temperature of Water,9.9,CELSIUS,2024-02-08
https://environment.data.gov.uk/water-quality/sampling-point/SW-81020105/sample/3506557/observation/0076,SW-81020105,R YEALM AT PUSLINCH GAUGING STATION,257400,51120,SouthWest,SOUTH WEST - DEVON AND CORNWALL,CENTRAL DEVON AND CORNWALL,OPEN,FRESHWATER - RIVERS,2024-02-14 11:21:00,MONITORING  (UK GOVT POLICY - NOT GQA OR RE),RIVER / RUNNING SURFACE WATER,0076,Temperature of Water,10.6,CELSIUS,2024-02-14
https://environment.data.gov.uk/water-quality/sampling-point/SW-81020105/sample/3506821/observation/0076,SW-81020105,R YEALM AT PUSLINCH GAUGING STATION,257400,51120,SouthWest,SOUTH WEST - DEVON AND CORNWALL,CENTRAL DEVON AND CORNWALL,OPEN,FRESHWATER - RIVERS,2024-02-20 12:00:00,MONITORING  (UK GOVT POLICY - NOT GQA OR RE),RIVER / RUNNING SURFACE WATER,0076,Temperature of Water,10.5,CELSIUS,2024-02-20
https://environment.data.gov.uk/water-quality/sampling-point/SW-81020105/sample/3507469/observation/0076,SW-81020105,R YEALM AT PUSLINCH GAUGING STATION,257400,51120,SouthWest,SOUTH WEST - DEVON AND CORNWALL,CENTRAL DEVON AND CORNWALL,OPEN,FRESHWATER - RIVERS,2024-02-26 11:00:00,MONITORING  (UK GOVT POLICY - NOT GQA OR RE),RIVER / RUNNING SURFACE WATER,0076,Temperature of Water,8,CELSIUS,2024-02-26
https://environment.data.gov.uk/water-quality/sampling-point/SW-81020165/sample/3506099/observation/0076,SW-81020165,RIVER YEALM AT FARDEL MILL FARM BRIDGE,260248,57192,SouthWest,SOUTH WEST - DEVON AND CORNWALL,CENTRAL DEVON AND CORNWALL,OPEN,FRESHWATER - RIVERS,2024-02-08 12:07:00,MONITORING  (UK GOVT POLICY - NOT GQA OR RE),RIVER / RUNNING SURFACE WATER,0076,Temperature of Water,9.6,CELSIUS,2024-02-08
https://environment.data.gov.uk/water-quality/sampling-point/SW-81020165/sample/3506558/observation/0076,SW-81020165,RIVER YEALM AT FARDEL MILL FARM BRIDGE,260248,57192,SouthWest,SOUTH WEST - DEVON AND CORNWALL,CENTRAL DEVON AND CORNWALL,OPEN,FRESHWATER - RIVERS,2024-02-14 12:05:00,MONITORING  (UK GOVT POLICY - NOT GQA OR RE),RIVER / RUNNING SURFACE WATER,0076,Temperature of Water,10.4,CELSIUS,2024-02-14
https://environment.data.gov.uk/water-quality/sampling-point/SW-81020165/sample/3506822/observation/0076,SW-81020165,RIVER YEALM AT FARDEL MILL FARM BRIDGE,260248,57192,SouthWest,SOUTH WEST - DEVON AND CORNWALL,CENTRAL DEVON AND CORNWALL,OPEN,FRESHWATER - RIVERS,2024-02-20 12:30:00,MONITORING  (UK GOVT POLICY - NOT GQA OR RE),RIVER / RUNNING SURFACE WATER,0076,Temperature of Water,10.2,CELSIUS,2024-02-20
https://environment.data.gov.uk/water-quality/sampling-point/SW-81020165/sample/3507470/observation/0076,SW-81020165,RIVER YEALM AT FARDEL MILL FARM BRIDGE,260248,57192,SouthWest,SOUTH WEST - DEVON AND CORNWALL,CENTRAL DEVON AND CORNWALL,OPEN,FRESHWATER - RIVERS,2024-02-26 11:37:00,MONITORING  (UK GOVT POLICY - NOT GQA OR RE),RIVER / RUNNING SURFACE WATER,0076,Temperature of Water,7.8,CELSIUS,2024-02-26
https://environment.data.gov.uk/water-quality/sampling-point/SW-81020186/sample/3505283/observation/0076,SW-81020186,RIVER YEALM AT HELE CROSS,261454,60887,SouthWest,SOUTH WEST - DEVON AND CORNWALL,CENTRAL DEVON AND CORNWALL,OPEN,FRESHWATER - RIVERS,2024-02-01 10:17:00,MONITORING  (UK GOVT POLICY - NOT GQA OR RE),RIVER / RUNNING SURFACE WATER,0076,Temperature of Water,8,CELSIUS,2024-02-01
https://environment.data.gov.uk/water-quality/sampling-point/SW-81020186/sample/3506454/observation/0076,SW-81020186,RIVER YEALM AT HELE CROSS,261454,60887,SouthWest,SOUTH WEST - DEVON AND CORNWALL,CENTRAL DEVON AND CORNWALL,OPEN,FRESHWATER - RIVERS,2024-02-13 15:04:00,MONITORING  (UK GOVT POLICY - NOT GQA OR RE),RIVER / RUNNING SURFACE WATER,0076,Temperature of Water,9.4,CELSIUS,2024-02-13
https://environment.data.gov.uk/water-quality/sampling-point/SW-81020186/sample/3507008/observation/0076,SW-81020186,RIVER YEALM AT HELE CROSS,261454,60887,SouthWest,SOUTH WEST - DEVON AND CORNWALL,CENTRAL DEVON AND CORNWALL,OPEN,FRESHWATER - RIVERS,2024-02-23 11:15:00,MONITORING  (UK GOVT POLICY - NOT GQA OR RE),RIVER / RUNNING SURFACE WATER,0076,Temperature of Water,8.2,CELSIUS,2024-02-23
https://environment.data.gov.uk/water-quality/sampling-point/SW-81020186/sample/3507482/observation/0076,SW-81020186,RIVER YEALM AT HELE CROSS,261454,60887,SouthWest,SOUTH WEST - DEVON AND CORNWALL,CENTRAL DEVON AND CORNWALL,OPEN,FRESHWATER - RIVERS,2024-02-26 12:20:00,MONITORING  (UK GOVT POLICY - NOT GQA OR RE),RIVER / RUNNING SURFACE WATER,0076,Temperature of Water,7.9,CELSIUS,2024-02-26
https://environment.data.gov.uk/water-quality/sampling-point/SW-81020802/sample/3506100/observation/0076,SW-81020802,RIVER PIALL AT MARKS BRIDGE,260142,57148,SouthWest,SOUTH WEST - DEVON AND CORNWALL,CENTRAL DEVON AND CORNWALL,OPEN,FRESHWATER - RIVERS,2024-02-08 12:00:00,MONITORING  (UK GOVT POLICY - NOT GQA OR RE),RIVER / RUNNING SURFACE WATER,0076,Temperature of Water,10.1,CELSIUS,2024-02-08
https://environment.data.gov.uk/water-quality/sampling-point/SW-81020802/sample/3506559/observation/0076,SW-81020802,RIVER PIALL AT MARKS BRIDGE,260142,57148,SouthWest,SOUTH WEST - DEVON AND CORNWALL,CENTRAL DEVON AND CORNWALL,OPEN,FRESHWATER - RIVERS,2024-02-14 12:13:00,MONITORING  (UK GOVT POLICY - NOT GQA OR RE),RIVER / RUNNING SURFACE WATER,0076,Temperature of Water,10.7,CELSIUS,2024-02-14
https://environment.data.gov.uk/water-quality/sampling-point/SW-81020802/sample/3506823/observation/0076,SW-81020802,RIVER PIALL AT MARKS BRIDGE,260142,57148,SouthWest,SOUTH WEST - DEVON AND CORNWALL,CENTRAL DEVON AND CORNWALL,OPEN,FRESHWATER - RIVERS,2024-02-20 12:24:00,MONITORING  (UK GOVT POLICY - NOT GQA OR RE),RIVER / RUNNING SURFACE WATER,0076,Temperature of Water,10.4,CELSIUS,2024-02-20
https://environment.data.gov.uk/water-quality/sampling-point/SW-81020802/sample/3507471/observation/0076,SW-81020802,RIVER PIALL AT MARKS BRIDGE,260142,57148,SouthWest,SOUTH WEST - DEVON AND CORNWALL,CENTRAL DEVON AND CORNWALL,OPEN,FRESHWATER - RIVERS,2024-02-26 11:40:00,MONITORING  (UK GOVT POLICY - NOT GQA OR RE),RIVER / RUNNING SURFACE WATER,0076,Temperature of Water,8.2,CELSIUS,2024-02-26
https://environment.data.gov.uk/water-quality/sampling-point/SW-81020802/sample/3508001/observation/0076,SW-81020802,RIVER PIALL AT MARKS BRIDGE,260142,57148,SouthWest,SOUTH WEST - DEVON AND CORNWALL,CENTRAL DEVON AND CORNWALL,OPEN,FRESHWATER - RIVERS,2024-02-28 12:53:00,MONITORING  (NATIONAL AGENCY POLICY),RIVER / RUNNING SURFACE WATER,0076,Temperature of Water,10.1,CELSIUS,2024-02-28
https://environment.data.gov.uk/water-quality/sampling-point/SW-81020826/sample/3505284/observation/0076,SW-81020826,SLADE BRIDGE     PIALL RIVER,259971,58817,SouthWest,SOUTH WEST - DEVON AND CORNWALL,CENTRAL DEVON AND CORNWALL,OPEN,FRESHWATER - RIVERS,2024-02-01 10:02:00,PLANNED INVESTIGATION (LOCAL MONITORING),RIVER / RUNNING SURFACE WATER,0076,Temperature of Water,8.3,CELSIUS,2024-02-01
https://environment.data.gov.uk/water-quality/sampling-point/SW-81020847/sample/3507510/observation/0076,SW-81020847,RIVER PIALL AT ALMSHOUSE BRIDGE,259746,59563,SouthWest,SOUTH WEST - DEVON AND CORNWALL,CENTRAL DEVON AND CORNWALL,OPEN,FRESHWATER - RIVERS,2024-02-26 12:07:00,MONITORING  (NATIONAL AGENCY POLICY),RIVER / RUNNING SURFACE WATER,0076,Temperature of Water,8.2,CELSIUS,2024-02-26
https://environment.data.gov.uk/water-quality/sampling-point/SW-81120120/sample/3506681/observation/0076,SW-81120120,RIVER PLYM AT PLYM BRIDGE,252366,58732,SouthWest,SOUTH WEST - DEVON AND CORNWALL,CENTRAL DEVON AND CORNWALL,OPEN,FRESHWATER - RIVERS,2024-02-15 10:05:00,MONITORING  (UK GOVT POLICY - NOT GQA OR RE),RIVER / RUNNING SURFACE WATER,0076,Temperature of Water,10.5,CELSIUS,2024-02-15
https://environment.data.gov.uk/water-quality/sampling-point/SW-81120120/sample/3506961/observation/0076,SW-81120120,RIVER PLYM AT PLYM BRIDGE,252366,58732,SouthWest,SOUTH WEST - DEVON AND CORNWALL,CENTRAL DEVON AND CORNWALL,OPEN,FRESHWATER - RIVERS,2024-02-22 11:50:00,MONITORING  (UK GOVT POLICY - NOT GQA OR RE),RIVER / RUNNING SURFACE WATER,0076,Temperature of Water,9.7,CELSIUS,2024-02-22
https://environment.data.gov.uk/water-quality/sampling-point/SW-81120290/sample/3506973/observation/0076,SW-81120290,RIVER PLYM 100 METRES DOWNSTREAM OF CADOVER BRIDGE,255434,64539,SouthWest,SOUTH WEST - DEVON AND CORNWALL,CENTRAL DEVON AND CORNWALL,OPEN,FRESHWATER - RIVERS,2024-02-22 11:14:00,MONITORING  (NATIONAL AGENCY POLICY),RIVER / RUNNING SURFACE WATER,0076,Temperature of Water,8.4,CELSIUS,2024-02-22
https://environment.data.gov.uk/water-quality/sampling-point/SW-81121473/sample/3505854/observation/0076,SW-81121473,RIVER MEAVY AT WEIR ABOVE BURRATOR RESERVOIR,256647,69173,SouthWest,SOUTH WEST - DEVON AND CORNWALL,CENTRAL DEVON AND CORNWALL,OPEN,FRESHWATER - RIVERS,2024-02-05 12:06:00,MONITORING  (UK GOVT POLICY - NOT GQA OR RE),RIVER / RUNNING SURFACE WATER,0076,Temperature of Water,9.1,CELSIUS,2024-02-05
https://environment.data.gov.uk/water-quality/sampling-point/SW-81121473/sample/3506715/observation/0076,SW-81121473,RIVER MEAVY AT WEIR ABOVE BURRATOR RESERVOIR,256647,69173,SouthWest,SOUTH WEST - DEVON AND CORNWALL,CENTRAL DEVON AND CORNWALL,OPEN,FRESHWATER - RIVERS,2024-02-16 11:34:00,MONITORING  (UK GOVT POLICY - NOT GQA OR RE),RIVER / RUNNING SURFACE WATER,0076,Temperature of Water,9.8,CELSIUS,2024-02-16
https://environment.data.gov.uk/water-quality/sampling-point/SW-81121473/sample/3506779/observation/0076,SW-81121473,RIVER MEAVY AT WEIR ABOVE BURRATOR RESERVOIR,256647,69173,SouthWest,SOUTH WEST - DEVON AND CORNWALL,CENTRAL DEVON AND CORNWALL,OPEN,FRESHWATER - RIVERS,2024-02-19 11:43:00,MONITORING  (UK GOVT POLICY - NOT GQA OR RE),RIVER / RUNNING SURFACE WATER,0076,Temperature of Water,10.1,CELSIUS,2024-02-19
https://environment.data.gov.uk/water-quality/sampling-point/SW-81121473/sample/3507983/observation/0076,SW-81121473,RIVER MEAVY AT WEIR ABOVE BURRATOR RESERVOIR,256647,69173,SouthWest,SOUTH WEST - DEVON AND CORNWALL,CENTRAL DEVON AND CORNWALL,OPEN,FRESHWATER - RIVERS,2024-02-27 10:34:00,MONITORING  (UK GOVT POLICY - NOT GQA OR RE),RIVER / RUNNING SURFACE WATER,0076,Temperature of Water,7.8,CELSIUS,2024-02-27
https://environment.data.gov.uk/water-quality/sampling-point/SW-81201106/sample/3506200/observation/0076,SW-81201106,RIVER CLAW AT TETCOTT BRIDGE,232721,96933,SouthWest,SOUTH WEST - DEVON AND CORNWALL,CENTRAL DEVON AND CORNWALL,OPEN,FRESHWATER - RIVERS,2024-02-09 15:07:00,MONITORING  (UK GOVT POLICY - NOT GQA OR RE),RIVER / RUNNING SURFACE WATER,0076,Temperature of Water,10.4,CELSIUS,2024-02-09
https://environment.data.gov.uk/water-quality/sampling-point/SW-81201106/sample/3506455/observation/0076,SW-81201106,RIVER CLAW AT TETCOTT BRIDGE,232721,96933,SouthWest,SOUTH WEST - DEVON AND CORNWALL,CENTRAL DEVON AND CORNWALL,OPEN,FRESHWATER - RIVERS,2024-02-13 12:17:00,MONITORING  (UK GOVT POLICY - NOT GQA OR RE),RIVER / RUNNING SURFACE WATER,0076,Temperature of Water,8.1,CELSIUS,2024-02-13
https://environment.data.gov.uk/water-quality/sampling-point/SW-81201106/sample/3506745/observation/0076,SW-81201106,RIVER CLAW AT TETCOTT BRIDGE,232721,96933,SouthWest,SOUTH WEST - DEVON AND CORNWALL,CENTRAL DEVON AND CORNWALL,OPEN,FRESHWATER - RIVERS,2024-02-19 12:31:00,MONITORING  (UK GOVT POLICY - NOT GQA OR RE),RIVER / RUNNING SURFACE WATER,0076,Temperature of Water,10.7,CELSIUS,2024-02-19
https://environment.data.gov.uk/water-quality/sampling-point/SW-81201106/sample/3507483/observation/0076,SW-81201106,RIVER CLAW AT TETCOTT BRIDGE,232721,96933,SouthWest,SOUTH WEST - DEVON AND CORNWALL,CENTRAL DEVON AND CORNWALL,OPEN,FRESHWATER - RIVERS,2024-02-26 11:18:00,MONITORING  (UK GOVT POLICY - NOT GQA OR RE),RIVER / RUNNING SURFACE WATER,0076,Temperature of Water,6.7,CELSIUS,2024-02-26
https://environment.data.gov.uk/water-quality/sampling-point/SW-81201143/sample/3505363/observation/0076,SW-81201143,RIVER CLAW AT CLAWTON BRIDGE,235330,99320,SouthWest,SOUTH WEST - DEVON AND CORNWALL,CENTRAL DEVON AND CORNWALL,OPEN,FRESHWATER - RIVERS,2024-02-01 13:03:00,PLANNED INVESTIGATION (LOCAL MONITORING),RIVER / RUNNING SURFACE WATER,0076,Temperature of Water,7.9,CELSIUS,2024-02-01
https://environment.data.gov.uk/water-quality/sampling-point/SW-81201402/sample/3505999/observation/0076,SW-81201402,RIVER DEER AT DEER BRIDGE,231956,97377,SouthWest,SOUTH WEST - DEVON AND CORNWALL,CENTRAL DEVON AND CORNWALL,OPEN,FRESHWATER - RIVERS,2024-02-07 11:53:00,PLANNED INVESTIGATION (LOCAL MONITORING),RIVER / RUNNING SURFACE WATER,0076,Temperature of Water,9.5,CELSIUS,2024-02-07
https://environment.data.gov.uk/water-quality/sampling-point/SW-81201470/sample/3505328/observation/0076,SW-81201470,RIVER DEER AT RYDON BRIDGE,233589,104127,SouthWest,SOUTH WEST - DEVON AND CORNWALL,CENTRAL DEVON AND CORNWALL,OPEN,FRESHWATER - RIVERS,2024-02-01 12:37:00,PLANNED INVESTIGATION (LOCAL MONITORING),RIVER / RUNNING SURFACE WATER,0076,Temperature of Water,7.9,CELSIUS,2024-02-01
https://environment.data.gov.uk/water-quality/sampling-point/SW-81210345/sample/3505963/observation/0076,SW-81210345,FIRESTONE BAY,246401,53499,SouthWest,SOUTH WEST - DEVON AND CORNWALL,CENTRAL DEVON AND CORNWALL,OPEN,SALINE WATER - DESIGNATED BATHING BEACHES,2024-02-06 14:50:00,PLANNED INVESTIGATION (LOCAL MONITORING),SEA WATER,0076,Temperature of Water,10.6,CELSIUS,2024-02-06
https://environment.data.gov.uk/water-quality/sampling-point/SW-81210345/sample/3506880/observation/0076,SW-81210345,FIRESTONE BAY,246401,53499,SouthWest,SOUTH WEST - DEVON AND CORNWALL,CENTRAL DEVON AND CORNWALL,OPEN,SALINE WATER - DESIGNATED BATHING BEACHES,2024-02-20 15:49:00,PLANNED INVESTIGATION (LOCAL MONITORING),SEA WATER,0076,Temperature of Water,11.1,CELSIUS,2024-02-20
https://environment.data.gov.uk/water-quality/sampling-point/SW-81210345/sample/3507986/observation/0076,SW-81210345,FIRESTONE BAY,246401,53499,SouthWest,SOUTH WEST - DEVON AND CORNWALL,CENTRAL DEVON AND CORNWALL,OPEN,SALINE WATER - DESIGNATED BATHING BEACHES,2024-02-27 16:24:00,PLANNED INVESTIGATION (LOCAL MONITORING),SEA WATER,0076,Temperature of Water,10.1,CELSIUS,2024-02-27
https://environment.data.gov.uk/water-quality/sampling-point/SW-81211235/sample/3506520/observation/0076,SW-81211235,ST JOHN'S LAKE AT ST JOHN,240896,53714,SouthWest,SOUTH WEST - DEVON AND CORNWALL,CENTRAL DEVON AND CORNWALL,OPEN,FRESHWATER - RIVERS,2024-02-13 13:53:00,PLANNED INVESTIGATION (LOCAL MONITORING),RIVER / RUNNING SURFACE WATER,0076,Temperature of Water,10.9,CELSIUS,2024-02-13
https://environment.data.gov.uk/water-quality/sampling-point/SW-81211236/sample/3506521/observation/0076,SW-81211236,SCONNER LAKE AT SHEVIOCK,236014,55275,SouthWest,SOUTH WEST - DEVON AND CORNWALL,CENTRAL DEVON AND CORNWALL,OPEN,FRESHWATER - RIVERS,2024-02-13 14:12:00,PLANNED INVESTIGATION (LOCAL MONITORING),RIVER / RUNNING SURFACE WATER,0076,Temperature of Water,11.2,CELSIUS,2024-02-13
https://environment.data.gov.uk/water-quality/sampling-point/SW-81211237/sample/3506262/observation/0076,SW-81211237,POLBATHIC LAKE AT POLBATHIC (MOVED 240M U/S 01-07-25),234665,56964,SouthWest,SOUTH WEST - DEVON AND CORNWALL,CENTRAL DEVON AND CORNWALL,OPEN,FRESHWATER - RIVERS,2024-02-09 13:47:00,PLANNED INVESTIGATION (LOCAL MONITORING),RIVER / RUNNING SURFACE WATER,0076,Temperature of Water,11.2,CELSIUS,2024-02-09
https://environment.data.gov.uk/water-quality/sampling-point/SW-81220001/sample/3506631/observation/0076,SW-81220001,LANOYCE NURSERY      ASHTON   CALLINGTON                                   SAMPLED FROM HEAD OF BOREHOLE,239270,67840,SouthWest,SOUTH WEST - DEVON AND CORNWALL,CENTRAL DEVON AND CORNWALL,OPEN,GROUNDWATER - BOREHOLE,2024-02-15 13:55:00,ENVIRONMENTAL MONITORING STATUTORY (EU DIRECTIVES),GROUNDWATER,0076,Temperature of Water,13.2,CELSIUS,2024-02-15
https://environment.data.gov.uk/water-quality/sampling-point/SW-81220015/sample/3506522/observation/0076,SW-81220015,KINGSMILL LAKE AT ZIGGARSON WOOD,241149,62313,SouthWest,SOUTH WEST - DEVON AND CORNWALL,CENTRAL DEVON AND CORNWALL,OPEN,FRESHWATER - RIVERS,2024-02-13 14:42:00,PLANNED INVESTIGATION (LOCAL MONITORING),RIVER / RUNNING SURFACE WATER,0076,Temperature of Water,10.5,CELSIUS,2024-02-13
https://environment.data.gov.uk/water-quality/sampling-point/SW-81221550/sample/3508003/observation/0076,SW-81221550,TAMERTON FOLIOT STREAM AT TAMERTON FOLIOT,246925,60907,SouthWest,SOUTH WEST - DEVON AND CORNWALL,CENTRAL DEVON AND CORNWALL,OPEN,FRESHWATER - RIVERS,2024-02-28 10:42:00,PLANNED INVESTIGATION (LOCAL MONITORING),RIVER / RUNNING SURFACE WATER,0076,Temperature of Water,9.9,CELSIUS,2024-02-28
https://environment.data.gov.uk/water-quality/sampling-point/SW-81223340/sample/3506510/observation/0076,SW-81223340,COTEHELE STREAM AT COTEHELE MILL,241776,68119,SouthWest,SOUTH WEST - DEVON AND CORNWALL,CENTRAL DEVON AND CORNWALL,OPEN,FRESHWATER - RIVERS,2024-02-13 15:08:00,PLANNED INVESTIGATION (LOCAL MONITORING),RIVER / RUNNING SURFACE WATER,0076,Temperature of Water,11,CELSIUS,2024-02-13
https://environment.data.gov.uk/water-quality/sampling-point/SW-81231119/sample/3506567/observation/0076,SW-81231119,RIVER TAVY AT LOPWELL DAM,247500,65038,SouthWest,SOUTH WEST - DEVON AND CORNWALL,CENTRAL DEVON AND CORNWALL,OPEN,FRESHWATER - RIVERS,2024-02-14 12:56:00,ENVIRONMENTAL MONITORING STATUTORY (EU DIRECTIVES),RIVER / RUNNING SURFACE WATER,0076,Temperature of Water,10.6,CELSIUS,2024-02-14
https://environment.data.gov.uk/water-quality/sampling-point/SW-81231133/sample/3506699/observation/0076,SW-81231133,RIVER TAVY AT DENHAM BRIDGE,247699,67856,SouthWest,SOUTH WEST - DEVON AND CORNWALL,CENTRAL DEVON AND CORNWALL,OPEN,FRESHWATER - RIVERS,2024-02-16 10:17:00,MONITORING  (UK GOVT POLICY - NOT GQA OR RE),RIVER / RUNNING SURFACE WATER,0076,Temperature of Water,10.2,CELSIUS,2024-02-16
https://environment.data.gov.uk/water-quality/sampling-point/SW-81231150/sample/3505856/observation/0076,SW-81231150,SHILLAMILL (ABOVE RIVER LUMBURN)     RIVER TAVY,246800,71900,SouthWest,SOUTH WEST - DEVON AND CORNWALL,CENTRAL DEVON AND CORNWALL,OPEN,FRESHWATER - RIVERS,2024-02-05 14:02:00,ENVIRONMENTAL MONITORING STATUTORY (EU DIRECTIVES),RIVER / RUNNING SURFACE WATER,0076,Temperature of Water,9.3,CELSIUS,2024-02-05
https://environment.data.gov.uk/water-quality/sampling-point/SW-81241110/sample/3505285/observation/0076,SW-81241110,RIVER WALKHAM AT GRENOFEN BRIDGE,249007,70972,SouthWest,SOUTH WEST - DEVON AND CORNWALL,CENTRAL DEVON AND CORNWALL,OPEN,FRESHWATER - RIVERS,2024-02-01 10:59:00,MONITORING  (NATIONAL AGENCY POLICY),RIVER / RUNNING SURFACE WATER,0076,Temperature of Water,8.6,CELSIUS,2024-02-01
https://environment.data.gov.uk/water-quality/sampling-point/SW-81241115/sample/3506721/observation/0076,SW-81241115,RIVER WALKHAM BELOW HORRABRIDGE STW,249650,70500,SouthWest,SOUTH WEST - DEVON AND CORNWALL,CENTRAL DEVON AND CORNWALL,OPEN,FRESHWATER - RIVERS,2024-02-16 09:25:00,PLANNED INVESTIGATION (LOCAL MONITORING),RIVER / RUNNING SURFACE WATER,0076,Temperature of Water,10.1,CELSIUS,2024-02-16
https://environment.data.gov.uk/water-quality/sampling-point/SW-81241119/sample/3506722/observation/0076,SW-81241119,RIVER WALKHAM ABOVE HORRABRIDGE STW,249950,70450,SouthWest,SOUTH WEST - DEVON AND CORNWALL,CENTRAL DEVON AND CORNWALL,OPEN,FRESHWATER - RIVERS,2024-02-16 09:36:00,PLANNED INVESTIGATION (LOCAL MONITORING),RIVER / RUNNING SURFACE WATER,0076,Temperature of Water,10.1,CELSIUS,2024-02-16
https://environment.data.gov.uk/water-quality/sampling-point/SW-81241146/sample/3505843/observation/0076,SW-81241146,RIVER WALKHAM AT WARD BRIDGE,254213,72018,SouthWest,SOUTH WEST - DEVON AND CORNWALL,CENTRAL DEVON AND CORNWALL,OPEN,FRESHWATER - RIVERS,2024-02-05 12:26:00,MONITORING  (NATIONAL AGENCY POLICY),RIVER / RUNNING SURFACE WATER,0076,Temperature of Water,9,CELSIUS,2024-02-05
https://environment.data.gov.uk/water-quality/sampling-point/SW-81241146/sample/3506685/observation/0076,SW-81241146,RIVER WALKHAM AT WARD BRIDGE,254213,72018,SouthWest,SOUTH WEST - DEVON AND CORNWALL,CENTRAL DEVON AND CORNWALL,OPEN,FRESHWATER - RIVERS,2024-02-15 11:39:00,MONITORING  (NATIONAL AGENCY POLICY),RIVER / RUNNING SURFACE WATER,0076,Temperature of Water,10.5,CELSIUS,2024-02-15
https://environment.data.gov.uk/water-quality/sampling-point/SW-81250142/sample/3506726/observation/0076,SW-81250142,RIVER TAMAR U/S GUNNISLAKE WEIR,243683,71149,SouthWest,SOUTH WEST - DEVON AND CORNWALL,CENTRAL DEVON AND CORNWALL,OPEN,FRESHWATER - RIVERS,2024-02-16 11:06:00,PLANNED INVESTIGATION (LOCAL MONITORING),RIVER / RUNNING SURFACE WATER,0076,Temperature of Water,10.5,CELSIUS,2024-02-16
https://environment.data.gov.uk/water-quality/sampling-point/SW-81250144/sample/3506962/observation/0076,SW-81250144,RIVER TAMAR AT GUNNISLAKE BRIDGE,243493,72436,SouthWest,SOUTH WEST - DEVON AND CORNWALL,CENTRAL DEVON AND CORNWALL,OPEN,FRESHWATER - RIVERS,2024-02-22 13:25:00,ENVIRONMENTAL MONITORING STATUTORY (EU DIRECTIVES),RIVER / RUNNING SURFACE WATER,0076,Temperature of Water,9.5,CELSIUS,2024-02-22
https://environment.data.gov.uk/water-quality/sampling-point/SW-81250239/sample/3505357/observation/0076,SW-81250239,RIVER TAMAR AT HORSEBRIDGE,240001,74889,SouthWest,SOUTH WEST - DEVON AND CORNWALL,CENTRAL DEVON AND CORNWALL,OPEN,FRESHWATER - RIVERS,2024-02-01 13:06:00,ENVIRONMENTAL MONITORING STATUTORY (EU DIRECTIVES),RIVER / RUNNING SURFACE WATER,0076,Temperature of Water,8.5,CELSIUS,2024-02-01
https://environment.data.gov.uk/water-quality/sampling-point/SW-81250277/sample/3505327/observation/0076,SW-81250277,RIVER TAMAR AT GREYSTONE BRIDGE,236838,80363,SouthWest,SOUTH WEST - DEVON AND CORNWALL,CENTRAL DEVON AND CORNWALL,OPEN,FRESHWATER - RIVERS,2024-02-01 11:36:00,MONITORING  (NATIONAL AGENCY POLICY),RIVER / RUNNING SURFACE WATER,0076,Temperature of Water,8.1,CELSIUS,2024-02-01
https://environment.data.gov.uk/water-quality/sampling-point/SW-81251507/sample/3505365/observation/0076,SW-81251507,RIVER LUCKETT AT LUCKETT BRIDGE,238880,73680,SouthWest,SOUTH WEST - DEVON AND CORNWALL,CENTRAL DEVON AND CORNWALL,OPEN,FRESHWATER - RIVERS,2024-02-01 13:26:00,PLANNED INVESTIGATION (LOCAL MONITORING),RIVER / RUNNING SURFACE WATER,0076,Temperature of Water,9.6,CELSIUS,2024-02-01
https://environment.data.gov.uk/water-quality/sampling-point/SW-81251548/sample/3505366/observation/0076,SW-81251548,RIVER LUCKETT AT OLDMILL,237000,73850,SouthWest,SOUTH WEST - DEVON AND CORNWALL,CENTRAL DEVON AND CORNWALL,OPEN,FRESHWATER - RIVERS,2024-02-01 12:11:00,PLANNED INVESTIGATION (LOCAL MONITORING),RIVER / RUNNING SURFACE WATER,0076,Temperature of Water,9.8,CELSIUS,2024-02-01
https://environment.data.gov.uk/water-quality/sampling-point/SW-81261180/sample/3505481/observation/0076,SW-81261180,RIVER LYD AT A386 ROADBRIDGE LYDFORD,252062,84445,SouthWest,SOUTH WEST - DEVON AND CORNWALL,CENTRAL DEVON AND CORNWALL,OPEN,FRESHWATER - RIVERS,2024-02-02 11:17:00,MONITORING  (UK GOVT POLICY - NOT GQA OR RE),RIVER / RUNNING SURFACE WATER,0076,Temperature of Water,8.8,CELSIUS,2024-02-02
https://environment.data.gov.uk/water-quality/sampling-point/SW-81261180/sample/3506647/observation/0076,SW-81261180,RIVER LYD AT A386 ROADBRIDGE LYDFORD,252062,84445,SouthWest,SOUTH WEST - DEVON AND CORNWALL,CENTRAL DEVON AND CORNWALL,OPEN,FRESHWATER - RIVERS,2024-02-15 11:49:00,MONITORING  (UK GOVT POLICY - NOT GQA OR RE),RIVER / RUNNING SURFACE WATER,0076,Temperature of Water,10.4,CELSIUS,2024-02-15
https://environment.data.gov.uk/water-quality/sampling-point/SW-81261180/sample/3506771/observation/0076,SW-81261180,RIVER LYD AT A386 ROADBRIDGE LYDFORD,252062,84445,SouthWest,SOUTH WEST - DEVON AND CORNWALL,CENTRAL DEVON AND CORNWALL,OPEN,FRESHWATER - RIVERS,2024-02-19 11:03:00,MONITORING  (UK GOVT POLICY - NOT GQA OR RE),RIVER / RUNNING SURFACE WATER,0076,Temperature of Water,9.8,CELSIUS,2024-02-19
https://environment.data.gov.uk/water-quality/sampling-point/SW-81261180/sample/3508006/observation/0076,SW-81261180,RIVER LYD AT A386 ROADBRIDGE LYDFORD,252062,84445,SouthWest,SOUTH WEST - DEVON AND CORNWALL,CENTRAL DEVON AND CORNWALL,OPEN,FRESHWATER - RIVERS,2024-02-28 09:58:00,MONITORING  (UK GOVT POLICY - NOT GQA OR RE),RIVER / RUNNING SURFACE WATER,0076,Temperature of Water,8.4,CELSIUS,2024-02-28
https://environment.data.gov.uk/water-quality/sampling-point/SW-81261458/sample/3506763/observation/0076,SW-81261458,RIVER LEW (TAMAR) ABOVE BRIDESTOWE STW,250134,89207,SouthWest,SOUTH WEST - DEVON AND CORNWALL,CENTRAL DEVON AND CORNWALL,OPEN,FRESHWATER - RIVERS,2024-02-19 10:39:00,MONITORING  (NATIONAL AGENCY POLICY),RIVER / RUNNING SURFACE WATER,0076,Temperature of Water,10,CELSIUS,2024-02-19
https://environment.data.gov.uk/water-quality/sampling-point/SW-81271202/sample/3505452/observation/0076,SW-81271202,RIVER THRUSHEL AT TINHAY BRIDGE,239380,85380,SouthWest,SOUTH WEST - DEVON AND CORNWALL,CENTRAL DEVON AND CORNWALL,OPEN,FRESHWATER - RIVERS,2024-02-02 10:50:00,MONITORING  (NATIONAL AGENCY POLICY),RIVER / RUNNING SURFACE WATER,0076,Temperature of Water,7.8,CELSIUS,2024-02-02
https://environment.data.gov.uk/water-quality/sampling-point/SW-81271225/sample/3505360/observation/0076,SW-81271225,RIVER THRUSHEL AT STOWFORD BRIDGE,242800,87350,SouthWest,SOUTH WEST - DEVON AND CORNWALL,CENTRAL DEVON AND CORNWALL,OPEN,FRESHWATER - RIVERS,2024-02-01 14:11:00,MONITORING  (UK GOVT POLICY - NOT GQA OR RE),RIVER / RUNNING SURFACE WATER,0076,Temperature of Water,7.8,CELSIUS,2024-02-01
https://environment.data.gov.uk/water-quality/sampling-point/SW-81271225/sample/3506402/observation/0076,SW-81271225,RIVER THRUSHEL AT STOWFORD BRIDGE,242800,87350,SouthWest,SOUTH WEST - DEVON AND CORNWALL,CENTRAL DEVON AND CORNWALL,OPEN,FRESHWATER - RIVERS,2024-02-12 09:42:00,MONITORING  (UK GOVT POLICY - NOT GQA OR RE),RIVER / RUNNING SURFACE WATER,0076,Temperature of Water,6.6,CELSIUS,2024-02-12
https://environment.data.gov.uk/water-quality/sampling-point/SW-81271225/sample/3506791/observation/0076,SW-81271225,RIVER THRUSHEL AT STOWFORD BRIDGE,242800,87350,SouthWest,SOUTH WEST - DEVON AND CORNWALL,CENTRAL DEVON AND CORNWALL,OPEN,FRESHWATER - RIVERS,2024-02-19 10:21:00,MONITORING  (UK GOVT POLICY - NOT GQA OR RE),RIVER / RUNNING SURFACE WATER,0076,Temperature of Water,10,CELSIUS,2024-02-19
https://environment.data.gov.uk/water-quality/sampling-point/SW-81271225/sample/3507528/observation/0076,SW-81271225,RIVER THRUSHEL AT STOWFORD BRIDGE,242800,87350,SouthWest,SOUTH WEST - DEVON AND CORNWALL,CENTRAL DEVON AND CORNWALL,OPEN,FRESHWATER - RIVERS,2024-02-26 12:22:00,MONITORING  (UK GOVT POLICY - NOT GQA OR RE),RIVER / RUNNING SURFACE WATER,0076,Temperature of Water,7,CELSIUS,2024-02-26
https://environment.data.gov.uk/water-quality/sampling-point/SW-81271235/sample/3506792/observation/0076,SW-81271235,RIVER THRUSHEL D/S BREAZLE WATER,244649,89099,SouthWest,SOUTH WEST - DEVON AND CORNWALL,CENTRAL DEVON AND CORNWALL,OPEN,FRESHWATER - RIVERS,2024-02-19 10:03:00,MONITORING  (NATIONAL AGENCY POLICY),RIVER / RUNNING SURFACE WATER,0076,Temperature of Water,9.9,CELSIUS,2024-02-19
https://environment.data.gov.uk/water-quality/sampling-point/SW-81271510/sample/3506766/observation/0076,SW-81271510,RIVER WOLF AT REXON BR. BELOW BROADWOODWIDGER STW,241330,88850,SouthWest,SOUTH WEST - DEVON AND CORNWALL,CENTRAL DEVON AND CORNWALL,OPEN,FRESHWATER - RIVERS,2024-02-19 11:17:00,MONITORING  (NATIONAL AGENCY POLICY),RIVER / RUNNING SURFACE WATER,0076,Temperature of Water,9.9,CELSIUS,2024-02-19
https://environment.data.gov.uk/water-quality/sampling-point/SW-81271593/sample/3505466/observation/0076,SW-81271593,RIVER WOLF AT WEEK'S MILL BRIDGE,244610,94230,SouthWest,SOUTH WEST - DEVON AND CORNWALL,CENTRAL DEVON AND CORNWALL,OPEN,FRESHWATER - RIVERS,2024-02-02 11:59:00,MONITORING  (UK GOVT POLICY - NOT GQA OR RE),RIVER / RUNNING SURFACE WATER,0076,Temperature of Water,8.1,CELSIUS,2024-02-02
https://environment.data.gov.uk/water-quality/sampling-point/SW-81271593/sample/3506471/observation/0076,SW-81271593,RIVER WOLF AT WEEK'S MILL BRIDGE,244610,94230,SouthWest,SOUTH WEST - DEVON AND CORNWALL,CENTRAL DEVON AND CORNWALL,OPEN,FRESHWATER - RIVERS,2024-02-13 13:02:00,MONITORING  (UK GOVT POLICY - NOT GQA OR RE),RIVER / RUNNING SURFACE WATER,0076,Temperature of Water,8.6,CELSIUS,2024-02-13
https://environment.data.gov.uk/water-quality/sampling-point/SW-81271593/sample/3506755/observation/0076,SW-81271593,RIVER WOLF AT WEEK'S MILL BRIDGE,244610,94230,SouthWest,SOUTH WEST - DEVON AND CORNWALL,CENTRAL DEVON AND CORNWALL,OPEN,FRESHWATER - RIVERS,2024-02-19 11:39:00,MONITORING  (UK GOVT POLICY - NOT GQA OR RE),RIVER / RUNNING SURFACE WATER,0076,Temperature of Water,10.1,CELSIUS,2024-02-19
https://environment.data.gov.uk/water-quality/sampling-point/SW-81271593/sample/3507487/observation/0076,SW-81271593,RIVER WOLF AT WEEK'S MILL BRIDGE,244610,94230,SouthWest,SOUTH WEST - DEVON AND CORNWALL,CENTRAL DEVON AND CORNWALL,OPEN,FRESHWATER - RIVERS,2024-02-26 10:39:00,MONITORING  (UK GOVT POLICY - NOT GQA OR RE),RIVER / RUNNING SURFACE WATER,0076,Temperature of Water,6.5,CELSIUS,2024-02-26
https://environment.data.gov.uk/water-quality/sampling-point/SW-8127GW01/sample/3506109/observation/0076,SW-8127GW01,"TREGLEATH FARM, WASHAWAY SPRING",203504,69964,SouthWest,SOUTH WEST - DEVON AND CORNWALL,WEST DEVON AND CORNWALL,OPEN,GROUNDWATER - SPRING,2024-02-08 12:05:00,ENVIRONMENTAL MONITORING STATUTORY (EU DIRECTIVES),GROUNDWATER,0076,Temperature of Water,11.6,CELSIUS,2024-02-08
https://environment.data.gov.uk/water-quality/sampling-point/SW-81281105/sample/3506456/observation/0076,SW-81281105,RIVER CAREY AT HEALE BRIDGE,235986,86300,SouthWest,SOUTH WEST - DEVON AND CORNWALL,CENTRAL DEVON AND CORNWALL,OPEN,FRESHWATER - RIVERS,2024-02-13 12:39:00,PLANNED INVESTIGATION (LOCAL MONITORING),RIVER / RUNNING SURFACE WATER,0076,Temperature of Water,8.5,CELSIUS,2024-02-13
https://environment.data.gov.uk/water-quality/sampling-point/SW-81281161/sample/3505345/observation/0076,SW-81281161,RIVER CAREY AT ASHMILL BRIDGE ABOVE ASHWATER STW,239335,95317,SouthWest,SOUTH WEST - DEVON AND CORNWALL,CENTRAL DEVON AND CORNWALL,OPEN,FRESHWATER - RIVERS,2024-02-01 13:48:00,MONITORING  (UK GOVT POLICY - NOT GQA OR RE),RIVER / RUNNING SURFACE WATER,0076,Temperature of Water,7.6,CELSIUS,2024-02-01
https://environment.data.gov.uk/water-quality/sampling-point/SW-81281161/sample/3506364/observation/0076,SW-81281161,RIVER CAREY AT ASHMILL BRIDGE ABOVE ASHWATER STW,239335,95317,SouthWest,SOUTH WEST - DEVON AND CORNWALL,CENTRAL DEVON AND CORNWALL,OPEN,FRESHWATER - RIVERS,2024-02-12 10:00:00,MONITORING  (UK GOVT POLICY - NOT GQA OR RE),RIVER / RUNNING SURFACE WATER,0076,Temperature of Water,6.5,CELSIUS,2024-02-12
https://environment.data.gov.uk/water-quality/sampling-point/SW-81281161/sample/3506739/observation/0076,SW-81281161,RIVER CAREY AT ASHMILL BRIDGE ABOVE ASHWATER STW,239335,95317,SouthWest,SOUTH WEST - DEVON AND CORNWALL,CENTRAL DEVON AND CORNWALL,OPEN,FRESHWATER - RIVERS,2024-02-19 12:07:00,MONITORING  (UK GOVT POLICY - NOT GQA OR RE),RIVER / RUNNING SURFACE WATER,0076,Temperature of Water,10.4,CELSIUS,2024-02-19
https://environment.data.gov.uk/water-quality/sampling-point/SW-81281161/sample/3507479/observation/0076,SW-81281161,RIVER CAREY AT ASHMILL BRIDGE ABOVE ASHWATER STW,239335,95317,SouthWest,SOUTH WEST - DEVON AND CORNWALL,CENTRAL DEVON AND CORNWALL,OPEN,FRESHWATER - RIVERS,2024-02-26 10:58:00,MONITORING  (UK GOVT POLICY - NOT GQA OR RE),RIVER / RUNNING SURFACE WATER,0076,Temperature of Water,6.7,CELSIUS,2024-02-26
https://environment.data.gov.uk/water-quality/sampling-point/SW-81281987/sample/3505504/observation/0076,SW-81281987,HALWILL STREAM BELOW HALWILL (NEW) STW (HOLYWELL),242910,99100,SouthWest,SOUTH WEST - DEVON AND CORNWALL,CENTRAL DEVON AND CORNWALL,OPEN,FRESHWATER - RIVERS,2024-02-02 12:25:00,PLANNED INVESTIGATION (LOCAL MONITORING),RIVER / RUNNING SURFACE WATER,0076,Temperature of Water,8.6,CELSIUS,2024-02-02
https://environment.data.gov.uk/water-quality/sampling-point/SW-81281987/sample/3506689/observation/0076,SW-81281987,HALWILL STREAM BELOW HALWILL (NEW) STW (HOLYWELL),242910,99100,SouthWest,SOUTH WEST - DEVON AND CORNWALL,CENTRAL DEVON AND CORNWALL,OPEN,FRESHWATER - RIVERS,2024-02-15 11:05:00,PLANNED INVESTIGATION (LOCAL MONITORING),RIVER / RUNNING SURFACE WATER,0076,Temperature of Water,10.8,CELSIUS,2024-02-15
https://environment.data.gov.uk/water-quality/sampling-point/SW-81281991/sample/3505503/observation/0076,SW-81281991,HALWILL STREAM ABOVE HALWILL (NEW) STW (HOLYWELL),242960,99120,SouthWest,SOUTH WEST - DEVON AND CORNWALL,CENTRAL DEVON AND CORNWALL,OPEN,FRESHWATER - RIVERS,2024-02-02 12:31:00,PLANNED INVESTIGATION (LOCAL MONITORING),RIVER / RUNNING SURFACE WATER,0076,Temperature of Water,8.6,CELSIUS,2024-02-02
https://environment.data.gov.uk/water-quality/sampling-point/SW-81281991/sample/3506688/observation/0076,SW-81281991,HALWILL STREAM ABOVE HALWILL (NEW) STW (HOLYWELL),242960,99120,SouthWest,SOUTH WEST - DEVON AND CORNWALL,CENTRAL DEVON AND CORNWALL,OPEN,FRESHWATER - RIVERS,2024-02-15 10:51:00,PLANNED INVESTIGATION (LOCAL MONITORING),RIVER / RUNNING SURFACE WATER,0076,Temperature of Water,10.6,CELSIUS,2024-02-15
https://environment.data.gov.uk/water-quality/sampling-point/SW-81290111/sample/3506000/observation/0076,SW-81290111,RIVER TAMAR AT POLSON BRIDGE BELOW ST. LEONARD'S STW,235559,84927,SouthWest,SOUTH WEST - DEVON AND CORNWALL,CENTRAL DEVON AND CORNWALL,OPEN,FRESHWATER - RIVERS,2024-02-07 10:39:00,PLANNED INVESTIGATION (LOCAL MONITORING),RIVER / RUNNING SURFACE WATER,0076,Temperature of Water,10,CELSIUS,2024-02-07
https://environment.data.gov.uk/water-quality/sampling-point/SW-81290128/sample/3506718/observation/0076,SW-81290128,RIVER TAMAR ABOVE ST LEONARDS STW (LAUNCESTON),235084,85021,SouthWest,SOUTH WEST - DEVON AND CORNWALL,CENTRAL DEVON AND CORNWALL,OPEN,FRESHWATER - RIVERS,2024-02-16 10:20:00,PLANNED INVESTIGATION (LOCAL MONITORING),RIVER / RUNNING SURFACE WATER,0076,Temperature of Water,10.1,CELSIUS,2024-02-16
https://environment.data.gov.uk/water-quality/sampling-point/SW-81290191/sample/3506829/observation/0076,SW-81290191,RIVER TAMAR AT BOYTON BRIDGE BELOW BOYTON STW,232825,92257,SouthWest,SOUTH WEST - DEVON AND CORNWALL,CENTRAL DEVON AND CORNWALL,OPEN,FRESHWATER - RIVERS,2024-02-20 12:43:00,MONITORING  (NATIONAL AGENCY POLICY),RIVER / RUNNING SURFACE WATER,0076,Temperature of Water,10.2,CELSIUS,2024-02-20
https://environment.data.gov.uk/water-quality/sampling-point/SW-81291204/sample/3506038/observation/0076,SW-81291204,TALA WATER AT BRIDGETOWN,234180,89130,SouthWest,SOUTH WEST - DEVON AND CORNWALL,CENTRAL DEVON AND CORNWALL,OPEN,FRESHWATER - RIVERS,2024-02-07 10:56:00,PLANNED INVESTIGATION (LOCAL MONITORING),RIVER / RUNNING SURFACE WATER,0076,Temperature of Water,9.6,CELSIUS,2024-02-07
https://environment.data.gov.uk/water-quality/sampling-point/SW-81420208/sample/3506468/observation/0076,SW-81420208,EAST LOOE RIVER AT RAILWAY HALT SANDPLACE,224835,57126,SouthWest,SOUTH WEST - DEVON AND CORNWALL,WEST DEVON AND CORNWALL,OPEN,FRESHWATER - RIVERS,2024-02-13 11:47:00,PLANNED INVESTIGATION (LOCAL MONITORING),RIVER / RUNNING SURFACE WATER,0076,Temperature of Water,10.3,CELSIUS,2024-02-13
https://environment.data.gov.uk/water-quality/sampling-point/SW-81420208/sample/3506599/observation/0076,SW-81420208,EAST LOOE RIVER AT RAILWAY HALT SANDPLACE,224835,57126,SouthWest,SOUTH WEST - DEVON AND CORNWALL,WEST DEVON AND CORNWALL,OPEN,FRESHWATER - RIVERS,2024-02-14 13:37:00,PLANNED INVESTIGATION (LOCAL MONITORING),RIVER / RUNNING SURFACE WATER,0076,Temperature of Water,11.5,CELSIUS,2024-02-14
https://environment.data.gov.uk/water-quality/sampling-point/SW-81420261/sample/3505304/observation/0076,SW-81420261,EAST LOOE RIVER AT TRUSSEL BRIDGE,224545,62050,SouthWest,SOUTH WEST - DEVON AND CORNWALL,WEST DEVON AND CORNWALL,OPEN,FRESHWATER - RIVERS,2024-02-01 15:12:00,PLANNED INVESTIGATION (LOCAL MONITORING),RIVER / RUNNING SURFACE WATER,0076,Temperature of Water,10,CELSIUS,2024-02-01
https://environment.data.gov.uk/water-quality/sampling-point/SW-81420261/sample/3506600/observation/0076,SW-81420261,EAST LOOE RIVER AT TRUSSEL BRIDGE,224545,62050,SouthWest,SOUTH WEST - DEVON AND CORNWALL,WEST DEVON AND CORNWALL,OPEN,FRESHWATER - RIVERS,2024-02-14 13:08:00,PLANNED INVESTIGATION (LOCAL MONITORING),RIVER / RUNNING SURFACE WATER,0076,Temperature of Water,11.6,CELSIUS,2024-02-14
https://environment.data.gov.uk/water-quality/sampling-point/SW-81420288/sample/3505844/observation/0076,SW-81420288,EAST LOOE RIVER AT LOOE MILLS,223262,64652,SouthWest,SOUTH WEST - DEVON AND CORNWALL,WEST DEVON AND CORNWALL,OPEN,FRESHWATER - RIVERS,2024-02-05 11:25:00,PLANNED INVESTIGATION (LOCAL MONITORING),RIVER / RUNNING SURFACE WATER,0076,Temperature of Water,10.3,CELSIUS,2024-02-05
https://environment.data.gov.uk/water-quality/sampling-point/SW-81420292/sample/3505857/observation/0076,SW-81420292,EAST LOOE RIVER AT VENTON VEOR BRIDGE,223248,65775,SouthWest,SOUTH WEST - DEVON AND CORNWALL,WEST DEVON AND CORNWALL,OPEN,FRESHWATER - RIVERS,2024-02-05 11:01:00,PLANNED INVESTIGATION (LOCAL MONITORING),RIVER / RUNNING SURFACE WATER,0076,Temperature of Water,10.4,CELSIUS,2024-02-05
https://environment.data.gov.uk/water-quality/sampling-point/SW-81420292/sample/3506607/observation/0076,SW-81420292,EAST LOOE RIVER AT VENTON VEOR BRIDGE,223248,65775,SouthWest,SOUTH WEST - DEVON AND CORNWALL,WEST DEVON AND CORNWALL,OPEN,FRESHWATER - RIVERS,2024-02-14 11:59:00,PLANNED INVESTIGATION (LOCAL MONITORING),RIVER / RUNNING SURFACE WATER,0076,Temperature of Water,11.8,CELSIUS,2024-02-14
https://environment.data.gov.uk/water-quality/sampling-point/SW-81430304/sample/3506470/observation/0076,SW-81430304,WEST LOOE RIVER AT SOWDEN'S BRIDGE,223029,55576,SouthWest,SOUTH WEST - DEVON AND CORNWALL,WEST DEVON AND CORNWALL,OPEN,FRESHWATER - RIVERS,2024-02-13 11:32:00,MONITORING  (NATIONAL AGENCY POLICY),RIVER / RUNNING SURFACE WATER,0076,Temperature of Water,10.2,CELSIUS,2024-02-13
https://environment.data.gov.uk/water-quality/sampling-point/SW-81430304/sample/3506602/observation/0076,SW-81430304,WEST LOOE RIVER AT SOWDEN'S BRIDGE,223029,55576,SouthWest,SOUTH WEST - DEVON AND CORNWALL,WEST DEVON AND CORNWALL,OPEN,FRESHWATER - RIVERS,2024-02-14 13:56:00,MONITORING  (NATIONAL AGENCY POLICY),RIVER / RUNNING SURFACE WATER,0076,Temperature of Water,11.3,CELSIUS,2024-02-14
https://environment.data.gov.uk/water-quality/sampling-point/SW-81511046/sample/3506009/observation/0076,SW-81511046,PONT PILL AT TRETHAKE MILL,215558,53134,SouthWest,SOUTH WEST - DEVON AND CORNWALL,WEST DEVON AND CORNWALL,OPEN,FRESHWATER - RIVERS,2024-02-07 12:39:00,MONITORING  (UK GOVT POLICY - NOT GQA OR RE),RIVER / RUNNING SURFACE WATER,0076,Temperature of Water,11.2,CELSIUS,2024-02-07
https://environment.data.gov.uk/water-quality/sampling-point/SW-81511046/sample/3506475/observation/0076,SW-81511046,PONT PILL AT TRETHAKE MILL,215558,53134,SouthWest,SOUTH WEST - DEVON AND CORNWALL,WEST DEVON AND CORNWALL,OPEN,FRESHWATER - RIVERS,2024-02-13 10:43:00,MONITORING  (UK GOVT POLICY - NOT GQA OR RE),RIVER / RUNNING SURFACE WATER,0076,Temperature of Water,10.3,CELSIUS,2024-02-13
https://environment.data.gov.uk/water-quality/sampling-point/SW-81511046/sample/3506757/observation/0076,SW-81511046,PONT PILL AT TRETHAKE MILL,215558,53134,SouthWest,SOUTH WEST - DEVON AND CORNWALL,WEST DEVON AND CORNWALL,OPEN,FRESHWATER - RIVERS,2024-02-19 12:05:00,MONITORING  (UK GOVT POLICY - NOT GQA OR RE),RIVER / RUNNING SURFACE WATER,0076,Temperature of Water,11.4,CELSIUS,2024-02-19
https://environment.data.gov.uk/water-quality/sampling-point/SW-81511046/sample/3507515/observation/0076,SW-81511046,PONT PILL AT TRETHAKE MILL,215558,53134,SouthWest,SOUTH WEST - DEVON AND CORNWALL,WEST DEVON AND CORNWALL,OPEN,FRESHWATER - RIVERS,2024-02-26 11:31:00,MONITORING  (UK GOVT POLICY - NOT GQA OR RE),RIVER / RUNNING SURFACE WATER,0076,Temperature of Water,9.3,CELSIUS,2024-02-26
https://environment.data.gov.uk/water-quality/sampling-point/SW-81511737/sample/3506043/observation/0076,SW-81511737,LERRYN RIVER AT LERRYN,214267,57302,SouthWest,SOUTH WEST - DEVON AND CORNWALL,WEST DEVON AND CORNWALL,OPEN,FRESHWATER - RIVERS,2024-02-07 12:20:00,MONITORING  (UK GOVT POLICY - NOT GQA OR RE),RIVER / RUNNING SURFACE WATER,0076,Temperature of Water,10.9,CELSIUS,2024-02-07
https://environment.data.gov.uk/water-quality/sampling-point/SW-81511737/sample/3506499/observation/0076,SW-81511737,LERRYN RIVER AT LERRYN,214267,57302,SouthWest,SOUTH WEST - DEVON AND CORNWALL,WEST DEVON AND CORNWALL,OPEN,FRESHWATER - RIVERS,2024-02-13 10:27:00,MONITORING  (UK GOVT POLICY - NOT GQA OR RE),RIVER / RUNNING SURFACE WATER,0076,Temperature of Water,10.2,CELSIUS,2024-02-13
https://environment.data.gov.uk/water-quality/sampling-point/SW-81511737/sample/3506781/observation/0076,SW-81511737,LERRYN RIVER AT LERRYN,214267,57302,SouthWest,SOUTH WEST - DEVON AND CORNWALL,WEST DEVON AND CORNWALL,OPEN,FRESHWATER - RIVERS,2024-02-19 12:32:00,MONITORING  (UK GOVT POLICY - NOT GQA OR RE),RIVER / RUNNING SURFACE WATER,0076,Temperature of Water,11.6,CELSIUS,2024-02-19
https://environment.data.gov.uk/water-quality/sampling-point/SW-81511737/sample/3507516/observation/0076,SW-81511737,LERRYN RIVER AT LERRYN,214267,57302,SouthWest,SOUTH WEST - DEVON AND CORNWALL,WEST DEVON AND CORNWALL,OPEN,FRESHWATER - RIVERS,2024-02-26 11:55:00,MONITORING  (UK GOVT POLICY - NOT GQA OR RE),RIVER / RUNNING SURFACE WATER,0076,Temperature of Water,9.7,CELSIUS,2024-02-26
https://environment.data.gov.uk/water-quality/sampling-point/SW-81520016/sample/3506404/observation/0076,SW-81520016,WEST NORTHWOOD ST NEOT 2019 BOREHOLE SAMPLED FROM TAP ADJACENT TO HOUSE,220145,69603,SouthWest,SOUTH WEST - DEVON AND CORNWALL,WEST DEVON AND CORNWALL,OPEN,GROUNDWATER - BOREHOLE,2024-02-12 10:25:00,ENVIRONMENTAL MONITORING STATUTORY (EU DIRECTIVES),GROUNDWATER - PURGED/PUMPED/REFILLED,0076,Temperature of Water,9.3,CELSIUS,2024-02-12
https://environment.data.gov.uk/water-quality/sampling-point/SW-81520166/sample/3506127/observation/0076,SW-81520166,RIVER FOWEY AT RESTORMEL,210800,61300,SouthWest,SOUTH WEST - DEVON AND CORNWALL,WEST DEVON AND CORNWALL,OPEN,FRESHWATER - RIVERS,2024-02-08 13:10:00,ENVIRONMENTAL MONITORING STATUTORY (EU DIRECTIVES),RIVER / RUNNING SURFACE WATER,0076,Temperature of Water,10.6,CELSIUS,2024-02-08
https://environment.data.gov.uk/water-quality/sampling-point/SW-81520166/sample/3506603/observation/0076,SW-81520166,RIVER FOWEY AT RESTORMEL,210800,61300,SouthWest,SOUTH WEST - DEVON AND CORNWALL,WEST DEVON AND CORNWALL,OPEN,FRESHWATER - RIVERS,2024-02-14 10:33:00,ENVIRONMENTAL MONITORING STATUTORY (EU DIRECTIVES),RIVER / RUNNING SURFACE WATER,0076,Temperature of Water,10.8,CELSIUS,2024-02-14
https://environment.data.gov.uk/water-quality/sampling-point/SW-81520205/sample/3506604/observation/0076,SW-81520205,RIVER FOWEY AT RESPRYN BRIDGE,209940,63530,SouthWest,SOUTH WEST - DEVON AND CORNWALL,WEST DEVON AND CORNWALL,OPEN,FRESHWATER - RIVERS,2024-02-14 10:04:00,MONITORING  (UK GOVT POLICY - NOT GQA OR RE),RIVER / RUNNING SURFACE WATER,0076,Temperature of Water,10.7,CELSIUS,2024-02-14
https://environment.data.gov.uk/water-quality/sampling-point/SW-81520205/sample/3506975/observation/0076,SW-81520205,RIVER FOWEY AT RESPRYN BRIDGE,209940,63530,SouthWest,SOUTH WEST - DEVON AND CORNWALL,WEST DEVON AND CORNWALL,OPEN,FRESHWATER - RIVERS,2024-02-22 09:38:00,MONITORING  (UK GOVT POLICY - NOT GQA OR RE),RIVER / RUNNING SURFACE WATER,0076,Temperature of Water,10.3,CELSIUS,2024-02-22
https://environment.data.gov.uk/water-quality/sampling-point/SW-81520348/sample/3506372/observation/0076,SW-81520348,RIVER FOWEY AT HALFWAY HOUSE BRIDGE,215968,65246,SouthWest,SOUTH WEST - DEVON AND CORNWALL,WEST DEVON AND CORNWALL,OPEN,FRESHWATER - RIVERS,2024-02-12 09:46:00,MONITORING  (NATIONAL AGENCY POLICY),RIVER / RUNNING SURFACE WATER,0076,Temperature of Water,7.5,CELSIUS,2024-02-12
https://environment.data.gov.uk/water-quality/sampling-point/SW-81520350/sample/3505858/observation/0076,SW-81520350,RIVER FOWEY AT BODITHIEL BRIDGE BELOW TRAGO MILLS STW,217630,64860,SouthWest,SOUTH WEST - DEVON AND CORNWALL,WEST DEVON AND CORNWALL,OPEN,FRESHWATER - RIVERS,2024-02-05 10:41:00,MONITORING  (NATIONAL AGENCY POLICY),RIVER / RUNNING SURFACE WATER,0076,Temperature of Water,9.4,CELSIUS,2024-02-05
https://environment.data.gov.uk/water-quality/sampling-point/SW-81520350/sample/3506608/observation/0076,SW-81520350,RIVER FOWEY AT BODITHIEL BRIDGE BELOW TRAGO MILLS STW,217630,64860,SouthWest,SOUTH WEST - DEVON AND CORNWALL,WEST DEVON AND CORNWALL,OPEN,FRESHWATER - RIVERS,2024-02-14 11:03:00,MONITORING  (NATIONAL AGENCY POLICY),RIVER / RUNNING SURFACE WATER,0076,Temperature of Water,10.5,CELSIUS,2024-02-14
https://environment.data.gov.uk/water-quality/sampling-point/SW-81520521/sample/3506605/observation/0076,SW-81520521,RIVER FOWEY AT DRAYNES BRIDGE,222834,68890,SouthWest,SOUTH WEST - DEVON AND CORNWALL,WEST DEVON AND CORNWALL,OPEN,FRESHWATER - RIVERS,2024-02-14 11:26:00,MONITORING  (NATIONAL AGENCY POLICY),RIVER / RUNNING SURFACE WATER,0076,Temperature of Water,10.1,CELSIUS,2024-02-14
https://environment.data.gov.uk/water-quality/sampling-point/SW-81520521/sample/3506782/observation/0076,SW-81520521,RIVER FOWEY AT DRAYNES BRIDGE,222834,68890,SouthWest,SOUTH WEST - DEVON AND CORNWALL,WEST DEVON AND CORNWALL,OPEN,FRESHWATER - RIVERS,2024-02-19 14:03:00,MONITORING  (NATIONAL AGENCY POLICY),RIVER / RUNNING SURFACE WATER,0076,Temperature of Water,10.4,CELSIUS,2024-02-19
https://environment.data.gov.uk/water-quality/sampling-point/SW-81520593/sample/3506128/observation/0076,SW-81520593,RIVER FOWEY AT HARROWBRIDGE,220670,74362,SouthWest,SOUTH WEST - DEVON AND CORNWALL,WEST DEVON AND CORNWALL,OPEN,FRESHWATER - RIVERS,2024-02-08 15:01:00,MONITORING  (UK GOVT POLICY - NOT GQA OR RE),RIVER / RUNNING SURFACE WATER,0076,Temperature of Water,10.2,CELSIUS,2024-02-08
https://environment.data.gov.uk/water-quality/sampling-point/SW-81520593/sample/3506384/observation/0076,SW-81520593,RIVER FOWEY AT HARROWBRIDGE,220670,74362,SouthWest,SOUTH WEST - DEVON AND CORNWALL,WEST DEVON AND CORNWALL,OPEN,FRESHWATER - RIVERS,2024-02-12 11:16:00,MONITORING  (UK GOVT POLICY - NOT GQA OR RE),RIVER / RUNNING SURFACE WATER,0076,Temperature of Water,7.9,CELSIUS,2024-02-12
https://environment.data.gov.uk/water-quality/sampling-point/SW-81520593/sample/3506873/observation/0076,SW-81520593,RIVER FOWEY AT HARROWBRIDGE,220670,74362,SouthWest,SOUTH WEST - DEVON AND CORNWALL,WEST DEVON AND CORNWALL,OPEN,FRESHWATER - RIVERS,2024-02-20 14:13:00,MONITORING  (UK GOVT POLICY - NOT GQA OR RE),RIVER / RUNNING SURFACE WATER,0076,Temperature of Water,10.5,CELSIUS,2024-02-20
https://environment.data.gov.uk/water-quality/sampling-point/SW-81520593/sample/3507517/observation/0076,SW-81520593,RIVER FOWEY AT HARROWBRIDGE,220670,74362,SouthWest,SOUTH WEST - DEVON AND CORNWALL,WEST DEVON AND CORNWALL,OPEN,FRESHWATER - RIVERS,2024-02-26 10:17:00,MONITORING  (UK GOVT POLICY - NOT GQA OR RE),RIVER / RUNNING SURFACE WATER,0076,Temperature of Water,6.9,CELSIUS,2024-02-26
https://environment.data.gov.uk/water-quality/sampling-point/SW-81522004/sample/3505347/observation/0076,SW-81522004,CARDINHAM WATER AT GLYNNMILL,211129,64414,SouthWest,SOUTH WEST - DEVON AND CORNWALL,WEST DEVON AND CORNWALL,OPEN,FRESHWATER - RIVERS,2024-02-01 09:36:00,MONITORING  (UK GOVT POLICY - NOT GQA OR RE),RIVER / RUNNING SURFACE WATER,0076,Temperature of Water,9,CELSIUS,2024-02-01
https://environment.data.gov.uk/water-quality/sampling-point/SW-81522004/sample/3506385/observation/0076,SW-81522004,CARDINHAM WATER AT GLYNNMILL,211129,64414,SouthWest,SOUTH WEST - DEVON AND CORNWALL,WEST DEVON AND CORNWALL,OPEN,FRESHWATER - RIVERS,2024-02-12 09:27:00,MONITORING  (UK GOVT POLICY - NOT GQA OR RE),RIVER / RUNNING SURFACE WATER,0076,Temperature of Water,8.4,CELSIUS,2024-02-12
https://environment.data.gov.uk/water-quality/sampling-point/SW-81522004/sample/3506976/observation/0076,SW-81522004,CARDINHAM WATER AT GLYNNMILL,211129,64414,SouthWest,SOUTH WEST - DEVON AND CORNWALL,WEST DEVON AND CORNWALL,OPEN,FRESHWATER - RIVERS,2024-02-22 09:59:00,MONITORING  (UK GOVT POLICY - NOT GQA OR RE),RIVER / RUNNING SURFACE WATER,0076,Temperature of Water,10.3,CELSIUS,2024-02-22
https://environment.data.gov.uk/water-quality/sampling-point/SW-81522004/sample/3507518/observation/0076,SW-81522004,CARDINHAM WATER AT GLYNNMILL,211129,64414,SouthWest,SOUTH WEST - DEVON AND CORNWALL,WEST DEVON AND CORNWALL,OPEN,FRESHWATER - RIVERS,2024-02-26 12:24:00,MONITORING  (UK GOVT POLICY - NOT GQA OR RE),RIVER / RUNNING SURFACE WATER,0076,Temperature of Water,9.4,CELSIUS,2024-02-26
https://environment.data.gov.uk/water-quality/sampling-point/SW-81522326/sample/3506129/observation/0076,SW-81522326,WARLEGGAN RIVER AT PANTERS BRIDGE,215900,68020,SouthWest,SOUTH WEST - DEVON AND CORNWALL,WEST DEVON AND CORNWALL,OPEN,FRESHWATER - RIVERS,2024-02-08 13:55:00,MONITORING  (NATIONAL AGENCY POLICY),RIVER / RUNNING SURFACE WATER,0076,Temperature of Water,10.4,CELSIUS,2024-02-08
https://environment.data.gov.uk/water-quality/sampling-point/SW-81522725/sample/3506115/observation/0076,SW-81522725,ST NEOT RIVER AT ST NEOT BRIDGE,218446,67861,SouthWest,SOUTH WEST - DEVON AND CORNWALL,WEST DEVON AND CORNWALL,OPEN,FRESHWATER - RIVERS,2024-02-08 14:28:00,MONITORING  (UK GOVT POLICY - NOT GQA OR RE),RIVER / RUNNING SURFACE WATER,0076,Temperature of Water,10.6,CELSIUS,2024-02-08
https://environment.data.gov.uk/water-quality/sampling-point/SW-81522725/sample/3506374/observation/0076,SW-81522725,ST NEOT RIVER AT ST NEOT BRIDGE,218446,67861,SouthWest,SOUTH WEST - DEVON AND CORNWALL,WEST DEVON AND CORNWALL,OPEN,FRESHWATER - RIVERS,2024-02-12 10:01:00,MONITORING  (UK GOVT POLICY - NOT GQA OR RE),RIVER / RUNNING SURFACE WATER,0076,Temperature of Water,8.2,CELSIUS,2024-02-12
https://environment.data.gov.uk/water-quality/sampling-point/SW-81522725/sample/3506770/observation/0076,SW-81522725,ST NEOT RIVER AT ST NEOT BRIDGE,218446,67861,SouthWest,SOUTH WEST - DEVON AND CORNWALL,WEST DEVON AND CORNWALL,OPEN,FRESHWATER - RIVERS,2024-02-19 13:34:00,MONITORING  (UK GOVT POLICY - NOT GQA OR RE),RIVER / RUNNING SURFACE WATER,0076,Temperature of Water,11.1,CELSIUS,2024-02-19
https://environment.data.gov.uk/water-quality/sampling-point/SW-81522725/sample/3507508/observation/0076,SW-81522725,ST NEOT RIVER AT ST NEOT BRIDGE,218446,67861,SouthWest,SOUTH WEST - DEVON AND CORNWALL,WEST DEVON AND CORNWALL,OPEN,FRESHWATER - RIVERS,2024-02-26 10:55:00,MONITORING  (UK GOVT POLICY - NOT GQA OR RE),RIVER / RUNNING SURFACE WATER,0076,Temperature of Water,8.9,CELSIUS,2024-02-26
https://environment.data.gov.uk/water-quality/sampling-point/SW-81523404/sample/3506116/observation/0076,SW-81523404,SIBLYBACK STREAM AT TREKEIVESTEPS BRIDGE,222830,69980,SouthWest,SOUTH WEST - DEVON AND CORNWALL,WEST DEVON AND CORNWALL,OPEN,FRESHWATER - RIVERS,2024-02-08 14:48:00,MONITORING  (UK GOVT POLICY - NOT GQA OR RE),RIVER / RUNNING SURFACE WATER,0076,Temperature of Water,8.6,CELSIUS,2024-02-08
https://environment.data.gov.uk/water-quality/sampling-point/SW-81523404/sample/3506376/observation/0076,SW-81523404,SIBLYBACK STREAM AT TREKEIVESTEPS BRIDGE,222830,69980,SouthWest,SOUTH WEST - DEVON AND CORNWALL,WEST DEVON AND CORNWALL,OPEN,FRESHWATER - RIVERS,2024-02-12 11:06:00,MONITORING  (UK GOVT POLICY - NOT GQA OR RE),RIVER / RUNNING SURFACE WATER,0076,Temperature of Water,8.5,CELSIUS,2024-02-12
https://environment.data.gov.uk/water-quality/sampling-point/SW-81523404/sample/3506772/observation/0076,SW-81523404,SIBLYBACK STREAM AT TREKEIVESTEPS BRIDGE,222830,69980,SouthWest,SOUTH WEST - DEVON AND CORNWALL,WEST DEVON AND CORNWALL,OPEN,FRESHWATER - RIVERS,2024-02-19 14:13:00,MONITORING  (UK GOVT POLICY - NOT GQA OR RE),RIVER / RUNNING SURFACE WATER,0076,Temperature of Water,9.7,CELSIUS,2024-02-19
https://environment.data.gov.uk/water-quality/sampling-point/SW-81523404/sample/3507509/observation/0076,SW-81523404,SIBLYBACK STREAM AT TREKEIVESTEPS BRIDGE,222830,69980,SouthWest,SOUTH WEST - DEVON AND CORNWALL,WEST DEVON AND CORNWALL,OPEN,FRESHWATER - RIVERS,2024-02-26 10:33:00,MONITORING  (UK GOVT POLICY - NOT GQA OR RE),RIVER / RUNNING SURFACE WATER,0076,Temperature of Water,7.9,CELSIUS,2024-02-26
https://environment.data.gov.uk/water-quality/sampling-point/SW-8161GW01/sample/3506016/observation/0076,SW-8161GW01,GUNWEN FARM BOREHOLE A,205100,60600,SouthWest,SOUTH WEST - DEVON AND CORNWALL,WEST DEVON AND CORNWALL,OPEN,GROUNDWATER - BOREHOLE,2024-02-07 11:28:00,ENVIRONMENTAL MONITORING STATUTORY (EU DIRECTIVES),GROUNDWATER - PURGED/PUMPED/REFILLED,0076,Temperature of Water,11.1,CELSIUS,2024-02-07
https://environment.data.gov.uk/water-quality/sampling-point/SW-81810004/sample/3506386/observation/0076,SW-81810004,LOWER COLDVREATH FARM     COLDVREATH    ROCHE   ST AUSTELL                 SAMPLED FROM HEAD OF BOREHOLE,198500,58810,SouthWest,SOUTH WEST - DEVON AND CORNWALL,WEST DEVON AND CORNWALL,OPEN,GROUNDWATER - BOREHOLE,2024-02-12 14:43:00,ENVIRONMENTAL MONITORING STATUTORY (EU DIRECTIVES),GROUNDWATER,0076,Temperature of Water,10.8,CELSIUS,2024-02-12
https://environment.data.gov.uk/water-quality/sampling-point/SW-8181GW01/sample/3507491/observation/0076,SW-8181GW01,"ST AUSTELL BREWERY COMPANY LTD, DEEP WELL",200900,53000,SouthWest,SOUTH WEST - DEVON AND CORNWALL,WEST DEVON AND CORNWALL,OPEN,GROUNDWATER - WELLS & ADITS,2024-02-26 13:55:00,ENVIRONMENTAL MONITORING STATUTORY (EU DIRECTIVES),GROUNDWATER,0076,Temperature of Water,12.5,CELSIUS,2024-02-26
https://environment.data.gov.uk/water-quality/sampling-point/SW-81915129/sample/3506783/observation/0076,SW-81915129,LESTRAINES RIVER AT POLWHEVERAL BRIDGE BELOW CONSTANTINE STW,173705,28447,SouthWest,SOUTH WEST - DEVON AND CORNWALL,WEST DEVON AND CORNWALL,OPEN,FRESHWATER - RIVERS,2024-02-19 09:05:00,MONITORING  (NATIONAL AGENCY POLICY),RIVER / RUNNING SURFACE WATER,0076,Temperature of Water,10.6,CELSIUS,2024-02-19
https://environment.data.gov.uk/water-quality/sampling-point/SW-81915165/sample/3507514/observation/0076,SW-81915165,EATHORNE BRIDGE     LESTRAINES RIVER,174270,31139,SouthWest,SOUTH WEST - DEVON AND CORNWALL,WEST DEVON AND CORNWALL,OPEN,FRESHWATER - RIVERS,2024-02-26 09:04:00,MONITORING  (NATIONAL AGENCY POLICY),RIVER / RUNNING SURFACE WATER,0076,Temperature of Water,7.6,CELSIUS,2024-02-26
https://environment.data.gov.uk/water-quality/sampling-point/SW-81917255/sample/3506511/observation/0076,SW-81917255,POLTESCO RIVER AT TRERISE,171600,17100,SouthWest,SOUTH WEST - DEVON AND CORNWALL,WEST DEVON AND CORNWALL,OPEN,FRESHWATER - RIVERS,2024-02-13 09:06:00,MONITORING  (NATIONAL AGENCY POLICY),RIVER / RUNNING SURFACE WATER,0076,Temperature of Water,8.7,CELSIUS,2024-02-13
https://environment.data.gov.uk/water-quality/sampling-point/SW-81920177/sample/3505955/observation/0076,SW-81920177,RIVER FAL AT TOLVERNE                                                      TOLVERNE,186271,40332,SouthWest,SOUTH WEST - DEVON AND CORNWALL,ECMAS SAMPLING (DEVON AND CORNWALL),OPEN,SALINE WATER - DESIGNATED SHELLFISHERIES,2024-02-06 12:51:00,ENVIRONMENTAL MONITORING STATUTORY (EU DIRECTIVES),ESTUARINE WATER,0076,Temperature of Water,10.6,CELSIUS,2024-02-06
https://environment.data.gov.uk/water-quality/sampling-point/SW-81930120/sample/3505957/observation/0076,SW-81930120,RIVER FAL AT TREGONY GAUGING STATION,192102,44752,SouthWest,SOUTH WEST - DEVON AND CORNWALL,WEST DEVON AND CORNWALL,OPEN,FRESHWATER - RIVERS,2024-02-06 09:43:00,MONITORING  (NATIONAL AGENCY POLICY),RIVER / RUNNING SURFACE WATER,0076,Temperature of Water,10.6,CELSIUS,2024-02-06
https://environment.data.gov.uk/water-quality/sampling-point/SW-81930120/sample/3506135/observation/0076,SW-81930120,RIVER FAL AT TREGONY GAUGING STATION,192102,44752,SouthWest,SOUTH WEST - DEVON AND CORNWALL,WEST DEVON AND CORNWALL,OPEN,FRESHWATER - RIVERS,2024-02-08 10:53:00,MONITORING  (UK GOVT POLICY - NOT GQA OR RE),RIVER / RUNNING SURFACE WATER,0076,Temperature of Water,10.7,CELSIUS,2024-02-08
https://environment.data.gov.uk/water-quality/sampling-point/SW-81930144/sample/3505899/observation/0076,SW-81930144,RIVER FAL AT GRAMPOUND BRIDGE,193285,48382,SouthWest,SOUTH WEST - DEVON AND CORNWALL,WEST DEVON AND CORNWALL,OPEN,FRESHWATER - RIVERS,2024-02-06 10:13:00,MONITORING  (NATIONAL AGENCY POLICY),RIVER / RUNNING SURFACE WATER,0076,Temperature of Water,10.5,CELSIUS,2024-02-06
https://environment.data.gov.uk/water-quality/sampling-point/SW-81930903/sample/3505272/observation/0076,SW-81930903,GWINDRA STREAM AT TREWAY BRIDGE BELOW ST STEPHENS COOMBE STW,193800,50650,SouthWest,SOUTH WEST - DEVON AND CORNWALL,WEST DEVON AND CORNWALL,OPEN,FRESHWATER - RIVERS,2024-02-01 11:32:00,PLANNED INVESTIGATION (LOCAL MONITORING),RIVER / RUNNING SURFACE WATER,0076,Temperature of Water,9.6,CELSIUS,2024-02-01
https://environment.data.gov.uk/water-quality/sampling-point/SW-81930903/sample/3505900/observation/0076,SW-81930903,GWINDRA STREAM AT TREWAY BRIDGE BELOW ST STEPHENS COOMBE STW,193800,50650,SouthWest,SOUTH WEST - DEVON AND CORNWALL,WEST DEVON AND CORNWALL,OPEN,FRESHWATER - RIVERS,2024-02-06 10:42:00,MONITORING  (NATIONAL AGENCY POLICY),RIVER / RUNNING SURFACE WATER,0076,Temperature of Water,10.8,CELSIUS,2024-02-06
https://environment.data.gov.uk/water-quality/sampling-point/SW-81930914/sample/3506126/observation/0076,SW-81930914,GWINDRA STREAM ABOVE ST STEPHENS COOMBE STW (N. FAL  BUCKETS),194200,50940,SouthWest,SOUTH WEST - DEVON AND CORNWALL,WEST DEVON AND CORNWALL,OPEN,FRESHWATER - RIVERS,2024-02-08 12:13:00,PLANNED INVESTIGATION (LOCAL MONITORING),RIVER / RUNNING SURFACE WATER,0076,Temperature of Water,11,CELSIUS,2024-02-08
https://environment.data.gov.uk/water-quality/sampling-point/SW-81931005/sample/3505901/observation/0076,SW-81931005,COOMBE STREAM AT COOMBE,195196,51648,SouthWest,SOUTH WEST - DEVON AND CORNWALL,WEST DEVON AND CORNWALL,OPEN,FRESHWATER - RIVERS,2024-02-06 11:03:00,MONITORING  (NATIONAL AGENCY POLICY),RIVER / RUNNING SURFACE WATER,0076,Temperature of Water,11.1,CELSIUS,2024-02-06
https://environment.data.gov.uk/water-quality/sampling-point/SW-81931009/sample/3505943/observation/0076,SW-81931009,COOMBE STREAM U/S COOMBE ADIT,196027,51617,SouthWest,SOUTH WEST - DEVON AND CORNWALL,WEST DEVON AND CORNWALL,OPEN,FRESHWATER - RIVERS,2024-02-06 13:22:00,MONITORING  (NATIONAL AGENCY POLICY),RIVER / RUNNING SURFACE WATER,0076,Temperature of Water,11,CELSIUS,2024-02-06
https://environment.data.gov.uk/water-quality/sampling-point/SW-81931010/sample/3505944/observation/0076,SW-81931010,COOMBE ADIT,196015,51620,SouthWest,SOUTH WEST - DEVON AND CORNWALL,WEST DEVON AND CORNWALL,OPEN,FRESHWATER - RIVERS,2024-02-06 13:00:00,MONITORING  (NATIONAL AGENCY POLICY),MINEWATER,0076,Temperature of Water,11.8,CELSIUS,2024-02-06
https://environment.data.gov.uk/water-quality/sampling-point/SW-81931015/sample/3505958/observation/0076,SW-81931015,COOMBE ADIT AT SHAFT UPSTREAM SURFACE RUN-OFF,195995,51510,SouthWest,SOUTH WEST - DEVON AND CORNWALL,WEST DEVON AND CORNWALL,OPEN,MINEWATER,2024-02-06 12:20:00,MONITORING  (NATIONAL AGENCY POLICY),MINEWATER (FLOWING/PUMPED),0076,Temperature of Water,12,CELSIUS,2024-02-06
https://environment.data.gov.uk/water-quality/sampling-point/SW-81931020/sample/3505964/observation/0076,SW-81931020,COOMBE MINEWATER PILOT TREATMENT PLANT FINAL EFFLUENT,195990,51609,SouthWest,SOUTH WEST - DEVON AND CORNWALL,WEST DEVON AND CORNWALL,OPEN,TRADE DISCHARGES - PROCESS EFFLUENT - NOT WATER COMPANY,2024-02-06 12:40:00,MONITORING  (NATIONAL AGENCY POLICY),ANY TRADE EFFLUENT,0076,Temperature of Water,11.8,CELSIUS,2024-02-06
https://environment.data.gov.uk/water-quality/sampling-point/SW-81940113/sample/3505907/observation/0076,SW-81940113,TRESSILLIAN SHELLFISH WATER SITE,185500,43300,SouthWest,SOUTH WEST - DEVON AND CORNWALL,ECMAS SAMPLING (DEVON AND CORNWALL),OPEN,SALINE WATER - DESIGNATED SHELLFISHERIES,2024-02-06 13:27:00,ENVIRONMENTAL MONITORING STATUTORY (EU DIRECTIVES),ESTUARINE WATER,0076,Temperature of Water,10.7,CELSIUS,2024-02-06
https://environment.data.gov.uk/water-quality/sampling-point/SW-81940411/sample/3505446/observation/0076,SW-81940411,CALENICK STREAM AT CALENICK BRIDGE,182124,43124,SouthWest,SOUTH WEST - DEVON AND CORNWALL,WEST DEVON AND CORNWALL,OPEN,FRESHWATER - RIVERS,2024-02-02 09:56:00,MONITORING  (UK GOVT POLICY - NOT GQA OR RE),RIVER / RUNNING SURFACE WATER,0076,Temperature of Water,10.5,CELSIUS,2024-02-02
https://environment.data.gov.uk/water-quality/sampling-point/SW-81940411/sample/3506740/observation/0076,SW-81940411,CALENICK STREAM AT CALENICK BRIDGE,182124,43124,SouthWest,SOUTH WEST - DEVON AND CORNWALL,WEST DEVON AND CORNWALL,OPEN,FRESHWATER - RIVERS,2024-02-19 09:41:00,MONITORING  (UK GOVT POLICY - NOT GQA OR RE),RIVER / RUNNING SURFACE WATER,0076,Temperature of Water,11,CELSIUS,2024-02-19
https://environment.data.gov.uk/water-quality/sampling-point/SW-81940411/sample/3507480/observation/0076,SW-81940411,CALENICK STREAM AT CALENICK BRIDGE,182124,43124,SouthWest,SOUTH WEST - DEVON AND CORNWALL,WEST DEVON AND CORNWALL,OPEN,FRESHWATER - RIVERS,2024-02-26 09:36:00,MONITORING  (UK GOVT POLICY - NOT GQA OR RE),RIVER / RUNNING SURFACE WATER,0076,Temperature of Water,8.5,CELSIUS,2024-02-26
https://environment.data.gov.uk/water-quality/sampling-point/SW-81940830/sample/3505497/observation/0076,SW-81940830,RIVER ALLEN (FAL) AT IDLESS BRIDGE,182180,47010,SouthWest,SOUTH WEST - DEVON AND CORNWALL,WEST DEVON AND CORNWALL,OPEN,FRESHWATER - RIVERS,2024-02-02 09:30:00,MONITORING  (UK GOVT POLICY - NOT GQA OR RE),RIVER / RUNNING SURFACE WATER,0076,Temperature of Water,10.1,CELSIUS,2024-02-02
https://environment.data.gov.uk/water-quality/sampling-point/SW-81940830/sample/3506585/observation/0076,SW-81940830,RIVER ALLEN (FAL) AT IDLESS BRIDGE,182180,47010,SouthWest,SOUTH WEST - DEVON AND CORNWALL,WEST DEVON AND CORNWALL,OPEN,FRESHWATER - RIVERS,2024-02-14 09:29:00,MONITORING  (UK GOVT POLICY - NOT GQA OR RE),RIVER / RUNNING SURFACE WATER,0076,Temperature of Water,11.3,CELSIUS,2024-02-14
https://environment.data.gov.uk/water-quality/sampling-point/SW-81940830/sample/3506933/observation/0076,SW-81940830,RIVER ALLEN (FAL) AT IDLESS BRIDGE,182180,47010,SouthWest,SOUTH WEST - DEVON AND CORNWALL,WEST DEVON AND CORNWALL,OPEN,FRESHWATER - RIVERS,2024-02-21 10:28:00,MONITORING  (UK GOVT POLICY - NOT GQA OR RE),RIVER / RUNNING SURFACE WATER,0076,Temperature of Water,10.5,CELSIUS,2024-02-21
https://environment.data.gov.uk/water-quality/sampling-point/SW-81940830/sample/3507530/observation/0076,SW-81940830,RIVER ALLEN (FAL) AT IDLESS BRIDGE,182180,47010,SouthWest,SOUTH WEST - DEVON AND CORNWALL,WEST DEVON AND CORNWALL,OPEN,FRESHWATER - RIVERS,2024-02-26 13:58:00,MONITORING  (UK GOVT POLICY - NOT GQA OR RE),RIVER / RUNNING SURFACE WATER,0076,Temperature of Water,9.6,CELSIUS,2024-02-26
https://environment.data.gov.uk/water-quality/sampling-point/SW-81942260/sample/3505502/observation/0076,SW-81942260,HOSPITAL BRIDGE     RIVER KENWYN,179600,46200,SouthWest,SOUTH WEST - DEVON AND CORNWALL,WEST DEVON AND CORNWALL,OPEN,FRESHWATER - RIVERS,2024-02-02 09:11:00,MONITORING  (UK GOVT POLICY - NOT GQA OR RE),RIVER / RUNNING SURFACE WATER,0076,Temperature of Water,10.1,CELSIUS,2024-02-02
https://environment.data.gov.uk/water-quality/sampling-point/SW-81942260/sample/3506592/observation/0076,SW-81942260,HOSPITAL BRIDGE     RIVER KENWYN,179600,46200,SouthWest,SOUTH WEST - DEVON AND CORNWALL,WEST DEVON AND CORNWALL,OPEN,FRESHWATER - RIVERS,2024-02-14 09:13:00,MONITORING  (UK GOVT POLICY - NOT GQA OR RE),RIVER / RUNNING SURFACE WATER,0076,Temperature of Water,11.4,CELSIUS,2024-02-14
https://environment.data.gov.uk/water-quality/sampling-point/SW-81942260/sample/3506934/observation/0076,SW-81942260,HOSPITAL BRIDGE     RIVER KENWYN,179600,46200,SouthWest,SOUTH WEST - DEVON AND CORNWALL,WEST DEVON AND CORNWALL,OPEN,FRESHWATER - RIVERS,2024-02-21 10:56:00,MONITORING  (UK GOVT POLICY - NOT GQA OR RE),RIVER / RUNNING SURFACE WATER,0076,Temperature of Water,11.2,CELSIUS,2024-02-21
https://environment.data.gov.uk/water-quality/sampling-point/SW-81942260/sample/3507533/observation/0076,SW-81942260,HOSPITAL BRIDGE     RIVER KENWYN,179600,46200,SouthWest,SOUTH WEST - DEVON AND CORNWALL,WEST DEVON AND CORNWALL,OPEN,FRESHWATER - RIVERS,2024-02-26 13:42:00,MONITORING  (UK GOVT POLICY - NOT GQA OR RE),RIVER / RUNNING SURFACE WATER,0076,Temperature of Water,10.1,CELSIUS,2024-02-26
https://environment.data.gov.uk/water-quality/sampling-point/SW-81950522/sample/3505447/observation/0076,SW-81950522,CARNON RIVER AT DEVORAN BRIDGE BELOW CARNON DOWNS STW,179087,39436,SouthWest,SOUTH WEST - DEVON AND CORNWALL,WEST DEVON AND CORNWALL,OPEN,FRESHWATER - RIVERS,2024-02-02 11:05:00,MONITORING  (UK GOVT POLICY - NOT GQA OR RE),RIVER / RUNNING SURFACE WATER,0076,Temperature of Water,12.4,CELSIUS,2024-02-02
https://environment.data.gov.uk/water-quality/sampling-point/SW-82010111/sample/3506830/observation/0076,SW-82010111,RIVER COBER AT LOE POOL BAR OUTFALL,164250,24280,SouthWest,SOUTH WEST - DEVON AND CORNWALL,WEST DEVON AND CORNWALL,OPEN,FRESHWATER - RIVERS,2024-02-20 10:48:00,ENVIRONMENTAL MONITORING STATUTORY (EU DIRECTIVES),RIVER / RUNNING SURFACE WATER,0076,Temperature of Water,11.4,CELSIUS,2024-02-20
https://environment.data.gov.uk/water-quality/sampling-point/SW-82010130/sample/3506831/observation/0076,SW-82010130,RIVER COBER AT INFLOW TO LOE POOL,165286,26231,SouthWest,SOUTH WEST - DEVON AND CORNWALL,WEST DEVON AND CORNWALL,OPEN,FRESHWATER - RIVERS,2024-02-20 09:40:00,ENVIRONMENTAL MONITORING STATUTORY (EU DIRECTIVES),RIVER / RUNNING SURFACE WATER,0076,Temperature of Water,11,CELSIUS,2024-02-20
https://environment.data.gov.uk/water-quality/sampling-point/SW-82010131/sample/3505870/observation/0076,SW-82010131,CARMINOWE CREEK D/S CULDROSE STW,166227,24294,SouthWest,SOUTH WEST - DEVON AND CORNWALL,WEST DEVON AND CORNWALL,OPEN,FRESHWATER - RIVERS,2024-02-05 09:27:00,PLANNED INVESTIGATION (LOCAL MONITORING),RIVER / RUNNING SURFACE WATER,0076,Temperature of Water,10.4,CELSIUS,2024-02-05
https://environment.data.gov.uk/water-quality/sampling-point/SW-82010156/sample/3505448/observation/0076,SW-82010156,RIVER COBER AT LOWERTOWN BRIDGE,165800,29130,SouthWest,SOUTH WEST - DEVON AND CORNWALL,WEST DEVON AND CORNWALL,OPEN,FRESHWATER - RIVERS,2024-02-02 09:07:00,MONITORING  (UK GOVT POLICY - NOT GQA OR RE),RIVER / RUNNING SURFACE WATER,0076,Temperature of Water,10.1,CELSIUS,2024-02-02
https://environment.data.gov.uk/water-quality/sampling-point/SW-82010156/sample/3506448/observation/0076,SW-82010156,RIVER COBER AT LOWERTOWN BRIDGE,165800,29130,SouthWest,SOUTH WEST - DEVON AND CORNWALL,WEST DEVON AND CORNWALL,OPEN,FRESHWATER - RIVERS,2024-02-13 10:29:00,MONITORING  (UK GOVT POLICY - NOT GQA OR RE),RIVER / RUNNING SURFACE WATER,0076,Temperature of Water,10,CELSIUS,2024-02-13
https://environment.data.gov.uk/water-quality/sampling-point/SW-82010156/sample/3506832/observation/0076,SW-82010156,RIVER COBER AT LOWERTOWN BRIDGE,165800,29130,SouthWest,SOUTH WEST - DEVON AND CORNWALL,WEST DEVON AND CORNWALL,OPEN,FRESHWATER - RIVERS,2024-02-20 09:11:00,MONITORING  (UK GOVT POLICY - NOT GQA OR RE),RIVER / RUNNING SURFACE WATER,0076,Temperature of Water,10.7,CELSIUS,2024-02-20
https://environment.data.gov.uk/water-quality/sampling-point/SW-82010188/sample/3506870/observation/0076,SW-82010188,RIVER COBER AT BURRAS BRIDGE,167832,34895,SouthWest,SOUTH WEST - DEVON AND CORNWALL,WEST DEVON AND CORNWALL,OPEN,FRESHWATER - RIVERS,2024-02-20 11:46:00,MONITORING  (NATIONAL AGENCY POLICY),RIVER / RUNNING SURFACE WATER,0076,Temperature of Water,10.8,CELSIUS,2024-02-20
https://environment.data.gov.uk/water-quality/sampling-point/SW-82010192/sample/3505848/observation/0076,SW-82010192,CARMINOWE CREEK U/S CULDROSE STW,166571,24261,SouthWest,SOUTH WEST - DEVON AND CORNWALL,WEST DEVON AND CORNWALL,OPEN,FRESHWATER - RIVERS,2024-02-05 09:16:00,PLANNED INVESTIGATION (LOCAL MONITORING),RIVER / RUNNING SURFACE WATER,0076,Temperature of Water,10.3,CELSIUS,2024-02-05
https://environment.data.gov.uk/water-quality/sampling-point/SW-82010208/sample/3505805/observation/0076,SW-82010208,CARMINOWE CREEK FEEDER AT INFLOW TO LOE POOL,165494,24470,SouthWest,SOUTH WEST - DEVON AND CORNWALL,WEST DEVON AND CORNWALL,OPEN,FRESHWATER - RIVERS,2024-02-05 09:44:00,ENVIRONMENTAL MONITORING STATUTORY (EU DIRECTIVES),RIVER / RUNNING SURFACE WATER,0076,Temperature of Water,10.4,CELSIUS,2024-02-05
https://environment.data.gov.uk/water-quality/sampling-point/SW-82010347/sample/3505806/observation/0076,SW-82010347,PENROSE FEEDER AT INFLOW TO LOE POOL,164313,25715,SouthWest,SOUTH WEST - DEVON AND CORNWALL,WEST DEVON AND CORNWALL,OPEN,FRESHWATER - RIVERS,2024-02-05 10:14:00,ENVIRONMENTAL MONITORING STATUTORY (EU DIRECTIVES),RIVER / RUNNING SURFACE WATER,0076,Temperature of Water,11,CELSIUS,2024-02-05
https://environment.data.gov.uk/water-quality/sampling-point/SW-82110766/sample/3506984/observation/0076,SW-82110766,MARAZION RIVER AT NANCLEDRA ABOVE NANCLEDRA STW,149588,35951,SouthWest,SOUTH WEST - DEVON AND CORNWALL,WEST DEVON AND CORNWALL,OPEN,FRESHWATER - RIVERS,2024-02-22 12:44:00,MONITORING  (NATIONAL AGENCY POLICY),RIVER / RUNNING SURFACE WATER,0076,Temperature of Water,9.7,CELSIUS,2024-02-22
https://environment.data.gov.uk/water-quality/sampling-point/SW-82112121/sample/3506959/observation/0076,SW-82112121,NEWLYN RIVER AT NEWLYN BRIDGE,146257,29014,SouthWest,SOUTH WEST - DEVON AND CORNWALL,WEST DEVON AND CORNWALL,OPEN,FRESHWATER - RIVERS,2024-02-22 12:21:00,MONITORING  (NATIONAL AGENCY POLICY),RIVER / RUNNING SURFACE WATER,0076,Temperature of Water,9.9,CELSIUS,2024-02-22
https://environment.data.gov.uk/water-quality/sampling-point/SW-82112177/sample/3506970/observation/0076,SW-82112177,NEWLYN RIVER AT SKIMMEL BRIDGE,143375,30174,SouthWest,SOUTH WEST - DEVON AND CORNWALL,WEST DEVON AND CORNWALL,OPEN,FRESHWATER - RIVERS,2024-02-22 12:04:00,MONITORING  (NATIONAL AGENCY POLICY),RIVER / RUNNING SURFACE WATER,0076,Temperature of Water,9.2,CELSIUS,2024-02-22
https://environment.data.gov.uk/water-quality/sampling-point/SW-82112424/sample/3506969/observation/0076,SW-82112424,SANCREED BROOK AT SELLAN BRIDGE,142740,29871,SouthWest,SOUTH WEST - DEVON AND CORNWALL,WEST DEVON AND CORNWALL,OPEN,FRESHWATER - RIVERS,2024-02-22 11:51:00,MONITORING  (NATIONAL AGENCY POLICY),RIVER / RUNNING SURFACE WATER,0076,Temperature of Water,9.7,CELSIUS,2024-02-22
https://environment.data.gov.uk/water-quality/sampling-point/SW-82115057/sample/3505994/observation/0076,SW-82115057,MOUSEHOLE CULVERT OUTFALL,146930,26370,SouthWest,SOUTH WEST - DEVON AND CORNWALL,WEST DEVON AND CORNWALL,OPEN,SEWAGE DISCHARGES - FINAL/TREATED EFFLUENT - WATER COMPANY,2024-02-07 10:40:00,PLANNED INVESTIGATION (LOCAL MONITORING),RIVER / RUNNING SURFACE WATER,0076,Temperature of Water,11.4,CELSIUS,2024-02-07
https://environment.data.gov.uk/water-quality/sampling-point/SW-82115060/sample/3505990/observation/0076,SW-82115060,PAUL STREAM AT TRUNGLE MOOR,146150,27194,SouthWest,SOUTH WEST - DEVON AND CORNWALL,WEST DEVON AND CORNWALL,OPEN,FRESHWATER - RIVERS,2024-02-07 09:46:00,PLANNED INVESTIGATION (LOCAL MONITORING),RIVER / RUNNING SURFACE WATER,0076,Temperature of Water,11,CELSIUS,2024-02-07
https://environment.data.gov.uk/water-quality/sampling-point/SW-82115061/sample/3505991/observation/0076,SW-82115061,PAUL STREAM AT TRUNGLE FARM,146370,27165,SouthWest,SOUTH WEST - DEVON AND CORNWALL,WEST DEVON AND CORNWALL,OPEN,FRESHWATER - RIVERS,2024-02-07 09:55:00,PLANNED INVESTIGATION (LOCAL MONITORING),RIVER / RUNNING SURFACE WATER,0076,Temperature of Water,11.2,CELSIUS,2024-02-07
https://environment.data.gov.uk/water-quality/sampling-point/SW-82115062/sample/3505992/observation/0076,SW-82115062,PAUL STREAM AT PENOLVA BARN,146735,26935,SouthWest,SOUTH WEST - DEVON AND CORNWALL,WEST DEVON AND CORNWALL,OPEN,FRESHWATER - RIVERS,2024-02-07 10:14:00,PLANNED INVESTIGATION (LOCAL MONITORING),RIVER / RUNNING SURFACE WATER,0076,Temperature of Water,11.1,CELSIUS,2024-02-07
https://environment.data.gov.uk/water-quality/sampling-point/SW-82115063/sample/3505993/observation/0076,SW-82115063,PAUL STREAM UPSTREAM TELEPHONE EXCHANGE,146778,26766,SouthWest,SOUTH WEST - DEVON AND CORNWALL,WEST DEVON AND CORNWALL,OPEN,FRESHWATER - RIVERS,2024-02-07 10:26:00,PLANNED INVESTIGATION (LOCAL MONITORING),RIVER / RUNNING SURFACE WATER,0076,Temperature of Water,11.3,CELSIUS,2024-02-07
https://environment.data.gov.uk/water-quality/sampling-point/SW-82115065/sample/3505995/observation/0076,SW-82115065,TUMBLE TYN AT TREEN ORCHARDS,146712,26225,SouthWest,SOUTH WEST - DEVON AND CORNWALL,WEST DEVON AND CORNWALL,OPEN,FRESHWATER - RIVERS,2024-02-07 10:58:00,PLANNED INVESTIGATION (LOCAL MONITORING),RIVER / RUNNING SURFACE WATER,0076,Temperature of Water,11.5,CELSIUS,2024-02-07
https://environment.data.gov.uk/water-quality/sampling-point/SW-82210105/sample/3505807/observation/0076,SW-82210105,PENBERTH STREAM AT PENBERTH BRIDGE,140081,22944,SouthWest,SOUTH WEST - DEVON AND CORNWALL,WEST DEVON AND CORNWALL,OPEN,FRESHWATER - RIVERS,2024-02-05 11:31:00,MONITORING  (NATIONAL AGENCY POLICY),RIVER / RUNNING SURFACE WATER,0076,Temperature of Water,10.5,CELSIUS,2024-02-05
https://environment.data.gov.uk/water-quality/sampling-point/SW-82211815/sample/3505350/observation/0076,SW-82211815,HAYLE ESTUARY - MOUTH,154980,38000,SouthWest,SOUTH WEST - DEVON AND CORNWALL,ECMAS SAMPLING (DEVON AND CORNWALL),OPEN,SALINE WATER - ESTUARINE SITES - NON BATHING/SHELLFISH,2024-02-01 08:48:00,PLANNED INVESTIGATION (LOCAL MONITORING),SEA WATER,0076,Temperature of Water,10.4,CELSIUS,2024-02-01
https://environment.data.gov.uk/water-quality/sampling-point/SW-82211818/sample/3505352/observation/0076,SW-82211818,RIVER HAYLE OFF EAST QUAY,155502,37648,SouthWest,SOUTH WEST - DEVON AND CORNWALL,ECMAS SAMPLING (DEVON AND CORNWALL),OPEN,SALINE WATER - ESTUARINE SITES - NON BATHING/SHELLFISH,2024-02-01 08:55:00,PLANNED INVESTIGATION (LOCAL MONITORING),SEA WATER,0076,Temperature of Water,10.4,CELSIUS,2024-02-01
https://environment.data.gov.uk/water-quality/sampling-point/SW-82211838/sample/3505351/observation/0076,SW-82211838,RIVER HAYLE ESTUARY DOWNSTREAM OF HAYLE S T W,155000,37000,SouthWest,SOUTH WEST - DEVON AND CORNWALL,ECMAS SAMPLING (DEVON AND CORNWALL),OPEN,FRESHWATER - RIVERS,2024-02-01 08:37:00,PLANNED INVESTIGATION (LOCAL MONITORING),SEA WATER,0076,Temperature of Water,10.4,CELSIUS,2024-02-01
https://environment.data.gov.uk/water-quality/sampling-point/SW-82211940/sample/3505492/observation/0076,SW-82211940,ANGARRACK STREAM AT ANGARRACK VIADUCT,158450,38090,SouthWest,SOUTH WEST - DEVON AND CORNWALL,WEST DEVON AND CORNWALL,OPEN,FRESHWATER - RIVERS,2024-02-02 12:23:00,PLANNED INVESTIGATION (LOCAL MONITORING),RIVER / RUNNING SURFACE WATER,0076,Temperature of Water,11.4,CELSIUS,2024-02-02
https://environment.data.gov.uk/water-quality/sampling-point/SW-82220303/sample/3505449/observation/0076,SW-82220303,MILLPOOL STREAM AT MILLPOOL,157140,31445,SouthWest,SOUTH WEST - DEVON AND CORNWALL,WEST DEVON AND CORNWALL,OPEN,FRESHWATER - RIVERS,2024-02-02 09:52:00,PLANNED INVESTIGATION (LOCAL MONITORING),RIVER / RUNNING SURFACE WATER,0076,Temperature of Water,10.9,CELSIUS,2024-02-02
https://environment.data.gov.uk/water-quality/sampling-point/SW-82220433/sample/3506518/observation/0076,SW-82220433,GODOLPHIN STREAM AT GWEDNA,160400,32120,SouthWest,SOUTH WEST - DEVON AND CORNWALL,WEST DEVON AND CORNWALL,OPEN,FRESHWATER - RIVERS,2024-02-13 11:06:00,PLANNED INVESTIGATION (LOCAL MONITORING),RIVER / RUNNING SURFACE WATER,0076,Temperature of Water,11.3,CELSIUS,2024-02-13
https://environment.data.gov.uk/water-quality/sampling-point/SW-82220505/sample/3506497/observation/0076,SW-82220505,NANCEGOLLAN STREAM AT TRENWHEAL,161419,33046,SouthWest,SOUTH WEST - DEVON AND CORNWALL,WEST DEVON AND CORNWALL,OPEN,FRESHWATER - RIVERS,2024-02-13 10:47:00,PLANNED INVESTIGATION (LOCAL MONITORING),RIVER / RUNNING SURFACE WATER,0076,Temperature of Water,10.3,CELSIUS,2024-02-13
https://environment.data.gov.uk/water-quality/sampling-point/SW-82221813/sample/3505808/observation/0076,SW-82221813,RIVER HAYLE AT ST ERTH GAUGING STATION,154874,34201,SouthWest,SOUTH WEST - DEVON AND CORNWALL,WEST DEVON AND CORNWALL,OPEN,FRESHWATER - RIVERS,2024-02-05 12:51:00,MONITORING  (UK GOVT POLICY - NOT GQA OR RE),RIVER / RUNNING SURFACE WATER,0076,Temperature of Water,11.2,CELSIUS,2024-02-05
https://environment.data.gov.uk/water-quality/sampling-point/SW-82221863/sample/3506449/observation/0076,SW-82221863,RIVER HAYLE AT GODOLPHIN BRIDGE,159610,32410,SouthWest,SOUTH WEST - DEVON AND CORNWALL,WEST DEVON AND CORNWALL,OPEN,FRESHWATER - RIVERS,2024-02-13 11:16:00,PLANNED INVESTIGATION (LOCAL MONITORING),RIVER / RUNNING SURFACE WATER,0076,Temperature of Water,11,CELSIUS,2024-02-13
https://environment.data.gov.uk/water-quality/sampling-point/SW-82221901/sample/3505499/observation/0076,SW-82221901,GURLYN STREAM AT FOOTBRIDGE UPSTREAM HAYLE RIVER,156111,32980,SouthWest,SOUTH WEST - DEVON AND CORNWALL,WEST DEVON AND CORNWALL,OPEN,FRESHWATER - RIVERS,2024-02-02 12:32:00,PLANNED INVESTIGATION (LOCAL MONITORING),RIVER / RUNNING SURFACE WATER,0076,Temperature of Water,11.6,CELSIUS,2024-02-02
https://environment.data.gov.uk/water-quality/sampling-point/SW-82229999/sample/3506071/observation/0076,SW-82229999,MISCELLANEOUS HAYLE CATCHMENT,154700,36300,SouthWest,SOUTH WEST - DEVON AND CORNWALL,WEST DEVON AND CORNWALL,OPEN,POLLUTION/INVESTIGATION POINTS - ENVIRONMENT,2024-02-07 14:36:00,UNPLANNED REACTIVE MONITORING (POLLUTION INCIDENTS),RIVER / RUNNING SURFACE WATER,0076,Temperature of Water,11.1,CELSIUS,2024-02-07
https://environment.data.gov.uk/water-quality/sampling-point/SW-82310103/sample/3505274/observation/0076,SW-82310103,RED RIVER AT GWITHIAN TOWANS,158691,42007,SouthWest,SOUTH WEST - DEVON AND CORNWALL,WEST DEVON AND CORNWALL,OPEN,FRESHWATER - RIVERS,2024-02-01 11:04:00,MONITORING  (UK GOVT POLICY - NOT GQA OR RE),RIVER / RUNNING SURFACE WATER,0076,Temperature of Water,12.1,CELSIUS,2024-02-01
https://environment.data.gov.uk/water-quality/sampling-point/SW-82310103/sample/3506450/observation/0076,SW-82310103,RED RIVER AT GWITHIAN TOWANS,158691,42007,SouthWest,SOUTH WEST - DEVON AND CORNWALL,WEST DEVON AND CORNWALL,OPEN,FRESHWATER - RIVERS,2024-02-13 09:11:00,MONITORING  (NATIONAL AGENCY POLICY),RIVER / RUNNING SURFACE WATER,0076,Temperature of Water,10.9,CELSIUS,2024-02-13
https://environment.data.gov.uk/water-quality/sampling-point/SW-82310132/sample/3506472/observation/0076,SW-82310132,RED RIVER AT KIEVE BRIDGE,162958,42290,SouthWest,SOUTH WEST - DEVON AND CORNWALL,WEST DEVON AND CORNWALL,OPEN,FRESHWATER - RIVERS,2024-02-13 09:36:00,MONITORING  (NATIONAL AGENCY POLICY),RIVER / RUNNING SURFACE WATER,0076,Temperature of Water,12.2,CELSIUS,2024-02-13
https://environment.data.gov.uk/water-quality/sampling-point/SW-82310150/sample/3506473/observation/0076,SW-82310150,DOLCOATH ADIT AT DOLCOATH ADIT DISCHARGE,164850,41880,SouthWest,SOUTH WEST - DEVON AND CORNWALL,WEST DEVON AND CORNWALL,OPEN,MINEWATER,2024-02-13 11:00:00,MONITORING  (NATIONAL AGENCY POLICY),RIVER / RUNNING SURFACE WATER,0076,Temperature of Water,17.1,CELSIUS,2024-02-13
https://environment.data.gov.uk/water-quality/sampling-point/SW-82310160/sample/3506451/observation/0076,SW-82310160,RED RIVER AT ROSCROGGAN BRIDGE ABOVE DOLCOATH ADIT,165020,42010,SouthWest,SOUTH WEST - DEVON AND CORNWALL,WEST DEVON AND CORNWALL,OPEN,FRESHWATER - RIVERS,2024-02-13 11:30:00,MONITORING  (NATIONAL AGENCY POLICY),RIVER / RUNNING SURFACE WATER,0076,Temperature of Water,10.7,CELSIUS,2024-02-13
https://environment.data.gov.uk/water-quality/sampling-point/SW-82310176/sample/3506426/observation/0076,SW-82310176,RED RIVER ABOVE SOUTH CROFTY PLANT AND MILL,166108,40918,SouthWest,SOUTH WEST - DEVON AND CORNWALL,WEST DEVON AND CORNWALL,OPEN,FRESHWATER - RIVERS,2024-02-13 12:32:00,MONITORING  (NATIONAL AGENCY POLICY),RIVER / RUNNING SURFACE WATER,0076,Temperature of Water,10.8,CELSIUS,2024-02-13
https://environment.data.gov.uk/water-quality/sampling-point/SW-82310183/sample/3506500/observation/0076,SW-82310183,RED RIVER D/S TRESKILLARD STREAM CONFLUENCE,166692,39678,SouthWest,SOUTH WEST - DEVON AND CORNWALL,WEST DEVON AND CORNWALL,OPEN,FRESHWATER - RIVERS,2024-02-13 13:10:00,MONITORING  (NATIONAL AGENCY POLICY),RIVER / RUNNING SURFACE WATER,0076,Temperature of Water,11,CELSIUS,2024-02-13
https://environment.data.gov.uk/water-quality/sampling-point/SW-82310411/sample/3506848/observation/0076,SW-82310411,ROSEWORTHY STREAM AT NANCEMELLIN,160635,41039,SouthWest,SOUTH WEST - DEVON AND CORNWALL,WEST DEVON AND CORNWALL,OPEN,FRESHWATER - RIVERS,2024-02-20 13:29:00,MONITORING  (NATIONAL AGENCY POLICY),RIVER / RUNNING SURFACE WATER,0076,Temperature of Water,11.6,CELSIUS,2024-02-20
https://environment.data.gov.uk/water-quality/sampling-point/SW-82310570/sample/3506972/observation/0076,SW-82310570,PRAZE RIVER AT PRAZE,164079,35582,SouthWest,SOUTH WEST - DEVON AND CORNWALL,WEST DEVON AND CORNWALL,OPEN,FRESHWATER - RIVERS,2024-02-22 09:06:00,MONITORING  (NATIONAL AGENCY POLICY),RIVER / RUNNING SURFACE WATER,0076,Temperature of Water,9.7,CELSIUS,2024-02-22
https://environment.data.gov.uk/water-quality/sampling-point/SW-82310575/sample/3506509/observation/0076,SW-82310575,PRAZE RIVER AT FOOTPATH APPROX 400M D/S PRAZE AN BEEBLE STW,162965,36134,SouthWest,SOUTH WEST - DEVON AND CORNWALL,WEST DEVON AND CORNWALL,OPEN,FRESHWATER - RIVERS,2024-02-13 11:39:00,PLANNED INVESTIGATION (LOCAL MONITORING),RIVER / RUNNING SURFACE WATER,0076,Temperature of Water,11,CELSIUS,2024-02-13
https://environment.data.gov.uk/water-quality/sampling-point/SW-82311805/sample/3505275/observation/0076,SW-82311805,PERRANPORTH STREAM AT PLEASURE GARDENS  PERRANPORTH,175600,54070,SouthWest,SOUTH WEST - DEVON AND CORNWALL,WEST DEVON AND CORNWALL,OPEN,FRESHWATER - RIVERS,2024-02-01 10:17:00,MONITORING  (NATIONAL AGENCY POLICY),RIVER / RUNNING SURFACE WATER,0076,Temperature of Water,9.6,CELSIUS,2024-02-01
https://environment.data.gov.uk/water-quality/sampling-point/SW-82311912/sample/3506960/observation/0076,SW-82311912,BOLINGEY STREAM AT BOLINGEY,176474,53276,SouthWest,SOUTH WEST - DEVON AND CORNWALL,WEST DEVON AND CORNWALL,OPEN,FRESHWATER - RIVERS,2024-02-22 09:19:00,MONITORING  (NATIONAL AGENCY POLICY),RIVER / RUNNING SURFACE WATER,0076,Temperature of Water,10.3,CELSIUS,2024-02-22
https://environment.data.gov.uk/water-quality/sampling-point/SW-82311932/sample/3506919/observation/0076,SW-82311932,BOLINGEY STREAM U/S GOONHAVERN STREAM UNDER VIADUCT,177274,52757,SouthWest,SOUTH WEST - DEVON AND CORNWALL,WEST DEVON AND CORNWALL,OPEN,FRESHWATER - RIVERS,2024-02-21 10:07:00,MONITORING  (NATIONAL AGENCY POLICY),RIVER / RUNNING SURFACE WATER,0076,Temperature of Water,10.5,CELSIUS,2024-02-21
https://environment.data.gov.uk/water-quality/sampling-point/SW-82311935/sample/3506862/observation/0076,SW-82311935,BOLINGEY STREAM AT VENTONGIMPS,178048,51479,SouthWest,SOUTH WEST - DEVON AND CORNWALL,WEST DEVON AND CORNWALL,OPEN,FRESHWATER - RIVERS,2024-02-20 09:13:00,MONITORING  (NATIONAL AGENCY POLICY),RIVER / RUNNING SURFACE WATER,0076,Temperature of Water,10.7,CELSIUS,2024-02-20
https://environment.data.gov.uk/water-quality/sampling-point/SW-82410004/sample/3505277/observation/0076,SW-82410004,TRESILLIAN BARTON  TRESILLIAN  SUMMERCOURT   NEWQUAY                       SAMPLED FROM HEAD OF THE BOREHOLE,186880,57910,SouthWest,SOUTH WEST - DEVON AND CORNWALL,WEST DEVON AND CORNWALL,OPEN,GROUNDWATER - BOREHOLE,2024-02-01 15:04:00,ENVIRONMENTAL MONITORING STATUTORY (EU DIRECTIVES),GROUNDWATER,0076,Temperature of Water,12.1,CELSIUS,2024-02-01
https://environment.data.gov.uk/water-quality/sampling-point/SW-82510005/sample/3505998/observation/0076,SW-82510005,TREWAN HALL LTD  ST COLUMB  NEWQUAY                                        SAMPLED FROM OUTSIDE TAP 10M FROM CAMPING RECEPTION,191050,64680,SouthWest,SOUTH WEST - DEVON AND CORNWALL,WEST DEVON AND CORNWALL,OPEN,GROUNDWATER - BOREHOLE,2024-02-07 09:58:00,ENVIRONMENTAL MONITORING STATUTORY (EU DIRECTIVES),GROUNDWATER,0076,Temperature of Water,9.9,CELSIUS,2024-02-07
https://environment.data.gov.uk/water-quality/sampling-point/SW-82510009/sample/3506741/observation/0076,SW-82510009,DINAS COVE CAMPING  PADSTOW                                                SAMPLED PRIOR TO ENTERING RESERVOIR,191970,74340,SouthWest,SOUTH WEST - DEVON AND CORNWALL,WEST DEVON AND CORNWALL,OPEN,GROUNDWATER - BOREHOLE,2024-02-19 13:12:00,ENVIRONMENTAL MONITORING STATUTORY (EU DIRECTIVES),GROUNDWATER,0076,Temperature of Water,13,CELSIUS,2024-02-19
https://environment.data.gov.uk/water-quality/sampling-point/SW-82510010/sample/3505278/observation/0076,SW-82510010,TREGOID MILL FARM  ST KEW  BODMIN,202970,76800,SouthWest,SOUTH WEST - DEVON AND CORNWALL,WEST DEVON AND CORNWALL,OPEN,GROUNDWATER - BOREHOLE,2024-02-01 09:36:00,ENVIRONMENTAL MONITORING STATUTORY (EU DIRECTIVES),GROUNDWATER,0076,Temperature of Water,8.6,CELSIUS,2024-02-01
https://environment.data.gov.uk/water-quality/sampling-point/SW-82513260/sample/3506752/observation/0076,SW-82513260,ISSEY BROOK BELOW MELLINGEY STREAM BELOW MELLINGEY TROUT FARM,192054,71845,SouthWest,SOUTH WEST - DEVON AND CORNWALL,WEST DEVON AND CORNWALL,OPEN,FRESHWATER - RIVERS,2024-02-19 12:50:00,MONITORING  (NATIONAL AGENCY POLICY),RIVER / RUNNING SURFACE WATER,0076,Temperature of Water,11.5,CELSIUS,2024-02-19
https://environment.data.gov.uk/water-quality/sampling-point/SW-82513621/sample/3506869/observation/0076,SW-82513621,PORTHILLY STREAM AT FOOTBRIDGE,193721,75456,SouthWest,SOUTH WEST - DEVON AND CORNWALL,WEST DEVON AND CORNWALL,OPEN,FRESHWATER - RIVERS,2024-02-20 10:18:00,MONITORING  (NATIONAL AGENCY POLICY),RIVER / RUNNING SURFACE WATER,0076,Temperature of Water,11.2,CELSIUS,2024-02-20
https://environment.data.gov.uk/water-quality/sampling-point/SW-82513920/sample/3506833/observation/0076,SW-82513920,RIVER AMBLE AT CHAPEL AMBLE BRIDGE,199880,75340,SouthWest,SOUTH WEST - DEVON AND CORNWALL,WEST DEVON AND CORNWALL,OPEN,FRESHWATER - RIVERS,2024-02-20 09:58:00,MONITORING  (NATIONAL AGENCY POLICY),RIVER / RUNNING SURFACE WATER,0076,Temperature of Water,10.6,CELSIUS,2024-02-20
https://environment.data.gov.uk/water-quality/sampling-point/SW-82514993/sample/3506012/observation/0076,SW-82514993,FISTRAL NORTH (32200),179980,62130,SouthWest,SOUTH WEST - DEVON AND CORNWALL,WEST DEVON AND CORNWALL,OPEN,SALINE WATER - DESIGNATED BATHING BEACHES,2024-02-07 11:10:00,PLANNED INVESTIGATION (LOCAL MONITORING),SEA WATER,0076,Temperature of Water,10.7,CELSIUS,2024-02-07
https://environment.data.gov.uk/water-quality/sampling-point/SW-82514993/sample/3506634/observation/0076,SW-82514993,FISTRAL NORTH (32200),179980,62130,SouthWest,SOUTH WEST - DEVON AND CORNWALL,WEST DEVON AND CORNWALL,OPEN,SALINE WATER - DESIGNATED BATHING BEACHES,2024-02-15 11:09:00,PLANNED INVESTIGATION (LOCAL MONITORING),SEA WATER,0076,Temperature of Water,11.1,CELSIUS,2024-02-15
https://environment.data.gov.uk/water-quality/sampling-point/SW-82517005/sample/3506834/observation/0076,SW-82517005,POLZEATH BEACH - STREAM A,193650,78900,SouthWest,SOUTH WEST - DEVON AND CORNWALL,WEST DEVON AND CORNWALL,OPEN,FRESHWATER - RIVERS,2024-02-20 10:35:00,MONITORING  (NATIONAL AGENCY POLICY),RIVER / RUNNING SURFACE WATER,0076,Temperature of Water,10.9,CELSIUS,2024-02-20
https://environment.data.gov.uk/water-quality/sampling-point/SW-82518044/sample/3505450/observation/0076,SW-82518044,CAMEL ESTUARY - BY PADSTOW,192150,75600,SouthWest,SOUTH WEST - DEVON AND CORNWALL,ECMAS SAMPLING (DEVON AND CORNWALL),OPEN,SALINE WATER - ESTUARINE SITES - NON BATHING/SHELLFISH,2024-02-02 08:37:00,ENVIRONMENTAL MONITORING STATUTORY (EU DIRECTIVES),ESTUARINE WATER,0076,Temperature of Water,9.41,CELSIUS,2024-02-02
https://environment.data.gov.uk/water-quality/sampling-point/SW-82518100/sample/3505425/observation/0076,SW-82518100,CAMEL ESTUARY OFF PINKSON CREEK (SOUTH BANK),194700,73700,SouthWest,SOUTH WEST - DEVON AND CORNWALL,ECMAS SAMPLING (DEVON AND CORNWALL),OPEN,SALINE WATER - ESTUARINE SITES - NON BATHING/SHELLFISH,2024-02-02 08:55:00,ENVIRONMENTAL MONITORING STATUTORY (EU DIRECTIVES),ESTUARINE WATER,0076,Temperature of Water,9.4,CELSIUS,2024-02-02
https://environment.data.gov.uk/water-quality/sampling-point/SW-82518111/sample/3505470/observation/0076,SW-82518111,CAMEL ESTUARY - MID ESTUARY,196080,74100,SouthWest,SOUTH WEST - DEVON AND CORNWALL,ECMAS SAMPLING (DEVON AND CORNWALL),OPEN,SALINE WATER - ESTUARINE SITES - NON BATHING/SHELLFISH,2024-02-02 09:02:00,ENVIRONMENTAL MONITORING STATUTORY (EU DIRECTIVES),ESTUARINE WATER,0076,Temperature of Water,9.4,CELSIUS,2024-02-02
https://environment.data.gov.uk/water-quality/sampling-point/SW-82518180/sample/3506765/observation/0076,SW-82518180,POLMORLA STREAM AT CORONATION PARK,198548,71924,SouthWest,SOUTH WEST - DEVON AND CORNWALL,WEST DEVON AND CORNWALL,OPEN,FRESHWATER - RIVERS,2024-02-19 11:15:00,MONITORING  (NATIONAL AGENCY POLICY),RIVER / RUNNING SURFACE WATER,0076,Temperature of Water,11.4,CELSIUS,2024-02-19
https://environment.data.gov.uk/water-quality/sampling-point/SW-82521205/sample/3505279/observation/0076,SW-82521205,ST. LAWRENCE STREAM PRIOR TO RIVER CAMEL,204310,67321,SouthWest,SOUTH WEST - DEVON AND CORNWALL,WEST DEVON AND CORNWALL,OPEN,FRESHWATER - RIVERS,2024-02-01 10:50:00,PLANNED INVESTIGATION (LOCAL MONITORING),RIVER / RUNNING SURFACE WATER,0076,Temperature of Water,9.5,CELSIUS,2024-02-01
https://environment.data.gov.uk/water-quality/sampling-point/SW-82521220/sample/3505356/observation/0076,SW-82521220,ST. LAWRENCE STREAM ABOVE PENDEWEY BRIDGE,204504,66999,SouthWest,SOUTH WEST - DEVON AND CORNWALL,WEST DEVON AND CORNWALL,OPEN,FRESHWATER - RIVERS,2024-02-01 10:38:00,PLANNED INVESTIGATION (LOCAL MONITORING),RIVER / RUNNING SURFACE WATER,0076,Temperature of Water,9.4,CELSIUS,2024-02-01
https://environment.data.gov.uk/water-quality/sampling-point/SW-82521235/sample/3505358/observation/0076,SW-82521235,ST LAWRENCE STREAM AT BLOWINGHOUSE LANE,205604,65684,SouthWest,SOUTH WEST - DEVON AND CORNWALL,WEST DEVON AND CORNWALL,OPEN,FRESHWATER - RIVERS,2024-02-01 10:26:00,MONITORING  (UK GOVT POLICY - NOT GQA OR RE),RIVER / RUNNING SURFACE WATER,0076,Temperature of Water,9.3,CELSIUS,2024-02-01
https://environment.data.gov.uk/water-quality/sampling-point/SW-82521235/sample/3506387/observation/0076,SW-82521235,ST LAWRENCE STREAM AT BLOWINGHOUSE LANE,205604,65684,SouthWest,SOUTH WEST - DEVON AND CORNWALL,WEST DEVON AND CORNWALL,OPEN,FRESHWATER - RIVERS,2024-02-12 15:07:00,MONITORING  (UK GOVT POLICY - NOT GQA OR RE),RIVER / RUNNING SURFACE WATER,0076,Temperature of Water,10.3,CELSIUS,2024-02-12
https://environment.data.gov.uk/water-quality/sampling-point/SW-82521235/sample/3506788/observation/0076,SW-82521235,ST LAWRENCE STREAM AT BLOWINGHOUSE LANE,205604,65684,SouthWest,SOUTH WEST - DEVON AND CORNWALL,WEST DEVON AND CORNWALL,OPEN,FRESHWATER - RIVERS,2024-02-19 10:40:00,MONITORING  (UK GOVT POLICY - NOT GQA OR RE),RIVER / RUNNING SURFACE WATER,0076,Temperature of Water,11.3,CELSIUS,2024-02-19
https://environment.data.gov.uk/water-quality/sampling-point/SW-82521235/sample/3507499/observation/0076,SW-82521235,ST LAWRENCE STREAM AT BLOWINGHOUSE LANE,205604,65684,SouthWest,SOUTH WEST - DEVON AND CORNWALL,WEST DEVON AND CORNWALL,OPEN,FRESHWATER - RIVERS,2024-02-26 09:19:00,MONITORING  (UK GOVT POLICY - NOT GQA OR RE),RIVER / RUNNING SURFACE WATER,0076,Temperature of Water,8.8,CELSIUS,2024-02-26
https://environment.data.gov.uk/water-quality/sampling-point/SW-82522304/sample/3505490/observation/0076,SW-82522304,STANNON STREAM AT TRECARNE,209750,80530,SouthWest,SOUTH WEST - DEVON AND CORNWALL,WEST DEVON AND CORNWALL,OPEN,FRESHWATER - RIVERS,2024-02-02 11:19:00,ENVIRONMENTAL MONITORING STATUTORY (EU DIRECTIVES),RIVER / RUNNING SURFACE WATER,0076,Temperature of Water,9.2,CELSIUS,2024-02-02
https://environment.data.gov.uk/water-quality/sampling-point/SW-82528005/sample/3506136/observation/0076,SW-82528005,RIVER CAMEL AT POLBROCK,201349,69568,SouthWest,SOUTH WEST - DEVON AND CORNWALL,WEST DEVON AND CORNWALL,OPEN,FRESHWATER - RIVERS,2024-02-08 11:36:00,MONITORING  (UK GOVT POLICY - NOT GQA OR RE),RIVER / RUNNING SURFACE WATER,0076,Temperature of Water,10.6,CELSIUS,2024-02-08
https://environment.data.gov.uk/water-quality/sampling-point/SW-82528011/sample/3506784/observation/0076,SW-82528011,RIVER CAMEL AT GROGLEY,201495,68499,SouthWest,SOUTH WEST - DEVON AND CORNWALL,WEST DEVON AND CORNWALL,OPEN,FRESHWATER - RIVERS,2024-02-19 10:14:00,MONITORING  (UK GOVT POLICY - NOT GQA OR RE),RIVER / RUNNING SURFACE WATER,0076,Temperature of Water,10.9,CELSIUS,2024-02-19
https://environment.data.gov.uk/water-quality/sampling-point/SW-82528047/sample/3506734/observation/0076,SW-82528047,RIVER CAMEL AT DUNMERE BRIDGE,204808,67807,SouthWest,SOUTH WEST - DEVON AND CORNWALL,WEST DEVON AND CORNWALL,OPEN,FRESHWATER - RIVERS,2024-02-19 10:31:00,MONITORING  (NATIONAL AGENCY POLICY),RIVER / RUNNING SURFACE WATER,0076,Temperature of Water,10.7,CELSIUS,2024-02-19
https://environment.data.gov.uk/water-quality/sampling-point/SW-82528060/sample/3506139/observation/0076,SW-82528060,RIVER CAMEL AT HELLANDBRIDGE,206550,71500,SouthWest,SOUTH WEST - DEVON AND CORNWALL,WEST DEVON AND CORNWALL,OPEN,FRESHWATER - RIVERS,2024-02-08 12:27:00,PLANNED INVESTIGATION (LOCAL MONITORING),RIVER / RUNNING SURFACE WATER,0076,Temperature of Water,10.6,CELSIUS,2024-02-08
https://environment.data.gov.uk/water-quality/sampling-point/SW-82528082/sample/3506138/observation/0076,SW-82528082,RIVER CAMEL AT WENFORD,208500,75180,SouthWest,SOUTH WEST - DEVON AND CORNWALL,WEST DEVON AND CORNWALL,OPEN,FRESHWATER - RIVERS,2024-02-08 12:43:00,MONITORING  (NATIONAL AGENCY POLICY),RIVER / RUNNING SURFACE WATER,0076,Temperature of Water,10.5,CELSIUS,2024-02-08
https://environment.data.gov.uk/water-quality/sampling-point/SW-82528110/sample/3506875/observation/0076,SW-82528110,RIVER CAMEL AT TRECARNE BRIDGE,209723,80545,SouthWest,SOUTH WEST - DEVON AND CORNWALL,WEST DEVON AND CORNWALL,OPEN,FRESHWATER - RIVERS,2024-02-20 11:13:00,MONITORING  (NATIONAL AGENCY POLICY),RIVER / RUNNING SURFACE WATER,0076,Temperature of Water,10.5,CELSIUS,2024-02-20
https://environment.data.gov.uk/water-quality/sampling-point/SW-82528120/sample/3506444/observation/0076,SW-82528120,RIVER CAMEL AT FENTEROON BRIDGE (FORMERLY PENCARROW),210380,82700,SouthWest,SOUTH WEST - DEVON AND CORNWALL,WEST DEVON AND CORNWALL,OPEN,FRESHWATER - RIVERS,2024-02-13 09:40:00,PLANNED INVESTIGATION (LOCAL MONITORING),RIVER / RUNNING SURFACE WATER,0076,Temperature of Water,9.3,CELSIUS,2024-02-13
https://environment.data.gov.uk/water-quality/sampling-point/SW-82528154/sample/3505444/observation/0076,SW-82528154,RIVER CAMEL AT CAMELFORD BRIDGE,210670,83830,SouthWest,SOUTH WEST - DEVON AND CORNWALL,WEST DEVON AND CORNWALL,OPEN,FRESHWATER - RIVERS,2024-02-02 13:55:00,MONITORING  (NATIONAL AGENCY POLICY),RIVER / RUNNING SURFACE WATER,0076,Temperature of Water,10.1,CELSIUS,2024-02-02
https://environment.data.gov.uk/water-quality/sampling-point/SW-82528159/sample/3505302/observation/0076,SW-82528159,RIVER CAMEL AT SLAUGHTERBRIDGE,210930,85550,SouthWest,SOUTH WEST - DEVON AND CORNWALL,WEST DEVON AND CORNWALL,OPEN,FRESHWATER - RIVERS,2024-02-01 10:14:00,MONITORING  (UK GOVT POLICY - NOT GQA OR RE),RIVER / RUNNING SURFACE WATER,0076,Temperature of Water,8.4,CELSIUS,2024-02-01
https://environment.data.gov.uk/water-quality/sampling-point/SW-82528159/sample/3506336/observation/0076,SW-82528159,RIVER CAMEL AT SLAUGHTERBRIDGE,210930,85550,SouthWest,SOUTH WEST - DEVON AND CORNWALL,WEST DEVON AND CORNWALL,OPEN,FRESHWATER - RIVERS,2024-02-12 12:01:00,MONITORING  (UK GOVT POLICY - NOT GQA OR RE),RIVER / RUNNING SURFACE WATER,0076,Temperature of Water,9.2,CELSIUS,2024-02-12
https://environment.data.gov.uk/water-quality/sampling-point/SW-82528159/sample/3506828/observation/0076,SW-82528159,RIVER CAMEL AT SLAUGHTERBRIDGE,210930,85550,SouthWest,SOUTH WEST - DEVON AND CORNWALL,WEST DEVON AND CORNWALL,OPEN,FRESHWATER - RIVERS,2024-02-20 11:50:00,MONITORING  (UK GOVT POLICY - NOT GQA OR RE),RIVER / RUNNING SURFACE WATER,0076,Temperature of Water,10.3,CELSIUS,2024-02-20
https://environment.data.gov.uk/water-quality/sampling-point/SW-82528159/sample/3507960/observation/0076,SW-82528159,RIVER CAMEL AT SLAUGHTERBRIDGE,210930,85550,SouthWest,SOUTH WEST - DEVON AND CORNWALL,WEST DEVON AND CORNWALL,OPEN,FRESHWATER - RIVERS,2024-02-27 12:23:00,MONITORING  (UK GOVT POLICY - NOT GQA OR RE),RIVER / RUNNING SURFACE WATER,0076,Temperature of Water,9.2,CELSIUS,2024-02-27
https://environment.data.gov.uk/water-quality/sampling-point/SW-8252GW01/sample/3505305/observation/0076,SW-8252GW01,"HIGHER TREGOLLS FARM, ST WENN",198068,67154,SouthWest,SOUTH WEST - DEVON AND CORNWALL,WEST DEVON AND CORNWALL,OPEN,GROUNDWATER - BOREHOLE,2024-02-01 12:37:00,ENVIRONMENTAL MONITORING STATUTORY (EU DIRECTIVES),GROUNDWATER,0076,Temperature of Water,11.9,CELSIUS,2024-02-01
https://environment.data.gov.uk/water-quality/sampling-point/SW-82530105/sample/3506087/observation/0076,SW-82530105,DE LANK RIVER AT KEYBRIDGE,208871,73890,SouthWest,SOUTH WEST - DEVON AND CORNWALL,WEST DEVON AND CORNWALL,OPEN,FRESHWATER - RIVERS,2024-02-08 12:56:00,MONITORING  (UK GOVT POLICY - NOT GQA OR RE),RIVER / RUNNING SURFACE WATER,0076,Temperature of Water,10.2,CELSIUS,2024-02-08
https://environment.data.gov.uk/water-quality/sampling-point/SW-82530105/sample/3506327/observation/0076,SW-82530105,DE LANK RIVER AT KEYBRIDGE,208871,73890,SouthWest,SOUTH WEST - DEVON AND CORNWALL,WEST DEVON AND CORNWALL,OPEN,FRESHWATER - RIVERS,2024-02-12 12:50:00,MONITORING  (UK GOVT POLICY - NOT GQA OR RE),RIVER / RUNNING SURFACE WATER,0076,Temperature of Water,8.1,CELSIUS,2024-02-12
https://environment.data.gov.uk/water-quality/sampling-point/SW-82530105/sample/3506735/observation/0076,SW-82530105,DE LANK RIVER AT KEYBRIDGE,208871,73890,SouthWest,SOUTH WEST - DEVON AND CORNWALL,WEST DEVON AND CORNWALL,OPEN,FRESHWATER - RIVERS,2024-02-19 09:18:00,MONITORING  (UK GOVT POLICY - NOT GQA OR RE),RIVER / RUNNING SURFACE WATER,0076,Temperature of Water,10.2,CELSIUS,2024-02-19
https://environment.data.gov.uk/water-quality/sampling-point/SW-82530105/sample/3507959/observation/0076,SW-82530105,DE LANK RIVER AT KEYBRIDGE,208871,73890,SouthWest,SOUTH WEST - DEVON AND CORNWALL,WEST DEVON AND CORNWALL,OPEN,FRESHWATER - RIVERS,2024-02-27 12:43:00,MONITORING  (UK GOVT POLICY - NOT GQA OR RE),RIVER / RUNNING SURFACE WATER,0076,Temperature of Water,7.2,CELSIUS,2024-02-27
https://environment.data.gov.uk/water-quality/sampling-point/SW-82540001/sample/3505800/observation/0076,SW-82540001,TREWEN                ST TUDY     BODMIN                                   SAMPLED AT HEAD OF BOREHOLE,205300,76980,SouthWest,SOUTH WEST - DEVON AND CORNWALL,WEST DEVON AND CORNWALL,OPEN,GROUNDWATER - BOREHOLE,2024-02-05 10:42:00,ENVIRONMENTAL MONITORING STATUTORY (EU DIRECTIVES),GROUNDWATER,0076,Temperature of Water,10.1,CELSIUS,2024-02-05
https://environment.data.gov.uk/water-quality/sampling-point/SW-82540124/sample/3506786/observation/0076,SW-82540124,DINHAMS BRIDGE    RIVER ALLEN,203100,73900,SouthWest,SOUTH WEST - DEVON AND CORNWALL,WEST DEVON AND CORNWALL,OPEN,FRESHWATER - RIVERS,2024-02-19 09:43:00,MONITORING  (NATIONAL AGENCY POLICY),RIVER / RUNNING SURFACE WATER,0076,Temperature of Water,10.9,CELSIUS,2024-02-19
https://environment.data.gov.uk/water-quality/sampling-point/SW-82540150/sample/3505361/observation/0076,SW-82540150,RIVER ALLEN AT LAMELLEN WOOD,205330,77745,SouthWest,SOUTH WEST - DEVON AND CORNWALL,WEST DEVON AND CORNWALL,OPEN,FRESHWATER - RIVERS,2024-02-01 09:48:00,PLANNED INVESTIGATION (LOCAL MONITORING),RIVER / RUNNING SURFACE WATER,0076,Temperature of Water,9.1,CELSIUS,2024-02-01
https://environment.data.gov.uk/water-quality/sampling-point/SW-82540170/sample/3505355/observation/0076,SW-82540170,RIVER ALLEN (CAMEL) AT KNIGHTSMILL BRIDGE,207130,80630,SouthWest,SOUTH WEST - DEVON AND CORNWALL,WEST DEVON AND CORNWALL,OPEN,FRESHWATER - RIVERS,2024-02-01 10:02:00,PLANNED INVESTIGATION (LOCAL MONITORING),RIVER / RUNNING SURFACE WATER,0076,Temperature of Water,8.5,CELSIUS,2024-02-01
https://environment.data.gov.uk/water-quality/sampling-point/SW-82540735/sample/3506877/observation/0076,SW-82540735,DELABOLE STREAM AT DELI,208400,84100,SouthWest,SOUTH WEST - DEVON AND CORNWALL,WEST DEVON AND CORNWALL,OPEN,FRESHWATER - RIVERS,2024-02-20 11:39:00,MONITORING  (NATIONAL AGENCY POLICY),RIVER / RUNNING SURFACE WATER,0076,Temperature of Water,10.3,CELSIUS,2024-02-20
https://environment.data.gov.uk/water-quality/sampling-point/SW-82710129/sample/3505265/observation/0076,SW-82710129,RIVER STRAT AT HELE BRIDGE,221550,103715,SouthWest,SOUTH WEST - DEVON AND CORNWALL,CENTRAL DEVON AND CORNWALL,OPEN,FRESHWATER - RIVERS,2024-02-01 10:46:00,MONITORING  (NATIONAL AGENCY POLICY),RIVER / RUNNING SURFACE WATER,0076,Temperature of Water,8.2,CELSIUS,2024-02-01
https://environment.data.gov.uk/water-quality/sampling-point/SW-82710977/sample/3506490/observation/0076,SW-82710977,WEEK BROOK BELOW WEEK ST MARY STW,223760,98140,SouthWest,SOUTH WEST - DEVON AND CORNWALL,CENTRAL DEVON AND CORNWALL,OPEN,FRESHWATER - RIVERS,2024-02-13 10:33:00,PLANNED INVESTIGATION (LOCAL MONITORING),RIVER / RUNNING SURFACE WATER,0076,Temperature of Water,9.7,CELSIUS,2024-02-13
https://environment.data.gov.uk/water-quality/sampling-point/SW-82711476/sample/3505826/observation/0076,SW-82711476,GRIMSCOTT STREAM BELOW LAUNCELLS (GRIMSCOTT) STW,226000,106540,SouthWest,SOUTH WEST - DEVON AND CORNWALL,CENTRAL DEVON AND CORNWALL,OPEN,FRESHWATER - RIVERS,2024-02-05 11:03:00,PLANNED INVESTIGATION (LOCAL MONITORING),RIVER / RUNNING SURFACE WATER,0076,Temperature of Water,9.3,CELSIUS,2024-02-05
https://environment.data.gov.uk/water-quality/sampling-point/SW-82711476/sample/3506683/observation/0076,SW-82711476,GRIMSCOTT STREAM BELOW LAUNCELLS (GRIMSCOTT) STW,226000,106540,SouthWest,SOUTH WEST - DEVON AND CORNWALL,CENTRAL DEVON AND CORNWALL,OPEN,FRESHWATER - RIVERS,2024-02-15 11:44:00,PLANNED INVESTIGATION (LOCAL MONITORING),RIVER / RUNNING SURFACE WATER,0076,Temperature of Water,10.9,CELSIUS,2024-02-15
https://environment.data.gov.uk/water-quality/sampling-point/SW-82711480/sample/3507473/observation/0076,SW-82711480,GRIMSCOTT STREAM ABOVE LAUNCELLS (GRIMSCOTT) STW,226040,106580,SouthWest,SOUTH WEST - DEVON AND CORNWALL,CENTRAL DEVON AND CORNWALL,OPEN,FRESHWATER - RIVERS,2024-02-26 12:43:00,PLANNED INVESTIGATION (LOCAL MONITORING),RIVER / RUNNING SURFACE WATER,0076,Temperature of Water,8.1,CELSIUS,2024-02-26
https://environment.data.gov.uk/water-quality/sampling-point/SW-82712204/sample/3507474/observation/0076,SW-82712204,COOMBE VALLEY STREAM AT DUCKPOOL COTTAGE,220270,111649,SouthWest,SOUTH WEST - DEVON AND CORNWALL,CENTRAL DEVON AND CORNWALL,OPEN,FRESHWATER - RIVERS,2024-02-26 13:12:00,MONITORING  (NATIONAL AGENCY POLICY),RIVER / RUNNING SURFACE WATER,0076,Temperature of Water,8.8,CELSIUS,2024-02-26
https://environment.data.gov.uk/water-quality/sampling-point/SW-91210131/sample/3505979/observation/0076,SW-91210131,RIVER TAMAR AT TAMERTON BRIDGE BELOW NORTH TAMERTON STW,231822,97405,SouthWest,SOUTH WEST - DEVON AND CORNWALL,CENTRAL DEVON AND CORNWALL,OPEN,FRESHWATER - RIVERS,2024-02-07 11:39:00,PLANNED INVESTIGATION (LOCAL MONITORING),RIVER / RUNNING SURFACE WATER,0076,Temperature of Water,9.8,CELSIUS,2024-02-07
https://environment.data.gov.uk/water-quality/sampling-point/SW-91210168/sample/3506026/observation/0076,SW-91210168,RIVER TAMAR AT CROWFORD BRIDGE,228720,99425,SouthWest,SOUTH WEST - DEVON AND CORNWALL,CENTRAL DEVON AND CORNWALL,OPEN,FRESHWATER - RIVERS,2024-02-07 12:38:00,PLANNED INVESTIGATION (LOCAL MONITORING),RIVER / RUNNING SURFACE WATER,0076,Temperature of Water,9.9,CELSIUS,2024-02-07
https://environment.data.gov.uk/water-quality/sampling-point/SW-91210233/sample/3505266/observation/0076,SW-91210233,RIVER TAMAR AT TAMARSTONE BRIDGE,228328,105503,SouthWest,SOUTH WEST - DEVON AND CORNWALL,CENTRAL DEVON AND CORNWALL,OPEN,FRESHWATER - RIVERS,2024-02-01 11:14:00,MONITORING  (UK GOVT POLICY - NOT GQA OR RE),RIVER / RUNNING SURFACE WATER,0076,Temperature of Water,7.8,CELSIUS,2024-02-01
https://environment.data.gov.uk/water-quality/sampling-point/SW-91210233/sample/3506445/observation/0076,SW-91210233,RIVER TAMAR AT TAMARSTONE BRIDGE,228328,105503,SouthWest,SOUTH WEST - DEVON AND CORNWALL,CENTRAL DEVON AND CORNWALL,OPEN,FRESHWATER - RIVERS,2024-02-13 11:14:00,MONITORING  (UK GOVT POLICY - NOT GQA OR RE),RIVER / RUNNING SURFACE WATER,0076,Temperature of Water,8.4,CELSIUS,2024-02-13
https://environment.data.gov.uk/water-quality/sampling-point/SW-91210233/sample/3506736/observation/0076,SW-91210233,RIVER TAMAR AT TAMARSTONE BRIDGE,228328,105503,SouthWest,SOUTH WEST - DEVON AND CORNWALL,CENTRAL DEVON AND CORNWALL,OPEN,FRESHWATER - RIVERS,2024-02-19 12:57:00,MONITORING  (UK GOVT POLICY - NOT GQA OR RE),RIVER / RUNNING SURFACE WATER,0076,Temperature of Water,10.4,CELSIUS,2024-02-19
https://environment.data.gov.uk/water-quality/sampling-point/SW-91210233/sample/3507475/observation/0076,SW-91210233,RIVER TAMAR AT TAMARSTONE BRIDGE,228328,105503,SouthWest,SOUTH WEST - DEVON AND CORNWALL,CENTRAL DEVON AND CORNWALL,OPEN,FRESHWATER - RIVERS,2024-02-26 12:18:00,MONITORING  (UK GOVT POLICY - NOT GQA OR RE),RIVER / RUNNING SURFACE WATER,0076,Temperature of Water,7.2,CELSIUS,2024-02-26
https://environment.data.gov.uk/water-quality/sampling-point/SW-91210261/sample/3505839/observation/0076,SW-91210261,RIVER TAMAR AT DEXBEER BRIDGE,229530,108950,SouthWest,SOUTH WEST - DEVON AND CORNWALL,CENTRAL DEVON AND CORNWALL,OPEN,FRESHWATER - RIVERS,2024-02-05 11:59:00,PLANNED INVESTIGATION (LOCAL MONITORING),RIVER / RUNNING SURFACE WATER,0076,Temperature of Water,9.1,CELSIUS,2024-02-05
https://environment.data.gov.uk/water-quality/sampling-point/SW-91210355/sample/3506737/observation/0076,SW-91210355,RIVER TAMAR AT BUSES BRIDGE,228080,113380,SouthWest,SOUTH WEST - DEVON AND CORNWALL,CENTRAL DEVON AND CORNWALL,OPEN,FRESHWATER - RIVERS,2024-02-19 11:12:00,PLANNED INVESTIGATION (LOCAL MONITORING),RIVER / RUNNING SURFACE WATER,0076,Temperature of Water,10.2,CELSIUS,2024-02-19
https://environment.data.gov.uk/water-quality/sampling-point/SW-91211328/sample/3506493/observation/0076,SW-91211328,DERRIL WATER AT DUALSTONE BRIDGE,230138,100568,SouthWest,SOUTH WEST - DEVON AND CORNWALL,CENTRAL DEVON AND CORNWALL,OPEN,FRESHWATER - RIVERS,2024-02-13 12:02:00,PLANNED INVESTIGATION (LOCAL MONITORING),RIVER / RUNNING SURFACE WATER,0076,Temperature of Water,8.4,CELSIUS,2024-02-13
https://environment.data.gov.uk/water-quality/sampling-point/SW-91212027/sample/3505329/observation/0076,SW-91212027,SMALL BROOK (TAMAR) AT YOULDON BRIDGE,229954,105256,SouthWest,SOUTH WEST - DEVON AND CORNWALL,CENTRAL DEVON AND CORNWALL,OPEN,FRESHWATER - RIVERS,2024-02-01 12:00:00,MONITORING  (NATIONAL AGENCY POLICY),RIVER / RUNNING SURFACE WATER,0076,Temperature of Water,7.9,CELSIUS,2024-02-01
https://environment.data.gov.uk/water-quality/sampling-point/SW-91212509/sample/3505837/observation/0076,SW-91212509,LAMBERAL WATER AT MORETON POUND BRIDGE,227580,108930,SouthWest,SOUTH WEST - DEVON AND CORNWALL,CENTRAL DEVON AND CORNWALL,OPEN,FRESHWATER - RIVERS,2024-02-05 11:21:00,PLANNED INVESTIGATION (LOCAL MONITORING),RIVER / RUNNING SURFACE WATER,0076,Temperature of Water,9.1,CELSIUS,2024-02-05
https://environment.data.gov.uk/water-quality/sampling-point/SW-91221137/sample/3505445/observation/0076,SW-91221137,RIVER OTTERY AT HELLESCOTT BRIDGE,228540,87795,SouthWest,SOUTH WEST - DEVON AND CORNWALL,CENTRAL DEVON AND CORNWALL,OPEN,FRESHWATER - RIVERS,2024-02-02 13:27:00,MONITORING  (NATIONAL AGENCY POLICY),RIVER / RUNNING SURFACE WATER,0076,Temperature of Water,8.9,CELSIUS,2024-02-02
https://environment.data.gov.uk/water-quality/sampling-point/SW-91221702/sample/3505801/observation/0076,SW-91221702,CAUDWORTHY WATER PRIOR TO RIVER OTTERY,226736,88854,SouthWest,SOUTH WEST - DEVON AND CORNWALL,CENTRAL DEVON AND CORNWALL,OPEN,FRESHWATER - RIVERS,2024-02-05 10:09:00,ENVIRONMENTAL MONITORING STATUTORY (EU DIRECTIVES),RIVER / RUNNING SURFACE WATER,0076,Temperature of Water,9.3,CELSIUS,2024-02-05
https://environment.data.gov.uk/water-quality/sampling-point/SW-91221702/sample/3506826/observation/0076,SW-91221702,CAUDWORTHY WATER PRIOR TO RIVER OTTERY,226736,88854,SouthWest,SOUTH WEST - DEVON AND CORNWALL,CENTRAL DEVON AND CORNWALL,OPEN,FRESHWATER - RIVERS,2024-02-20 12:25:00,MONITORING  (UK GOVT POLICY - NOT GQA OR RE),RIVER / RUNNING SURFACE WATER,0076,Temperature of Water,9.9,CELSIUS,2024-02-20
https://environment.data.gov.uk/water-quality/sampling-point/SW-91221702/sample/3507476/observation/0076,SW-91221702,CAUDWORTHY WATER PRIOR TO RIVER OTTERY,226736,88854,SouthWest,SOUTH WEST - DEVON AND CORNWALL,CENTRAL DEVON AND CORNWALL,OPEN,FRESHWATER - RIVERS,2024-02-26 14:26:00,MONITORING  (UK GOVT POLICY - NOT GQA OR RE),RIVER / RUNNING SURFACE WATER,0076,Temperature of Water,7.7,CELSIUS,2024-02-26
https://environment.data.gov.uk/water-quality/sampling-point/SW-91221705/sample/3505881/observation/0076,SW-91221705,CAUDWORTHY WATER AT BILLACOTT,225234,90326,SouthWest,SOUTH WEST - DEVON AND CORNWALL,WEST DEVON AND CORNWALL,OPEN,FRESHWATER - RIVERS,2024-02-05 10:20:00,ENVIRONMENTAL MONITORING STATUTORY (EU DIRECTIVES),RIVER / RUNNING SURFACE WATER,0076,Temperature of Water,9.2,CELSIUS,2024-02-05
https://environment.data.gov.uk/water-quality/sampling-point/SW-91221749/sample/3505882/observation/0076,SW-91221749,CAUDWORTHY WATER AT CAUDWORTHY BRIDGE,224700,92630,SouthWest,SOUTH WEST - DEVON AND CORNWALL,CENTRAL DEVON AND CORNWALL,OPEN,FRESHWATER - RIVERS,2024-02-05 10:36:00,ENVIRONMENTAL MONITORING STATUTORY (EU DIRECTIVES),RIVER / RUNNING SURFACE WATER,0076,Temperature of Water,9.1,CELSIUS,2024-02-05
https://environment.data.gov.uk/water-quality/sampling-point/SW-91221750/sample/3505519/observation/0076,SW-91221750,TRIB OF CAUDWORTHY WATER AT MIDDLE WHEATLY,224736,93614,SouthWest,SOUTH WEST - DEVON AND CORNWALL,WEST DEVON AND CORNWALL,OPEN,FRESHWATER - RIVERS,2024-02-02 12:29:00,ENVIRONMENTAL MONITORING STATUTORY (EU DIRECTIVES),RIVER / RUNNING SURFACE WATER,0076,Temperature of Water,9.6,CELSIUS,2024-02-02
https://environment.data.gov.uk/water-quality/sampling-point/SW-91221755/sample/3506524/observation/0076,SW-91221755,TRIB OF CAUDWORTHY WATER AT STAPLETON,224787,95003,SouthWest,SOUTH WEST - DEVON AND CORNWALL,WEST DEVON AND CORNWALL,OPEN,FRESHWATER - RIVERS,2024-02-13 10:45:00,ENVIRONMENTAL MONITORING STATUTORY (EU DIRECTIVES),RIVER / RUNNING SURFACE WATER,0076,Temperature of Water,8.2,CELSIUS,2024-02-13
https://environment.data.gov.uk/water-quality/sampling-point/SW-91221760/sample/3505518/observation/0076,SW-91221760,CAUDWORTHY WATER AT GREENAMOOR BRIDGE,225686,95458,SouthWest,SOUTH WEST - DEVON AND CORNWALL,WEST DEVON AND CORNWALL,OPEN,FRESHWATER - RIVERS,2024-02-02 12:16:00,ENVIRONMENTAL MONITORING STATUTORY (EU DIRECTIVES),RIVER / RUNNING SURFACE WATER,0076,Temperature of Water,9.2,CELSIUS,2024-02-02
https://environment.data.gov.uk/water-quality/sampling-point/SW-91241113/sample/3506435/observation/0076,SW-91241113,RIVER INNY AT BEALS MILL BRIDGE ABOVE BEALS MILL STW,235880,77060,SouthWest,SOUTH WEST - DEVON AND CORNWALL,CENTRAL DEVON AND CORNWALL,OPEN,FRESHWATER - RIVERS,2024-02-13 10:16:00,PLANNED INVESTIGATION (LOCAL MONITORING),RIVER / RUNNING SURFACE WATER,0076,Temperature of Water,9.2,CELSIUS,2024-02-13
https://environment.data.gov.uk/water-quality/sampling-point/SW-91241119/sample/3506436/observation/0076,SW-91241119,RIVER INNY AT TRECARRELL BRIDGE,232014,77151,SouthWest,SOUTH WEST - DEVON AND CORNWALL,CENTRAL DEVON AND CORNWALL,OPEN,FRESHWATER - RIVERS,2024-02-13 10:45:00,PLANNED INVESTIGATION (LOCAL MONITORING),RIVER / RUNNING SURFACE WATER,0076,Temperature of Water,9.5,CELSIUS,2024-02-13
https://environment.data.gov.uk/water-quality/sampling-point/SW-91241149/sample/3506058/observation/0076,SW-91241149,RIVER INNY UPSTREAM A30 AT TWO BRIDGES,226992,81810,SouthWest,SOUTH WEST - DEVON AND CORNWALL,CENTRAL DEVON AND CORNWALL,OPEN,FRESHWATER - RIVERS,2024-02-07 10:20:00,MONITORING  (UK GOVT POLICY - NOT GQA OR RE),RIVER / RUNNING SURFACE WATER,0076,Temperature of Water,9.8,CELSIUS,2024-02-07
https://environment.data.gov.uk/water-quality/sampling-point/SW-91241149/sample/3506437/observation/0076,SW-91241149,RIVER INNY UPSTREAM A30 AT TWO BRIDGES,226992,81810,SouthWest,SOUTH WEST - DEVON AND CORNWALL,CENTRAL DEVON AND CORNWALL,OPEN,FRESHWATER - RIVERS,2024-02-13 11:18:00,PLANNED INVESTIGATION (LOCAL MONITORING),RIVER / RUNNING SURFACE WATER,0076,Temperature of Water,9.6,CELSIUS,2024-02-13
https://environment.data.gov.uk/water-quality/sampling-point/SW-91241149/sample/3506515/observation/0076,SW-91241149,RIVER INNY UPSTREAM A30 AT TWO BRIDGES,226992,81810,SouthWest,SOUTH WEST - DEVON AND CORNWALL,CENTRAL DEVON AND CORNWALL,OPEN,FRESHWATER - RIVERS,2024-02-13 13:29:00,MONITORING  (UK GOVT POLICY - NOT GQA OR RE),RIVER / RUNNING SURFACE WATER,0076,Temperature of Water,10.2,CELSIUS,2024-02-13
https://environment.data.gov.uk/water-quality/sampling-point/SW-91241149/sample/3506800/observation/0076,SW-91241149,RIVER INNY UPSTREAM A30 AT TWO BRIDGES,226992,81810,SouthWest,SOUTH WEST - DEVON AND CORNWALL,CENTRAL DEVON AND CORNWALL,OPEN,FRESHWATER - RIVERS,2024-02-19 10:54:00,MONITORING  (UK GOVT POLICY - NOT GQA OR RE),RIVER / RUNNING SURFACE WATER,0076,Temperature of Water,10.5,CELSIUS,2024-02-19
https://environment.data.gov.uk/water-quality/sampling-point/SW-91241149/sample/3507531/observation/0076,SW-91241149,RIVER INNY UPSTREAM A30 AT TWO BRIDGES,226992,81810,SouthWest,SOUTH WEST - DEVON AND CORNWALL,CENTRAL DEVON AND CORNWALL,OPEN,FRESHWATER - RIVERS,2024-02-26 10:01:00,MONITORING  (UK GOVT POLICY - NOT GQA OR RE),RIVER / RUNNING SURFACE WATER,0076,Temperature of Water,8.2,CELSIUS,2024-02-26
https://environment.data.gov.uk/water-quality/sampling-point/SW-91241162/sample/3506438/observation/0076,SW-91241162,RIVER INNY AT ST. CLETHER BRIDGE,220578,84143,SouthWest,SOUTH WEST - DEVON AND CORNWALL,CENTRAL DEVON AND CORNWALL,OPEN,FRESHWATER - RIVERS,2024-02-13 12:09:00,PLANNED INVESTIGATION (LOCAL MONITORING),RIVER / RUNNING SURFACE WATER,0076,Temperature of Water,10,CELSIUS,2024-02-13
https://environment.data.gov.uk/water-quality/sampling-point/SW-91241171/sample/3506439/observation/0076,SW-91241171,TREMAIL STREAM AT FOOTBRIDGE,216933,86588,SouthWest,SOUTH WEST - DEVON AND CORNWALL,CENTRAL DEVON AND CORNWALL,OPEN,FRESHWATER - RIVERS,2024-02-13 12:40:00,PLANNED INVESTIGATION (LOCAL MONITORING),RIVER / RUNNING SURFACE WATER,0076,Temperature of Water,10,CELSIUS,2024-02-13
https://environment.data.gov.uk/water-quality/sampling-point/SW-91241172/sample/3506440/observation/0076,SW-91241172,RIVER INNY BELOW DAVIDSTOW CREAMERY DISCHARGE,216930,86600,SouthWest,SOUTH WEST - DEVON AND CORNWALL,CENTRAL DEVON AND CORNWALL,OPEN,FRESHWATER - RIVERS,2024-02-13 13:53:00,PLANNED INVESTIGATION (LOCAL MONITORING),RIVER / RUNNING SURFACE WATER,0076,Temperature of Water,11,CELSIUS,2024-02-13
https://environment.data.gov.uk/water-quality/sampling-point/SW-91241175/sample/3506443/observation/0076,SW-91241175,DAVIDSTOW CREAMERY OUTFALL TO RIVER INNY,216891,86663,SouthWest,SOUTH WEST - DEVON AND CORNWALL,CENTRAL DEVON AND CORNWALL,OPEN,TRADE DISCHARGES - PROCESS EFFLUENT - NOT WATER COMPANY,2024-02-13 13:21:00,PLANNED INVESTIGATION (LOCAL MONITORING),ANY TRADE EFFLUENT,0076,Temperature of Water,19.5,CELSIUS,2024-02-13
https://environment.data.gov.uk/water-quality/sampling-point/SW-91241176/sample/3506441/observation/0076,SW-91241176,RIVER INNY ABOVE DAVIDSTOW CREAMERY DISCHARGE,216892,86675,SouthWest,SOUTH WEST - DEVON AND CORNWALL,CENTRAL DEVON AND CORNWALL,OPEN,FRESHWATER - RIVERS,2024-02-13 12:56:00,PLANNED INVESTIGATION (LOCAL MONITORING),RIVER / RUNNING SURFACE WATER,0076,Temperature of Water,10.3,CELSIUS,2024-02-13
https://environment.data.gov.uk/water-quality/sampling-point/SW-91241183/sample/3506442/observation/0076,SW-91241183,RIVER INNY U/S INNY VALE DISCHARGE,215943,86910,SouthWest,SOUTH WEST - DEVON AND CORNWALL,CENTRAL DEVON AND CORNWALL,OPEN,FRESHWATER - RIVERS,2024-02-13 14:19:00,PLANNED INVESTIGATION (LOCAL MONITORING),RIVER / RUNNING SURFACE WATER,0076,Temperature of Water,10.5,CELSIUS,2024-02-13
https://environment.data.gov.uk/water-quality/sampling-point/SW-91241191/sample/3506850/observation/0076,SW-91241191,RIVER INNY AT DAVIDSTOW (FORMERLY INNY U/S DAVIDSTOW CREAMERY),215446,87010,SouthWest,SOUTH WEST - DEVON AND CORNWALL,CENTRAL DEVON AND CORNWALL,OPEN,FRESHWATER - RIVERS,2024-02-20 12:02:00,MONITORING  (NATIONAL AGENCY POLICY),RIVER / RUNNING SURFACE WATER,0076,Temperature of Water,10.6,CELSIUS,2024-02-20
https://environment.data.gov.uk/water-quality/sampling-point/SW-91241720/sample/3505476/observation/0076,SW-91241720,PENPONT WATER AT STRAYER PARK BRIDGE,225951,81544,SouthWest,SOUTH WEST - DEVON AND CORNWALL,CENTRAL DEVON AND CORNWALL,OPEN,FRESHWATER - RIVERS,2024-02-02 10:26:00,MONITORING  (UK GOVT POLICY - NOT GQA OR RE),RIVER / RUNNING SURFACE WATER,0076,Temperature of Water,9.4,CELSIUS,2024-02-02
https://environment.data.gov.uk/water-quality/sampling-point/SW-91241720/sample/3506489/observation/0076,SW-91241720,PENPONT WATER AT STRAYER PARK BRIDGE,225951,81544,SouthWest,SOUTH WEST - DEVON AND CORNWALL,CENTRAL DEVON AND CORNWALL,OPEN,FRESHWATER - RIVERS,2024-02-13 11:35:00,MONITORING  (UK GOVT POLICY - NOT GQA OR RE),RIVER / RUNNING SURFACE WATER,0076,Temperature of Water,9.6,CELSIUS,2024-02-13
https://environment.data.gov.uk/water-quality/sampling-point/SW-91241720/sample/3506764/observation/0076,SW-91241720,PENPONT WATER AT STRAYER PARK BRIDGE,225951,81544,SouthWest,SOUTH WEST - DEVON AND CORNWALL,CENTRAL DEVON AND CORNWALL,OPEN,FRESHWATER - RIVERS,2024-02-19 10:45:00,MONITORING  (UK GOVT POLICY - NOT GQA OR RE),RIVER / RUNNING SURFACE WATER,0076,Temperature of Water,10.6,CELSIUS,2024-02-19
https://environment.data.gov.uk/water-quality/sampling-point/SW-91241720/sample/3507496/observation/0076,SW-91241720,PENPONT WATER AT STRAYER PARK BRIDGE,225951,81544,SouthWest,SOUTH WEST - DEVON AND CORNWALL,CENTRAL DEVON AND CORNWALL,OPEN,FRESHWATER - RIVERS,2024-02-26 09:53:00,MONITORING  (UK GOVT POLICY - NOT GQA OR RE),RIVER / RUNNING SURFACE WATER,0076,Temperature of Water,7.9,CELSIUS,2024-02-26
https://environment.data.gov.uk/water-quality/sampling-point/SW-91241770/sample/3507954/observation/0076,SW-91241770,PENPONT WATER AT TRELYN BRIDGE,220055,82855,SouthWest,SOUTH WEST - DEVON AND CORNWALL,CENTRAL DEVON AND CORNWALL,OPEN,FRESHWATER - RIVERS,2024-02-27 11:55:00,MONITORING  (NATIONAL AGENCY POLICY),RIVER / RUNNING SURFACE WATER,0076,Temperature of Water,7.9,CELSIUS,2024-02-27
https://environment.data.gov.uk/water-quality/sampling-point/SW-91250016/sample/3506635/observation/0076,SW-91250016,GLEBE FARM  SOUTH HILL  CALLINGTON                                         SAMPLED IN MILKING PARLOUR,233000,72750,SouthWest,SOUTH WEST - DEVON AND CORNWALL,CENTRAL DEVON AND CORNWALL,OPEN,GROUNDWATER - BOREHOLE,2024-02-15 14:42:00,ENVIRONMENTAL MONITORING STATUTORY (EU DIRECTIVES),GROUNDWATER,0076,Temperature of Water,9.5,CELSIUS,2024-02-15
https://environment.data.gov.uk/water-quality/sampling-point/SW-91251605/sample/3506954/observation/0076,SW-91251605,RIVER LYNHER AT NOTTER BRIDGE BELOW HATT STW,238501,60986,SouthWest,SOUTH WEST - DEVON AND CORNWALL,CENTRAL DEVON AND CORNWALL,OPEN,FRESHWATER - RIVERS,2024-02-22 14:14:00,MONITORING  (UK GOVT POLICY - NOT GQA OR RE),RIVER / RUNNING SURFACE WATER,0076,Temperature of Water,9.8,CELSIUS,2024-02-22
https://environment.data.gov.uk/water-quality/sampling-point/SW-91251640/sample/3505244/observation/0076,SW-91251640,RIVER LYNHER AT BICTON MILL BRIDGE,232168,70024,SouthWest,SOUTH WEST - DEVON AND CORNWALL,CENTRAL DEVON AND CORNWALL,OPEN,FRESHWATER - RIVERS,2024-02-01 16:05:00,ENVIRONMENTAL MONITORING STATUTORY (EU DIRECTIVES),RIVER / RUNNING SURFACE WATER,0076,Temperature of Water,9.2,CELSIUS,2024-02-01
https://environment.data.gov.uk/water-quality/sampling-point/SW-91251730/sample/3506076/observation/0076,SW-91251730,RIVER LYNHER AT TREBARTHA ROAD BRIDGE,226234,77742,SouthWest,SOUTH WEST - DEVON AND CORNWALL,CENTRAL DEVON AND CORNWALL,OPEN,FRESHWATER - RIVERS,2024-02-08 11:38:00,MONITORING  (UK GOVT POLICY - NOT GQA OR RE),RIVER / RUNNING SURFACE WATER,0076,Temperature of Water,10.5,CELSIUS,2024-02-08
https://environment.data.gov.uk/water-quality/sampling-point/SW-91251730/sample/3506552/observation/0076,SW-91251730,RIVER LYNHER AT TREBARTHA ROAD BRIDGE,226234,77742,SouthWest,SOUTH WEST - DEVON AND CORNWALL,CENTRAL DEVON AND CORNWALL,OPEN,FRESHWATER - RIVERS,2024-02-14 11:59:00,MONITORING  (UK GOVT POLICY - NOT GQA OR RE),RIVER / RUNNING SURFACE WATER,0076,Temperature of Water,10.9,CELSIUS,2024-02-14
https://environment.data.gov.uk/water-quality/sampling-point/SW-91251730/sample/3506818/observation/0076,SW-91251730,RIVER LYNHER AT TREBARTHA ROAD BRIDGE,226234,77742,SouthWest,SOUTH WEST - DEVON AND CORNWALL,CENTRAL DEVON AND CORNWALL,OPEN,FRESHWATER - RIVERS,2024-02-20 13:17:00,MONITORING  (UK GOVT POLICY - NOT GQA OR RE),RIVER / RUNNING SURFACE WATER,0076,Temperature of Water,10.5,CELSIUS,2024-02-20
https://environment.data.gov.uk/water-quality/sampling-point/SW-91251730/sample/3507955/observation/0076,SW-91251730,RIVER LYNHER AT TREBARTHA ROAD BRIDGE,226234,77742,SouthWest,SOUTH WEST - DEVON AND CORNWALL,CENTRAL DEVON AND CORNWALL,OPEN,FRESHWATER - RIVERS,2024-02-27 11:32:00,MONITORING  (UK GOVT POLICY - NOT GQA OR RE),RIVER / RUNNING SURFACE WATER,0076,Temperature of Water,8.5,CELSIUS,2024-02-27
https://environment.data.gov.uk/water-quality/sampling-point/SW-9125GW01/sample/3506102/observation/0076,SW-9125GW01,"NORTH BOWDA FARM, TREBARTHA ESTATES",223952,76732,SouthWest,SOUTH WEST - DEVON AND CORNWALL,CENTRAL DEVON AND CORNWALL,OPEN,GROUNDWATER - SPRING,2024-02-08 12:01:00,ENVIRONMENTAL MONITORING STATUTORY (EU DIRECTIVES),GROUNDWATER,0076,Temperature of Water,11.2,CELSIUS,2024-02-08
https://environment.data.gov.uk/water-quality/sampling-point/SW-91261128/sample/3506955/observation/0076,SW-91261128,RIVER TIDDY AT TIDEFORD BRIDGE,234430,59600,SouthWest,SOUTH WEST - DEVON AND CORNWALL,CENTRAL DEVON AND CORNWALL,OPEN,FRESHWATER - RIVERS,2024-02-22 14:38:00,MONITORING  (UK GOVT POLICY - NOT GQA OR RE),RIVER / RUNNING SURFACE WATER,0076,Temperature of Water,9.8,CELSIUS,2024-02-22
https://environment.data.gov.uk/water-quality/sampling-point/SW-RSN0211/sample/3506523/observation/0076,SW-RSN0211,RSN0211 TREWIDLAND STREAM AT FURSDON,226327,59825,SouthWest,SOUTH WEST - DEVON AND CORNWALL,WEST DEVON AND CORNWALL,OPEN,FRESHWATER - RIVERS,2024-02-13 13:24:00,MONITORING  (NATIONAL AGENCY POLICY),RIVER / RUNNING SURFACE WATER,0076,Temperature of Water,11,CELSIUS,2024-02-13
https://environment.data.gov.uk/water-quality/sampling-point/SW-RSN0243/sample/3506172/observation/0076,SW-RSN0243,RSN0243  ASHCLYST FOREST STREAM AT SCOTCH FIR AVENUE,300580,99158,SouthWest,SOUTH WEST - DEVON AND CORNWALL,EAST DEVON AND CORNWALL,OPEN,FRESHWATER - RIVERS,2024-02-08 10:41:00,MONITORING  (NATIONAL AGENCY POLICY),RIVER / RUNNING SURFACE WATER,0076,Temperature of Water,9.2,CELSIUS,2024-02-08
https://environment.data.gov.uk/water-quality/sampling-point/SW-RSN0254/sample/3506264/observation/0076,SW-RSN0254,RSN0254 DART U/S BUCKFAST ABBEY LEAT,274116,67794,SouthWest,SOUTH WEST - DEVON AND CORNWALL,CENTRAL DEVON AND CORNWALL,OPEN,FRESHWATER - RIVERS,2024-02-09 12:29:00,MONITORING  (NATIONAL AGENCY POLICY),RIVER / RUNNING SURFACE WATER,0076,Temperature of Water,9.6,CELSIUS,2024-02-09
https://environment.data.gov.uk/water-quality/sampling-point/SW-RSN0259/sample/3506171/observation/0076,SW-RSN0259,RSN0259 KATE BROOK AT CRAMMERS,288150,80896,SouthWest,SOUTH WEST - DEVON AND CORNWALL,CENTRAL DEVON AND CORNWALL,OPEN,FRESHWATER - RIVERS,2024-02-08 11:49:00,MONITORING  (NATIONAL AGENCY POLICY),RIVER / RUNNING SURFACE WATER,0076,Temperature of Water,9.4,CELSIUS,2024-02-08
https://environment.data.gov.uk/water-quality/sampling-point/SW-RSN0263/sample/3505401/observation/0076,SW-RSN0263,RSN0263 CULM AT LANGLANDS,305497,111643,SouthWest,SOUTH WEST - DEVON AND CORNWALL,EAST DEVON AND CORNWALL,OPEN,FRESHWATER - RIVERS,2024-02-01 10:37:00,MONITORING  (NATIONAL AGENCY POLICY),RIVER / RUNNING SURFACE WATER,0076,Temperature of Water,6.9,CELSIUS,2024-02-01
https://environment.data.gov.uk/water-quality/sampling-point/SW-RSN0267/sample/3506414/observation/0076,SW-RSN0267,RSN0267 ANGARRACK STREAM D/S ANGARRACK,158115,38435,SouthWest,SOUTH WEST - DEVON AND CORNWALL,WEST DEVON AND CORNWALL,OPEN,FRESHWATER - RIVERS,2024-02-12 11:11:00,MONITORING  (NATIONAL AGENCY POLICY),RIVER / RUNNING SURFACE WATER,0076,Temperature of Water,10,CELSIUS,2024-02-12
https://environment.data.gov.uk/water-quality/sampling-point/SW-RSN0275/sample/3506066/observation/0076,SW-RSN0275,RSN0275 SLUE WATER AT OGBEARE,230032,95722,SouthWest,SOUTH WEST - DEVON AND CORNWALL,CENTRAL DEVON AND CORNWALL,OPEN,FRESHWATER - RIVERS,2024-02-07 11:25:00,MONITORING  (NATIONAL AGENCY POLICY),RIVER / RUNNING SURFACE WATER,0076,Temperature of Water,9.3,CELSIUS,2024-02-07
https://environment.data.gov.uk/water-quality/sampling-point/SW-RSN0279/sample/3506173/observation/0076,SW-RSN0279,RSN0279 CUTTON STREAM AT BROADCLYST MOOR,297478,98398,SouthWest,SOUTH WEST - DEVON AND CORNWALL,EAST DEVON AND CORNWALL,OPEN,FRESHWATER - RIVERS,2024-02-08 14:37:00,MONITORING  (NATIONAL AGENCY POLICY),RIVER / RUNNING SURFACE WATER,0076,Temperature of Water,10.8,CELSIUS,2024-02-08
https://environment.data.gov.uk/water-quality/sampling-point/SW-RSN0323/sample/3506733/observation/0076,SW-RSN0323,RSN0323 COOMBE VALLEY STREAM AT SANCTUARY FARM,222692,111625,SouthWest,SOUTH WEST - DEVON AND CORNWALL,CENTRAL DEVON AND CORNWALL,OPEN,FRESHWATER - RIVERS,2024-02-19 13:39:00,MONITORING  (NATIONAL AGENCY POLICY),RIVER / RUNNING SURFACE WATER,0076,Temperature of Water,11.3,CELSIUS,2024-02-19
https://environment.data.gov.uk/water-quality/sampling-point/SW-RSN0339/sample/3506194/observation/0076,SW-RSN0339,RSN0339 ARGAL STREAM AT GWENDRA,174448,33627,SouthWest,SOUTH WEST - DEVON AND CORNWALL,WEST DEVON AND CORNWALL,OPEN,FRESHWATER - RIVERS,2024-02-09 09:11:00,MONITORING  (NATIONAL AGENCY POLICY),RIVER / RUNNING SURFACE WATER,0076,Temperature of Water,10.3,CELSIUS,2024-02-09
https://environment.data.gov.uk/water-quality/sampling-point/SW-RSN0343/sample/3506195/observation/0076,SW-RSN0343,RSN0343 OWLABOROUGH,283058,123314,SouthWest,SOUTH WEST - DEVON AND CORNWALL,EAST DEVON AND CORNWALL,OPEN,FRESHWATER - RIVERS,2024-02-09 14:36:00,MONITORING  (NATIONAL AGENCY POLICY),RIVER / RUNNING SURFACE WATER,0076,Temperature of Water,10,CELSIUS,2024-02-09
https://environment.data.gov.uk/water-quality/sampling-point/SW-RSN0355/sample/3506079/observation/0076,SW-RSN0355,RSN0355 TREMORE STREAM AT RETIRE,200661,64187,SouthWest,SOUTH WEST - DEVON AND CORNWALL,WEST DEVON AND CORNWALL,OPEN,FRESHWATER - RIVERS,2024-02-08 10:19:00,MONITORING  (NATIONAL AGENCY POLICY),RIVER / RUNNING SURFACE WATER,0076,Temperature of Water,10.5,CELSIUS,2024-02-08
https://environment.data.gov.uk/water-quality/sampling-point/SW-RSN0359/sample/3506310/observation/0076,SW-RSN0359,RSN0359 HOLYWELL STREAM AT WESTLAND BRIDGE,276273,130548,SouthWest,SOUTH WEST - DEVON AND CORNWALL,EAST DEVON AND CORNWALL,OPEN,FRESHWATER - RIVERS,2024-02-12 15:19:00,MONITORING  (NATIONAL AGENCY POLICY),RIVER / RUNNING SURFACE WATER,0076,Temperature of Water,9.8,CELSIUS,2024-02-12
https://environment.data.gov.uk/water-quality/sampling-point/SW-RSN0387/sample/3505248/observation/0076,SW-RSN0387,RSN0387 BLAGDON BROOK AT SCOBCHESTER DOWN,251918,95985,SouthWest,SOUTH WEST - DEVON AND CORNWALL,EAST DEVON AND CORNWALL,OPEN,FRESHWATER - RIVERS,2024-02-01 12:26:00,MONITORING  (NATIONAL AGENCY POLICY),RIVER / RUNNING SURFACE WATER,0076,Temperature of Water,6.9,CELSIUS,2024-02-01
https://environment.data.gov.uk/water-quality/sampling-point/SW-RSN0467/sample/3505866/observation/0076,SW-RSN0467,RSN0467 NOTTER MILL,238303,61417,SouthWest,SOUTH WEST - DEVON AND CORNWALL,CENTRAL DEVON AND CORNWALL,OPEN,FRESHWATER - RIVERS,2024-02-05 12:07:00,ENVIRONMENTAL MONITORING STATUTORY (EU DIRECTIVES),RIVER / RUNNING SURFACE WATER,0076,Temperature of Water,10,CELSIUS,2024-02-05
https://environment.data.gov.uk/water-quality/sampling-point/SW-RSN0675/sample/3506164/observation/0076,SW-RSN0675,RSN0675 GREAT DOWNS WOOD,191530,44188,SouthWest,SOUTH WEST - DEVON AND CORNWALL,WEST DEVON AND CORNWALL,OPEN,FRESHWATER - RIVERS,2024-02-08 10:10:00,PLANNED INVESTIGATION (LOCAL MONITORING),RIVER / RUNNING SURFACE WATER,0076,Temperature of Water,10.6,CELSIUS,2024-02-08
https://environment.data.gov.uk/water-quality/sampling-point/SW-RSN1115/sample/3506553/observation/0076,SW-RSN1115,RSN1115 WITHEY BROOK AT RHINE ARRISH COPPICE,225167,76802,SouthWest,SOUTH WEST - DEVON AND CORNWALL,CENTRAL DEVON AND CORNWALL,OPEN,FRESHWATER - RIVERS,2024-02-14 15:50:00,MONITORING  (NATIONAL AGENCY POLICY),RIVER / RUNNING SURFACE WATER,0076,Temperature of Water,10.4,CELSIUS,2024-02-14
https://environment.data.gov.uk/water-quality/sampling-point/SW-RSN1119/sample/3505427/observation/0076,SW-RSN1119,RSN1119 ODAM STREAM AT BEARA,272714,119527,SouthWest,SOUTH WEST - DEVON AND CORNWALL,EAST DEVON AND CORNWALL,OPEN,FRESHWATER - RIVERS,2024-02-02 12:43:00,MONITORING  (NATIONAL AGENCY POLICY),RIVER / RUNNING SURFACE WATER,0076,Temperature of Water,9.2,CELSIUS,2024-02-02
https://environment.data.gov.uk/water-quality/sampling-point/SW-RSN1131/sample/3506080/observation/0076,SW-RSN1131,RSN1131 PAR RIVER AT CARMINOW,205059,57801,SouthWest,SOUTH WEST - DEVON AND CORNWALL,WEST DEVON AND CORNWALL,OPEN,FRESHWATER - RIVERS,2024-02-08 12:40:00,MONITORING  (NATIONAL AGENCY POLICY),RIVER / RUNNING SURFACE WATER,0076,Temperature of Water,10.8,CELSIUS,2024-02-08
https://environment.data.gov.uk/water-quality/sampling-point/SW-RSN1142/sample/3506311/observation/0076,SW-RSN1142,RSN1142 BUTTERFORD MILL,272380,55094,SouthWest,SOUTH WEST - DEVON AND CORNWALL,CENTRAL DEVON AND CORNWALL,OPEN,FRESHWATER - RIVERS,2024-02-12 15:04:00,MONITORING  (NATIONAL AGENCY POLICY),RIVER / RUNNING SURFACE WATER,0076,Temperature of Water,9.6,CELSIUS,2024-02-12
https://environment.data.gov.uk/water-quality/sampling-point/SW-RSN1147/sample/3505792/observation/0076,SW-RSN1147,RSN1147 TORRIDGE AT WOODFORD WOOD,239747,112773,SouthWest,SOUTH WEST - DEVON AND CORNWALL,EAST DEVON AND CORNWALL,OPEN,FRESHWATER - RIVERS,2024-02-05 10:19:00,MONITORING  (NATIONAL AGENCY POLICY),RIVER / RUNNING SURFACE WATER,0076,Temperature of Water,9.1,CELSIUS,2024-02-05
https://environment.data.gov.uk/water-quality/sampling-point/SW-RSN1151/sample/3506081/observation/0076,SW-RSN1151,RSN1151 TRIB OF JACKMOOR BROOK AT SHUTE,289250,100554,SouthWest,SOUTH WEST - DEVON AND CORNWALL,EAST DEVON AND CORNWALL,OPEN,FRESHWATER - RIVERS,2024-02-08 10:05:00,MONITORING  (NATIONAL AGENCY POLICY),RIVER / RUNNING SURFACE WATER,0076,Temperature of Water,9.3,CELSIUS,2024-02-08
https://environment.data.gov.uk/water-quality/sampling-point/SW-RSN1163/sample/3506427/observation/0076,SW-RSN1163,RSN1163 NORTH TEIGN RIVER AT LEIGH,268263,87754,SouthWest,SOUTH WEST - DEVON AND CORNWALL,CENTRAL DEVON AND CORNWALL,OPEN,FRESHWATER - RIVERS,2024-02-13 12:24:00,MONITORING  (NATIONAL AGENCY POLICY),RIVER / RUNNING SURFACE WATER,0076,Temperature of Water,8.3,CELSIUS,2024-02-13
https://environment.data.gov.uk/water-quality/sampling-point/SW-RSN1182/sample/3506428/observation/0076,SW-RSN1182,RSN1182 WINNEY'S DOWN,261250,82281,SouthWest,SOUTH WEST - DEVON AND CORNWALL,CENTRAL DEVON AND CORNWALL,OPEN,FRESHWATER - RIVERS,2024-02-13 15:23:00,MONITORING  (NATIONAL AGENCY POLICY),RIVER / RUNNING SURFACE WATER,0076,Temperature of Water,6.4,CELSIUS,2024-02-13
https://environment.data.gov.uk/water-quality/sampling-point/SW-RSN1187/sample/3506554/observation/0076,SW-RSN1187,RSN1187 COLLEY BROOK AT TOWERHILL LANE,289646,77683,SouthWest,SOUTH WEST - DEVON AND CORNWALL,CENTRAL DEVON AND CORNWALL,OPEN,FRESHWATER - RIVERS,2024-02-14 13:28:00,MONITORING  (NATIONAL AGENCY POLICY),RIVER / RUNNING SURFACE WATER,0076,Temperature of Water,11.3,CELSIUS,2024-02-14
https://environment.data.gov.uk/water-quality/sampling-point/SW-RSN1191/sample/3505793/observation/0076,SW-RSN1191,RSN1191 MARAZION RIVER AT CROWLAS,151373,33511,SouthWest,SOUTH WEST - DEVON AND CORNWALL,WEST DEVON AND CORNWALL,OPEN,FRESHWATER - RIVERS,2024-02-05 12:29:00,MONITORING  (NATIONAL AGENCY POLICY),RIVER / RUNNING SURFACE WATER,0076,Temperature of Water,10.6,CELSIUS,2024-02-05
https://environment.data.gov.uk/water-quality/sampling-point/SW-RSN1227/sample/3506618/observation/0076,SW-RSN1227,RSN1227 SHAMLEY STREAM AT TITCHBERRY,224045,126845,SouthWest,SOUTH WEST - DEVON AND CORNWALL,EAST DEVON AND CORNWALL,OPEN,FRESHWATER - RIVERS,2024-02-15 12:07:00,MONITORING  (NATIONAL AGENCY POLICY),RIVER / RUNNING SURFACE WATER,0076,Temperature of Water,11.4,CELSIUS,2024-02-15
https://environment.data.gov.uk/water-quality/sampling-point/SW-RSN1235/sample/3506312/observation/0076,SW-RSN1235,RSN1235 WEST WOODBURN,286577,122895,SouthWest,SOUTH WEST - DEVON AND CORNWALL,EAST DEVON AND CORNWALL,OPEN,FRESHWATER - RIVERS,2024-02-12 10:45:00,MONITORING  (NATIONAL AGENCY POLICY),RIVER / RUNNING SURFACE WATER,0076,Temperature of Water,6.2,CELSIUS,2024-02-12
https://environment.data.gov.uk/water-quality/sampling-point/SW-RSN1243/sample/3505250/observation/0076,SW-RSN1243,RSN1243 RIVER CAMEL AT BUTTERWELL,202882,67432,SouthWest,SOUTH WEST - DEVON AND CORNWALL,WEST DEVON AND CORNWALL,OPEN,FRESHWATER - RIVERS,2024-02-01 11:23:00,MONITORING  (NATIONAL AGENCY POLICY),RIVER / RUNNING SURFACE WATER,0076,Temperature of Water,9.1,CELSIUS,2024-02-01
https://environment.data.gov.uk/water-quality/sampling-point/SW-RSN1247/sample/3506619/observation/0076,SW-RSN1247,RSN1247 HOLEWATER AT ROCKLEY COPSE,270601,137955,SouthWest,SOUTH WEST - DEVON AND CORNWALL,EAST DEVON AND CORNWALL,OPEN,FRESHWATER - RIVERS,2024-02-15 12:56:00,MONITORING  (NATIONAL AGENCY POLICY),RIVER / RUNNING SURFACE WATER,0076,Temperature of Water,10.2,CELSIUS,2024-02-15
https://environment.data.gov.uk/water-quality/sampling-point/SW-RSN1267/sample/3506196/observation/0076,SW-RSN1267,RSN1267 PULWORTHY BROOK AT LYDACOTT,248859,103123,SouthWest,SOUTH WEST - DEVON AND CORNWALL,EAST DEVON AND CORNWALL,OPEN,FRESHWATER - RIVERS,2024-02-09 11:42:00,MONITORING  (NATIONAL AGENCY POLICY),RIVER / RUNNING SURFACE WATER,0076,Temperature of Water,10,CELSIUS,2024-02-09
https://environment.data.gov.uk/water-quality/sampling-point/SW-RSN1275/sample/3505251/observation/0076,SW-RSN1275,RSN1275 RIVER TIDDY AT LAMBEST,231060,63668,SouthWest,SOUTH WEST - DEVON AND CORNWALL,CENTRAL DEVON AND CORNWALL,OPEN,FRESHWATER - RIVERS,2024-02-01 16:07:00,MONITORING  (NATIONAL AGENCY POLICY),RIVER / RUNNING SURFACE WATER,0076,Temperature of Water,9.7,CELSIUS,2024-02-01
https://environment.data.gov.uk/water-quality/sampling-point/SW-RSN1502/sample/3506589/observation/0076,SW-RSN1502,"RSN1502 LANGWORTHY BROOK AT HALSANGER WOOD, ASHBURTON (LOWER TEIGN/LEMON)",276332,73699,SouthWest,SOUTH WEST - DEVON AND CORNWALL,CENTRAL DEVON AND CORNWALL,OPEN,FRESHWATER - RIVERS,2024-02-14 11:56:00,MONITORING  (NATIONAL AGENCY POLICY),RIVER / RUNNING SURFACE WATER,0076,Temperature of Water,9.9,CELSIUS,2024-02-14
https://environment.data.gov.uk/water-quality/sampling-point/SW-RSN1507/sample/3505961/observation/0076,SW-RSN1507,RSN1507 THE MUDDIFORD INN - COLAM STREAM (LOWER TAW),256370,138193,SouthWest,SOUTH WEST - DEVON AND CORNWALL,EAST DEVON AND CORNWALL,OPEN,FRESHWATER - RIVERS,2024-02-06 14:15:00,MONITORING  (NATIONAL AGENCY POLICY),RIVER / RUNNING SURFACE WATER,0076,Temperature of Water,10.4,CELSIUS,2024-02-06
https://environment.data.gov.uk/water-quality/sampling-point/SW-RSN1523/sample/3506162/observation/0076,SW-RSN1523,RSN1523 DURFOLD,211569,73706,SouthWest,SOUTH WEST - DEVON AND CORNWALL,WEST DEVON AND CORNWALL,OPEN,FRESHWATER - RIVERS,2024-02-08 13:35:00,MONITORING  (NATIONAL AGENCY POLICY),RIVER / RUNNING SURFACE WATER,0076,Temperature of Water,10.4,CELSIUS,2024-02-08
https://environment.data.gov.uk/water-quality/sampling-point/SW-RSN1527/sample/3505962/observation/0076,SW-RSN1527,RSN1527 WESTERWOOD ISLAND - EAST LYN RIVER (LYN),273140,149078,SouthWest,SOUTH WEST - DEVON AND CORNWALL,EAST DEVON AND CORNWALL,OPEN,FRESHWATER - RIVERS,2024-02-06 11:55:00,MONITORING  (NATIONAL AGENCY POLICY),RIVER / RUNNING SURFACE WATER,0076,Temperature of Water,9.7,CELSIUS,2024-02-06
https://environment.data.gov.uk/water-quality/sampling-point/SW-RSN1555/sample/3505368/observation/0076,SW-RSN1555,RSN1555 KINGFORD,228074,106565,SouthWest,SOUTH WEST - DEVON AND CORNWALL,CENTRAL DEVON AND CORNWALL,OPEN,FRESHWATER - RIVERS,2024-02-01 11:37:00,MONITORING  (NATIONAL AGENCY POLICY),RIVER / RUNNING SURFACE WATER,0076,Temperature of Water,7.6,CELSIUS,2024-02-01
https://environment.data.gov.uk/water-quality/sampling-point/SW-RSN1563/sample/3506590/observation/0076,SW-RSN1563,RSN1563 HENDRA,221066,79759,SouthWest,SOUTH WEST - DEVON AND CORNWALL,CENTRAL DEVON AND CORNWALL,OPEN,FRESHWATER - RIVERS,2024-02-14 11:30:00,MONITORING  (NATIONAL AGENCY POLICY),RIVER / RUNNING SURFACE WATER,0076,Temperature of Water,10.6,CELSIUS,2024-02-14
https://environment.data.gov.uk/water-quality/sampling-point/SW-RSN1567/sample/3506257/observation/0076,SW-RSN1567,RSN1567 EASTWOOD - CROOKED OAK (MOLE),274449,123014,SouthWest,SOUTH WEST - DEVON AND CORNWALL,EAST DEVON AND CORNWALL,OPEN,FRESHWATER - RIVERS,2024-02-09 12:10:00,MONITORING  (NATIONAL AGENCY POLICY),RIVER / RUNNING SURFACE WATER,0076,Temperature of Water,9.8,CELSIUS,2024-02-09
https://environment.data.gov.uk/water-quality/sampling-point/SW-RSN1595/sample/3506258/observation/0076,SW-RSN1595,RSN1595 BRANDIS CORNER,242062,103390,SouthWest,SOUTH WEST - DEVON AND CORNWALL,EAST DEVON AND CORNWALL,OPEN,FRESHWATER - RIVERS,2024-02-09 13:43:00,MONITORING  (NATIONAL AGENCY POLICY),RIVER / RUNNING SURFACE WATER,0076,Temperature of Water,9.9,CELSIUS,2024-02-09
https://environment.data.gov.uk/water-quality/sampling-point/SW-RSN1723/sample/3506514/observation/0076,SW-RSN1723,RSN1723 ERISEY,171274,18226,SouthWest,SOUTH WEST - DEVON AND CORNWALL,WEST DEVON AND CORNWALL,OPEN,FRESHWATER - RIVERS,2024-02-13 09:52:00,PLANNED INVESTIGATION (LOCAL MONITORING),RIVER / RUNNING SURFACE WATER,0076,Temperature of Water,8.6,CELSIUS,2024-02-13
https://environment.data.gov.uk/water-quality/sampling-point/SW-RSN1795/sample/3505868/observation/0076,SW-RSN1795,RSN1795 MEETFORD CROSS - LILY BROOK (YEO(CREEDY)),281854,96400,SouthWest,SOUTH WEST - DEVON AND CORNWALL,EAST DEVON AND CORNWALL,OPEN,FRESHWATER - RIVERS,2024-02-05 11:26:00,MONITORING  (NATIONAL AGENCY POLICY),RIVER / RUNNING SURFACE WATER,0076,Temperature of Water,9.1,CELSIUS,2024-02-05
https://environment.data.gov.uk/water-quality/sampling-point/SW-RSN1803B/sample/3505392/observation/0076,SW-RSN1803B,RSN1803B PENCAVO STREAM AT TREWANDRA WOOD,234810,60984,SouthWest,SOUTH WEST - DEVON AND CORNWALL,CENTRAL DEVON AND CORNWALL,OPEN,FRESHWATER - RIVERS,2024-02-01 14:41:00,MONITORING  (NATIONAL AGENCY POLICY),RIVER / RUNNING SURFACE WATER,0076,Temperature of Water,10.1,CELSIUS,2024-02-01
https://environment.data.gov.uk/water-quality/sampling-point/SW-RSN1819/sample/3506165/observation/0076,SW-RSN1819,RSN1819 RIVER CULM AT BRADNINCH (CULM),301022,103905,SouthWest,SOUTH WEST - DEVON AND CORNWALL,EAST DEVON AND CORNWALL,OPEN,FRESHWATER - RIVERS,2024-02-08 10:59:00,MONITORING  (NATIONAL AGENCY POLICY),RIVER / RUNNING SURFACE WATER,0076,Temperature of Water,8.7,CELSIUS,2024-02-08
https://environment.data.gov.uk/water-quality/sampling-point/SW-RSN1835/sample/3506166/observation/0076,SW-RSN1835,RSN1835 MURLEY FARM - UPLOWMAN STREAM (MIDDLE EXE),302294,116732,SouthWest,SOUTH WEST - DEVON AND CORNWALL,EAST DEVON AND CORNWALL,OPEN,FRESHWATER - RIVERS,2024-02-08 09:59:00,MONITORING  (NATIONAL AGENCY POLICY),RIVER / RUNNING SURFACE WATER,0076,Temperature of Water,9,CELSIUS,2024-02-08
https://environment.data.gov.uk/water-quality/sampling-point/SW-RSN2035/sample/3506067/observation/0076,SW-RSN2035,RSN2035 SUTCOMBE STREAM AT SUTCOMBE,234789,111420,SouthWest,SOUTH WEST - DEVON AND CORNWALL,EAST DEVON AND CORNWALL,OPEN,FRESHWATER - RIVERS,2024-02-07 11:28:00,MONITORING  (NATIONAL AGENCY POLICY),RIVER / RUNNING SURFACE WATER,0076,Temperature of Water,9.5,CELSIUS,2024-02-07
https://environment.data.gov.uk/water-quality/sampling-point/SW-RSN2055/sample/3506174/observation/0076,SW-RSN2055,RSN2055 LILLY BROOK (HOLLY WATER) AT DOWNHAYNE,284218,106037,SouthWest,SOUTH WEST - DEVON AND CORNWALL,EAST DEVON AND CORNWALL,OPEN,FRESHWATER - RIVERS,2024-02-08 12:55:00,MONITORING  (NATIONAL AGENCY POLICY),RIVER / RUNNING SURFACE WATER,0076,Temperature of Water,10.1,CELSIUS,2024-02-08
https://environment.data.gov.uk/water-quality/sampling-point/SW-RSN2171/sample/3505429/observation/0076,SW-RSN2171,RSN2171 BODGATE STREAM AT PAYNTERSMOOR PLANTATIONS,227620,91098,SouthWest,SOUTH WEST - DEVON AND CORNWALL,CENTRAL DEVON AND CORNWALL,OPEN,FRESHWATER - RIVERS,2024-02-02 13:00:00,MONITORING  (NATIONAL AGENCY POLICY),RIVER / RUNNING SURFACE WATER,0076,Temperature of Water,9.4,CELSIUS,2024-02-02
https://environment.data.gov.uk/water-quality/sampling-point/SW-RSN2175/sample/3505430/observation/0076,SW-RSN2175,RSN2175 MOUSEBEARE LANE,292726,115648,SouthWest,SOUTH WEST - DEVON AND CORNWALL,EAST DEVON AND CORNWALL,OPEN,FRESHWATER - RIVERS,2024-02-02 11:12:00,MONITORING  (NATIONAL AGENCY POLICY),RIVER / RUNNING SURFACE WATER,0076,Temperature of Water,9,CELSIUS,2024-02-02
https://environment.data.gov.uk/water-quality/sampling-point/SW-RSN2187/sample/3506314/observation/0076,SW-RSN2187,RSN2187 RIVER ALLEN AT BOWOOD PARK,208617,81983,SouthWest,SOUTH WEST - DEVON AND CORNWALL,WEST DEVON AND CORNWALL,OPEN,FRESHWATER - RIVERS,2024-02-12 12:34:00,MONITORING  (NATIONAL AGENCY POLICY),RIVER / RUNNING SURFACE WATER,0076,Temperature of Water,10.1,CELSIUS,2024-02-12
https://environment.data.gov.uk/water-quality/sampling-point/SW-RSN2219/sample/3506197/observation/0076,SW-RSN2219,RSN2219 HUNTACOTT WATER AT WEEK BOTTOMS,273960,117356,SouthWest,SOUTH WEST - DEVON AND CORNWALL,EAST DEVON AND CORNWALL,OPEN,FRESHWATER - RIVERS,2024-02-09 13:31:00,MONITORING  (NATIONAL AGENCY POLICY),RIVER / RUNNING SURFACE WATER,0076,Temperature of Water,9.8,CELSIUS,2024-02-09
https://environment.data.gov.uk/water-quality/sampling-point/SW-RSN2227/sample/3505982/observation/0076,SW-RSN2227,RSN2227 ST EWE STREAM AT CROSSWYN,198467,46640,SouthWest,SOUTH WEST - DEVON AND CORNWALL,WEST DEVON AND CORNWALL,OPEN,FRESHWATER - RIVERS,2024-02-07 15:26:00,MONITORING  (NATIONAL AGENCY POLICY),RIVER / RUNNING SURFACE WATER,0076,Temperature of Water,10.7,CELSIUS,2024-02-07
https://environment.data.gov.uk/water-quality/sampling-point/SW-RSN2238/sample/3506315/observation/0076,SW-RSN2238,RSN2238 AVON MILL,272995,48352,SouthWest,SOUTH WEST - DEVON AND CORNWALL,CENTRAL DEVON AND CORNWALL,OPEN,FRESHWATER - RIVERS,2024-02-12 10:32:00,MONITORING  (NATIONAL AGENCY POLICY),RIVER / RUNNING SURFACE WATER,0076,Temperature of Water,8.1,CELSIUS,2024-02-12
https://environment.data.gov.uk/water-quality/sampling-point/SW-RSN2243/sample/3505431/observation/0076,SW-RSN2243,RSN2243 RIVER CAREY AT BRENDON,242239,100262,SouthWest,SOUTH WEST - DEVON AND CORNWALL,CENTRAL DEVON AND CORNWALL,OPEN,FRESHWATER - RIVERS,2024-02-02 13:01:00,MONITORING  (NATIONAL AGENCY POLICY),RIVER / RUNNING SURFACE WATER,0076,Temperature of Water,8.1,CELSIUS,2024-02-02
https://environment.data.gov.uk/water-quality/sampling-point/SW-RSN2251/sample/3505983/observation/0076,SW-RSN2251,RSN2251 CATHAM LAKE AT KINGSNYMPTON PARK,267155,118498,SouthWest,SOUTH WEST - DEVON AND CORNWALL,EAST DEVON AND CORNWALL,OPEN,FRESHWATER - RIVERS,2024-02-07 11:47:00,MONITORING  (NATIONAL AGENCY POLICY),RIVER / RUNNING SURFACE WATER,0076,Temperature of Water,8.7,CELSIUS,2024-02-07
https://environment.data.gov.uk/water-quality/sampling-point/SW-RSN2259/sample/3505252/observation/0076,SW-RSN2259,RSN2259 TRESILLIAN RIVER AT ENTRANCE WOOD,188629,53074,SouthWest,SOUTH WEST - DEVON AND CORNWALL,WEST DEVON AND CORNWALL,OPEN,FRESHWATER - RIVERS,2024-02-01 10:54:00,MONITORING  (NATIONAL AGENCY POLICY),RIVER / RUNNING SURFACE WATER,0076,Temperature of Water,9.3,CELSIUS,2024-02-01
https://environment.data.gov.uk/water-quality/sampling-point/SW-RSN2267/sample/3506198/observation/0076,SW-RSN2267,RSN2267 TALE AT DANES MILL,307643,103452,SouthWest,SOUTH WEST - DEVON AND CORNWALL,EAST DEVON AND CORNWALL,OPEN,FRESHWATER - RIVERS,2024-02-09 09:39:00,MONITORING  (NATIONAL AGENCY POLICY),RIVER / RUNNING SURFACE WATER,0076,Temperature of Water,9,CELSIUS,2024-02-09
https://environment.data.gov.uk/water-quality/sampling-point/SW-RSN2278/sample/3507957/observation/0076,SW-RSN2278,RSN2278 DART AT LUCKEY TOR,268163,72120,SouthWest,SOUTH WEST - DEVON AND CORNWALL,CENTRAL DEVON AND CORNWALL,OPEN,FRESHWATER - RIVERS,2024-02-27 11:23:00,MONITORING  (NATIONAL AGENCY POLICY),RIVER / RUNNING SURFACE WATER,0076,Temperature of Water,5.7,CELSIUS,2024-02-27
https://environment.data.gov.uk/water-quality/sampling-point/SW-RSN2283/sample/3505253/observation/0076,SW-RSN2283,RSN2283 BEARA BROOK AT WINSCOTT BARTON,254877,118089,SouthWest,SOUTH WEST - DEVON AND CORNWALL,EAST DEVON AND CORNWALL,OPEN,FRESHWATER - RIVERS,2024-02-01 12:07:00,MONITORING  (NATIONAL AGENCY POLICY),RIVER / RUNNING SURFACE WATER,0076,Temperature of Water,7.8,CELSIUS,2024-02-01
https://environment.data.gov.uk/water-quality/sampling-point/SW-RSN2291/sample/3505254/observation/0076,SW-RSN2291,RSN2291 HAYES BARTON BROOK AT JACOBSTOWE,259120,101475,SouthWest,SOUTH WEST - DEVON AND CORNWALL,EAST DEVON AND CORNWALL,OPEN,FRESHWATER - RIVERS,2024-02-01 10:59:00,MONITORING  (NATIONAL AGENCY POLICY),RIVER / RUNNING SURFACE WATER,0076,Temperature of Water,7.9,CELSIUS,2024-02-01
https://environment.data.gov.uk/water-quality/sampling-point/SW-RSN2323/sample/3505255/observation/0076,SW-RSN2323,RSN2323 LILLYCOMBE,317019,114326,SouthWest,SOUTH WEST - DEVON AND CORNWALL,EAST DEVON AND CORNWALL,OPEN,FRESHWATER - RIVERS,2024-02-01 12:14:00,MONITORING  (NATIONAL AGENCY POLICY),RIVER / RUNNING SURFACE WATER,0076,Temperature of Water,6.4,CELSIUS,2024-02-01
https://environment.data.gov.uk/water-quality/sampling-point/SW-SSN0008/sample/3506669/observation/0076,SW-SSN0008,DOETOR BROOK AT FOXHOLE MINE,254543,85159,SouthWest,SOUTH WEST - DEVON AND CORNWALL,CENTRAL DEVON AND CORNWALL,OPEN,FRESHWATER - RIVERS,2024-02-15 11:31:00,MONITORING  (NATIONAL AGENCY POLICY),RIVER / RUNNING SURFACE WATER,0076,Temperature of Water,8.9,CELSIUS,2024-02-15
https://environment.data.gov.uk/water-quality/sampling-point/SW-SSN0024/sample/3506430/observation/0076,SW-SSN0024,TREMAINE STREAM AT TREBURTLE,224786,88582,SouthWest,SOUTH WEST - DEVON AND CORNWALL,CENTRAL DEVON AND CORNWALL,OPEN,FRESHWATER - RIVERS,2024-02-13 14:49:00,MONITORING  (NATIONAL AGENCY POLICY),RIVER / RUNNING SURFACE WATER,0076,Temperature of Water,10.7,CELSIUS,2024-02-13
https://environment.data.gov.uk/water-quality/sampling-point/SW-SSN0032/sample/3506625/observation/0076,SW-SSN0032,HIGHER BLAGDON FARM - MILL POOL STREAM,285652,61188,SouthWest,SOUTH WEST - DEVON AND CORNWALL,CENTRAL DEVON AND CORNWALL,OPEN,FRESHWATER - RIVERS,2024-02-15 09:44:00,MONITORING  (NATIONAL AGENCY POLICY),RIVER / RUNNING SURFACE WATER,0076,Temperature of Water,11,CELSIUS,2024-02-15
https://environment.data.gov.uk/water-quality/sampling-point/SW-SSN0036/sample/3506806/observation/0076,SW-SSN0036,LADFORD BROOK AT LADFORD - LADFORD BROOK,243354,111313,SouthWest,SOUTH WEST - DEVON AND CORNWALL,EAST DEVON AND CORNWALL,OPEN,FRESHWATER - RIVERS,2024-02-19 11:17:00,MONITORING  (NATIONAL AGENCY POLICY),RIVER / RUNNING SURFACE WATER,0076,Temperature of Water,10.3,CELSIUS,2024-02-19
https://environment.data.gov.uk/water-quality/sampling-point/SW-SSN0048/sample/3505439/observation/0076,SW-SSN0048,LOWER FURSDON - FURSDON STREAM,271308,94597,SouthWest,SOUTH WEST - DEVON AND CORNWALL,EAST DEVON AND CORNWALL,OPEN,FRESHWATER - RIVERS,2024-02-02 12:10:00,MONITORING  (NATIONAL AGENCY POLICY),RIVER / RUNNING SURFACE WATER,0076,Temperature of Water,8.7,CELSIUS,2024-02-02
https://environment.data.gov.uk/water-quality/sampling-point/SW-SSN0088/sample/3505513/observation/0076,SW-SSN0088,TOLBOROUGH STREAM AT DAIRYWELL HILL,218040,77038,SouthWest,SOUTH WEST - DEVON AND CORNWALL,WEST DEVON AND CORNWALL,OPEN,FRESHWATER - RIVERS,2024-02-02 10:11:00,MONITORING  (NATIONAL AGENCY POLICY),RIVER / RUNNING SURFACE WATER,0076,Temperature of Water,9.2,CELSIUS,2024-02-02
https://environment.data.gov.uk/water-quality/sampling-point/SW-SSN0100/sample/3505393/observation/0076,SW-SSN0100,DURY WATER AT QUODITCH,239890,96761,SouthWest,SOUTH WEST - DEVON AND CORNWALL,CENTRAL DEVON AND CORNWALL,OPEN,FRESHWATER - RIVERS,2024-02-01 13:30:00,MONITORING  (NATIONAL AGENCY POLICY),RIVER / RUNNING SURFACE WATER,0076,Temperature of Water,7.5,CELSIUS,2024-02-01
https://environment.data.gov.uk/water-quality/sampling-point/SW-SSN0112/sample/3505260/observation/0076,SW-SSN0112,KIDLAND STREAM AT HARPSON WOOD,281097,123065,SouthWest,SOUTH WEST - DEVON AND CORNWALL,EAST DEVON AND CORNWALL,OPEN,FRESHWATER - RIVERS,2024-02-01 14:36:00,MONITORING  (NATIONAL AGENCY POLICY),RIVER / RUNNING SURFACE WATER,0076,Temperature of Water,7.2,CELSIUS,2024-02-01
https://environment.data.gov.uk/water-quality/sampling-point/SW-SSN0116/sample/3506431/observation/0076,SW-SSN0116,RUAN STREAM AT PONS MEDDA - RUAN STREAM,170586,16369,SouthWest,SOUTH WEST - DEVON AND CORNWALL,WEST DEVON AND CORNWALL,OPEN,FRESHWATER - RIVERS,2024-02-13 09:24:00,MONITORING  (NATIONAL AGENCY POLICY),RIVER / RUNNING SURFACE WATER,0076,Temperature of Water,9.2,CELSIUS,2024-02-13
https://environment.data.gov.uk/water-quality/sampling-point/SW-SSN0164/sample/3505892/observation/0076,SW-SSN0164,CHITTLEHAMHOLT STREAM AT SPYCOTT,263593,121401,SouthWest,SOUTH WEST - DEVON AND CORNWALL,EAST DEVON AND CORNWALL,OPEN,FRESHWATER - RIVERS,2024-02-06 10:44:00,MONITORING  (NATIONAL AGENCY POLICY),RIVER / RUNNING SURFACE WATER,0076,Temperature of Water,10.1,CELSIUS,2024-02-06
https://environment.data.gov.uk/water-quality/sampling-point/SW-SSN0180/sample/3506432/observation/0076,SW-SSN0180,TALLAND STREAM AT WALDEN - TALLAND STREAM,222788,52230,SouthWest,SOUTH WEST - DEVON AND CORNWALL,WEST DEVON AND CORNWALL,OPEN,FRESHWATER - RIVERS,2024-02-13 11:17:00,MONITORING  (NATIONAL AGENCY POLICY),RIVER / RUNNING SURFACE WATER,0076,Temperature of Water,11,CELSIUS,2024-02-13
https://environment.data.gov.uk/water-quality/sampling-point/SW-SSN0200/sample/3505262/observation/0076,SW-SSN0200,COLESLOGGETT STREAM AT POLVENTON,210105,65780,SouthWest,SOUTH WEST - DEVON AND CORNWALL,WEST DEVON AND CORNWALL,OPEN,FRESHWATER - RIVERS,2024-02-01 09:23:00,MONITORING  (NATIONAL AGENCY POLICY),RIVER / RUNNING SURFACE WATER,0076,Temperature of Water,7.6,CELSIUS,2024-02-01
https://environment.data.gov.uk/water-quality/sampling-point/SW-SSN0648/sample/3506433/observation/0076,SW-SSN0648,HERODSCOOMBE STREAM AT TREHALE,221645,60774,SouthWest,SOUTH WEST - DEVON AND CORNWALL,WEST DEVON AND CORNWALL,OPEN,FRESHWATER - RIVERS,2024-02-13 12:27:00,MONITORING  (NATIONAL AGENCY POLICY),RIVER / RUNNING SURFACE WATER,0076,Temperature of Water,10.6,CELSIUS,2024-02-13
https://environment.data.gov.uk/water-quality/sampling-point/SW-SSN0676/sample/3505797/observation/0076,SW-SSN0676,COMBE LAKE AT LANGATONS - COMBE LAKE,243966,113438,SouthWest,SOUTH WEST - DEVON AND CORNWALL,EAST DEVON AND CORNWALL,OPEN,FRESHWATER - RIVERS,2024-02-05 09:51:00,MONITORING  (NATIONAL AGENCY POLICY),RIVER / RUNNING SURFACE WATER,0076,Temperature of Water,8.9,CELSIUS,2024-02-05
https://environment.data.gov.uk/water-quality/sampling-point/SW-SSN0704/sample/3506627/observation/0076,SW-SSN0704,MOLEHEAD BROOK AT DARLICK MOORS,276929,133859,SouthWest,SOUTH WEST - DEVON AND CORNWALL,EAST DEVON AND CORNWALL,OPEN,FRESHWATER - RIVERS,2024-02-15 11:35:00,MONITORING  (NATIONAL AGENCY POLICY),RIVER / RUNNING SURFACE WATER,0076,Temperature of Water,10.7,CELSIUS,2024-02-15
https://environment.data.gov.uk/water-quality/sampling-point/SW-SSN0712/sample/3505985/observation/0076,SW-SSN0712,LANIVET STREAM AT BARGUSE - LANIVET STREAM,203736,61376,SouthWest,SOUTH WEST - DEVON AND CORNWALL,WEST DEVON AND CORNWALL,OPEN,FRESHWATER - RIVERS,2024-02-07 11:09:00,MONITORING  (NATIONAL AGENCY POLICY),RIVER / RUNNING SURFACE WATER,0076,Temperature of Water,10,CELSIUS,2024-02-07
https://environment.data.gov.uk/water-quality/sampling-point/SW-SSN0720/sample/3506628/observation/0076,SW-SSN0720,CHILLINGTON STREAM AT GREAT HILL WOOD,279745,42614,SouthWest,SOUTH WEST - DEVON AND CORNWALL,CENTRAL DEVON AND CORNWALL,OPEN,FRESHWATER - RIVERS,2024-02-15 11:08:00,MONITORING  (NATIONAL AGENCY POLICY),RIVER / RUNNING SURFACE WATER,0076,Temperature of Water,11.7,CELSIUS,2024-02-15
https://environment.data.gov.uk/water-quality/sampling-point/SW-SSN0724/sample/3505798/observation/0076,SW-SSN0724,STAFFORD BARTON BROOK AT HAM FARM,257487,111443,SouthWest,SOUTH WEST - DEVON AND CORNWALL,EAST DEVON AND CORNWALL,OPEN,FRESHWATER - RIVERS,2024-02-05 11:12:00,MONITORING  (NATIONAL AGENCY POLICY),RIVER / RUNNING SURFACE WATER,0076,Temperature of Water,9.2,CELSIUS,2024-02-05
https://environment.data.gov.uk/water-quality/sampling-point/SW-SSN0736/sample/3505441/observation/0076,SW-SSN0736,CHILVERTON DRAIN AT COLDRIDGE - CHILVERTON DRAIN,269886,106760,SouthWest,SOUTH WEST - DEVON AND CORNWALL,EAST DEVON AND CORNWALL,OPEN,FRESHWATER - RIVERS,2024-02-02 10:30:00,MONITORING  (NATIONAL AGENCY POLICY),RIVER / RUNNING SURFACE WATER,0076,Temperature of Water,9,CELSIUS,2024-02-02
https://environment.data.gov.uk/water-quality/sampling-point/SW-SSN0740/sample/3505986/observation/0076,SW-SSN0740,WATERGATE STREAM AT ILLOGAN,167575,43945,SouthWest,SOUTH WEST - DEVON AND CORNWALL,WEST DEVON AND CORNWALL,OPEN,FRESHWATER - RIVERS,2024-02-07 11:49:00,MONITORING  (NATIONAL AGENCY POLICY),RIVER / RUNNING SURFACE WATER,0076,Temperature of Water,12.1,CELSIUS,2024-02-07
https://environment.data.gov.uk/water-quality/sampling-point/SW-SSN1300/sample/3506062/observation/0076,SW-SSN1300,BIOGAS STREAM AT HIGHER MANWORTHY,234091,105815,SouthWest,SOUTH WEST - DEVON AND CORNWALL,CENTRAL DEVON AND CORNWALL,OPEN,FRESHWATER - RIVERS,2024-02-07 12:08:00,MONITORING  (NATIONAL AGENCY POLICY),RIVER / RUNNING SURFACE WATER,0076,Temperature of Water,9.5,CELSIUS,2024-02-07
https://environment.data.gov.uk/water-quality/sampling-point/SW-SSN1352/sample/3505873/observation/0076,SW-SSN1352,RADFORD STREAM AT BUDDLE WOOD,250958,52319,SouthWest,SOUTH WEST - DEVON AND CORNWALL,CENTRAL DEVON AND CORNWALL,OPEN,FRESHWATER - RIVERS,2024-02-05 13:02:00,MONITORING  (NATIONAL AGENCY POLICY),RIVER / RUNNING SURFACE WATER,0076,Temperature of Water,11.4,CELSIUS,2024-02-05
https://environment.data.gov.uk/water-quality/sampling-point/SW-SSN1364/sample/3506063/observation/0076,SW-SSN1364,ODD MILL STREAM AT SWANNACOTT WOOD,224771,98406,SouthWest,SOUTH WEST - DEVON AND CORNWALL,CENTRAL DEVON AND CORNWALL,OPEN,FRESHWATER - RIVERS,2024-02-07 13:08:00,MONITORING  (NATIONAL AGENCY POLICY),RIVER / RUNNING SURFACE WATER,0076,Temperature of Water,9.6,CELSIUS,2024-02-07
https://environment.data.gov.uk/water-quality/sampling-point/SW-SSN1376/sample/3506594/observation/0076,SW-SSN1376,COFTON CROSS,296323,80271,SouthWest,SOUTH WEST - DEVON AND CORNWALL,CENTRAL DEVON AND CORNWALL,OPEN,FRESHWATER - RIVERS,2024-02-14 09:02:00,MONITORING  (NATIONAL AGENCY POLICY),RIVER / RUNNING SURFACE WATER,0076,Temperature of Water,11.1,CELSIUS,2024-02-14
https://environment.data.gov.uk/water-quality/sampling-point/SW-SSN1380/sample/3506725/observation/0076,SW-SSN1380,COLLACOTT,251148,129867,SouthWest,SOUTH WEST - DEVON AND CORNWALL,EAST DEVON AND CORNWALL,OPEN,FRESHWATER - RIVERS,2024-02-16 12:35:00,MONITORING  (NATIONAL AGENCY POLICY),RIVER / RUNNING SURFACE WATER,0076,Temperature of Water,10.3,CELSIUS,2024-02-16
https://environment.data.gov.uk/water-quality/sampling-point/SW-SSN1392/sample/3505987/observation/0076,SW-SSN1392,FORD BROOK AT FORD FARM - FORD BROOK,267315,115781,SouthWest,SOUTH WEST - DEVON AND CORNWALL,EAST DEVON AND CORNWALL,OPEN,FRESHWATER - RIVERS,2024-02-07 12:43:00,MONITORING  (NATIONAL AGENCY POLICY),RIVER / RUNNING SURFACE WATER,0076,Temperature of Water,8.7,CELSIUS,2024-02-07
https://environment.data.gov.uk/water-quality/sampling-point/SW-SSN1408/sample/3505263/observation/0076,SW-SSN1408,LOCKS COTTAGE DRAIN - LOCKS COTTAGE DRAIN,304595,114612,SouthWest,SOUTH WEST - DEVON AND CORNWALL,EAST DEVON AND CORNWALL,OPEN,FRESHWATER - RIVERS,2024-02-01 11:08:00,MONITORING  (NATIONAL AGENCY POLICY),RIVER / RUNNING SURFACE WATER,0076,Temperature of Water,6.7,CELSIUS,2024-02-01
https://environment.data.gov.uk/water-quality/sampling-point/SW-SSN1428/sample/3505894/observation/0076,SW-SSN1428,HALSINGER - WINSHAM BROOK,250997,138712,SouthWest,SOUTH WEST - DEVON AND CORNWALL,EAST DEVON AND CORNWALL,OPEN,FRESHWATER - RIVERS,2024-02-06 13:39:00,MONITORING  (NATIONAL AGENCY POLICY),RIVER / RUNNING SURFACE WATER,0076,Temperature of Water,11,CELSIUS,2024-02-06
https://environment.data.gov.uk/water-quality/sampling-point/SW-SSN1440/sample/3506083/observation/0076,SW-SSN1440,TASTERS WOOD STREAM NR BICKLEIGH CASTLE,293641,106483,SouthWest,SOUTH WEST - DEVON AND CORNWALL,EAST DEVON AND CORNWALL,OPEN,FRESHWATER - RIVERS,2024-02-08 13:48:00,MONITORING  (NATIONAL AGENCY POLICY),RIVER / RUNNING SURFACE WATER,0076,Temperature of Water,9.7,CELSIUS,2024-02-08
https://environment.data.gov.uk/water-quality/sampling-point/SW-SSN1460/sample/3506555/observation/0076,SW-SSN1460,BROOK LAKE AT SWAINSTONE CROSS - BROOK LAKE,260135,54189,SouthWest,SOUTH WEST - DEVON AND CORNWALL,CENTRAL DEVON AND CORNWALL,OPEN,FRESHWATER - RIVERS,2024-02-14 11:49:00,MONITORING  (NATIONAL AGENCY POLICY),RIVER / RUNNING SURFACE WATER,0076,Temperature of Water,10.6,CELSIUS,2024-02-14
https://environment.data.gov.uk/water-quality/sampling-point/SW-SSN1480/sample/3505988/observation/0076,SW-SSN1480,CRIFT STREAM AT TREGANTLE - CRIFT STREAM,206403,59736,SouthWest,SOUTH WEST - DEVON AND CORNWALL,WEST DEVON AND CORNWALL,OPEN,FRESHWATER - RIVERS,2024-02-07 11:49:00,MONITORING  (NATIONAL AGENCY POLICY),RIVER / RUNNING SURFACE WATER,0076,Temperature of Water,10.3,CELSIUS,2024-02-07
https://environment.data.gov.uk/water-quality/sampling-point/SW-SSN1488/sample/3506084/observation/0076,SW-SSN1488,SNOD BROOK TRIB AT VOGGIS HILL FARM - SNOD BROOK,315381,91447,SouthWest,SOUTH WEST - DEVON AND CORNWALL,EAST DEVON AND CORNWALL,OPEN,FRESHWATER - RIVERS,2024-02-08 13:04:00,MONITORING  (NATIONAL AGENCY POLICY),RIVER / RUNNING SURFACE WATER,0076,Temperature of Water,9.5,CELSIUS,2024-02-08
https://environment.data.gov.uk/water-quality/sampling-point/SW-SSN1492/sample/3505264/observation/0076,SW-SSN1492,PRIESTACOTT BROOK AT WHITEHOUSE SERVICES,261781,94743,SouthWest,SOUTH WEST - DEVON AND CORNWALL,EAST DEVON AND CORNWALL,OPEN,FRESHWATER - RIVERS,2024-02-01 14:03:00,MONITORING  (NATIONAL AGENCY POLICY),RIVER / RUNNING SURFACE WATER,0076,Temperature of Water,9.2,CELSIUS,2024-02-01
https://environment.data.gov.uk/water-quality/sampling-point/SW-SSN1504/sample/3506434/observation/0076,SW-SSN1504,CHENSON BROOK AT CHENSON FARM,270251,109776,SouthWest,SOUTH WEST - DEVON AND CORNWALL,EAST DEVON AND CORNWALL,OPEN,FRESHWATER - RIVERS,2024-02-13 10:26:00,MONITORING  (NATIONAL AGENCY POLICY),RIVER / RUNNING SURFACE WATER,0076,Temperature of Water,8.7,CELSIUS,2024-02-13
https://environment.data.gov.uk/water-quality/sampling-point/SW-7005GW05/sample/3509100/observation/0076,SW-7005GW05,"DEVON VALLEY MILL, HELE",299100,102700,SouthWest,SOUTH WEST - DEVON AND CORNWALL,EAST DEVON AND CORNWALL,OPEN,GROUNDWATER - BOREHOLE,2024-03-15 09:48:00,ENVIRONMENTAL MONITORING STATUTORY (EU DIRECTIVES),GROUNDWATER - PURGED/PUMPED/REFILLED,0076,Temperature of Water,11.9,CELSIUS,2024-03-15
https://environment.data.gov.uk/water-quality/sampling-point/SW-70211085/sample/3508289/observation/0076,SW-70211085,"SPRINGCOMBE SPRING, SALCOMBE REGIS",314824,88580,SouthWest,SOUTH WEST - DEVON AND CORNWALL,EAST DEVON AND CORNWALL,OPEN,GROUNDWATER - SPRING,2024-03-04 10:20:00,ENVIRONMENTAL MONITORING STATUTORY (EU DIRECTIVES),GROUNDWATER,0076,Temperature of Water,9.5,CELSIUS,2024-03-04
https://environment.data.gov.uk/water-quality/sampling-point/SW-70220104/sample/3509825/observation/0076,SW-70220104,"RIVER AXE AT AXE BRIDGE BELOW COLYTON & COLYFORD STW, ALTERNATIVE HISTORIC DATA ON URN WSTW7554B",325931,92648,SouthWest,SOUTH WEST - DEVON AND CORNWALL,EAST DEVON AND CORNWALL,OPEN,FRESHWATER - RIVERS,2024-03-22 09:47:00,MONITORING  (UK GOVT POLICY - NOT GQA OR RE),RIVER / RUNNING SURFACE WATER,0076,Temperature of Water,10.6,CELSIUS,2024-03-22
https://environment.data.gov.uk/water-quality/sampling-point/SW-70220148/sample/3509847/observation/0076,SW-70220148,RIVER AXE NUNFORD FOOTBRIDGE,326287,94733,SouthWest,SOUTH WEST - DEVON AND CORNWALL,EAST DEVON AND CORNWALL,OPEN,FRESHWATER - RIVERS,2024-03-22 09:19:00,PLANNED INVESTIGATION (LOCAL MONITORING),RIVER / RUNNING SURFACE WATER,0076,Temperature of Water,10.5,CELSIUS,2024-03-22
https://environment.data.gov.uk/water-quality/sampling-point/SW-70220159/sample/3510501/observation/0076,SW-70220159,RIVER AXE AT WHITFORD BRIDGE,326225,95420,SouthWest,SOUTH WEST - DEVON AND CORNWALL,EAST DEVON AND CORNWALL,OPEN,FRESHWATER - RIVERS,2024-03-27 15:11:00,MONITORING  (UK GOVT POLICY - NOT GQA OR RE),RIVER / RUNNING SURFACE WATER,0076,Temperature of Water,8.8,CELSIUS,2024-03-27
https://environment.data.gov.uk/water-quality/sampling-point/SW-70220169/sample/3508543/observation/0076,SW-70220169,RIVER AXE BELOW AXMINSTER (KILMINGTON) STW,327823,97310,SouthWest,SOUTH WEST - DEVON AND CORNWALL,EAST DEVON AND CORNWALL,OPEN,FRESHWATER - RIVERS,2024-03-07 09:15:00,PLANNED INVESTIGATION (LOCAL MONITORING),RIVER / RUNNING SURFACE WATER,0076,Temperature of Water,6.7,CELSIUS,2024-03-07
https://environment.data.gov.uk/water-quality/sampling-point/SW-70220175/sample/3510464/observation/0076,SW-70220175,RIVER AXE ABOVE AXMINSTER (KILMINGTON) STW,327856,97351,SouthWest,SOUTH WEST - DEVON AND CORNWALL,EAST DEVON AND CORNWALL,OPEN,FRESHWATER - RIVERS,2024-03-27 15:15:00,PLANNED INVESTIGATION (LOCAL MONITORING),RIVER / RUNNING SURFACE WATER,0076,Temperature of Water,9,CELSIUS,2024-03-27
https://environment.data.gov.uk/water-quality/sampling-point/SW-70220505/sample/3509826/observation/0076,SW-70220505,RIVER COLY AT COLYFORD,325339,92658,SouthWest,SOUTH WEST - DEVON AND CORNWALL,EAST DEVON AND CORNWALL,OPEN,FRESHWATER - RIVERS,2024-03-22 09:57:00,PLANNED INVESTIGATION (LOCAL MONITORING),RIVER / RUNNING SURFACE WATER,0076,Temperature of Water,10.1,CELSIUS,2024-03-22
https://environment.data.gov.uk/water-quality/sampling-point/SW-70220535/sample/3509086/observation/0076,SW-70220535,NANNIES WATER @ BRIDGE ON BONEHAYNE & PURLBRIDGE ROAD,322681,94397,SouthWest,SOUTH WEST - DEVON AND CORNWALL,EAST DEVON AND CORNWALL,OPEN,FRESHWATER - RIVERS,2024-03-15 08:44:00,PLANNED INVESTIGATION (LOCAL MONITORING),RIVER / RUNNING SURFACE WATER,0076,Temperature of Water,9.9,CELSIUS,2024-03-15
https://environment.data.gov.uk/water-quality/sampling-point/SW-70220566/sample/3509067/observation/0076,SW-70220566,RIVER COLY AT WOODBRIDGE,318880,95322,SouthWest,SOUTH WEST - DEVON AND CORNWALL,EAST DEVON AND CORNWALL,OPEN,FRESHWATER - RIVERS,2024-03-15 08:22:00,PLANNED INVESTIGATION (LOCAL MONITORING),RIVER / RUNNING SURFACE WATER,0076,Temperature of Water,9.9,CELSIUS,2024-03-15
https://environment.data.gov.uk/water-quality/sampling-point/SW-70220602/sample/3509062/observation/0076,SW-70220602,UMBORNE BROOK AT UMBORNE BRIDGE,324868,94252,SouthWest,SOUTH WEST - DEVON AND CORNWALL,EAST DEVON AND CORNWALL,OPEN,FRESHWATER - RIVERS,2024-03-15 09:05:00,PLANNED INVESTIGATION (LOCAL MONITORING),RIVER / RUNNING SURFACE WATER,0076,Temperature of Water,10.2,CELSIUS,2024-03-15
https://environment.data.gov.uk/water-quality/sampling-point/SW-70220655/sample/3512321/observation/0076,SW-70220655,WILMINGTON WTW,321450,100350,SouthWest,SOUTH WEST - DEVON AND CORNWALL,EAST DEVON AND CORNWALL,OPEN,TRADE DISCHARGES - PROCESS EFFLUENT - WATER COMPANY (WTW),2024-03-05 08:56:00,WATER QUALITY OPERATOR SELF MONITORING COMPLIANCE DATA,ANY TRADE EFFLUENT,0076,Temperature of Water,11,CELSIUS,2024-03-05
https://environment.data.gov.uk/water-quality/sampling-point/SW-70221203/sample/3509103/observation/0076,SW-70221203,OFFWELL BROOK AT ROADPITT FARM,321482,95324,SouthWest,SOUTH WEST - DEVON AND CORNWALL,EAST DEVON AND CORNWALL,OPEN,FRESHWATER - RIVERS,2024-03-15 08:36:00,PLANNED INVESTIGATION (LOCAL MONITORING),RIVER / RUNNING SURFACE WATER,0076,Temperature of Water,10,CELSIUS,2024-03-15
https://environment.data.gov.uk/water-quality/sampling-point/SW-70229999/sample/3508203/observation/0076,SW-70229999,MISCELLANEOUS MIDDLE AXE CATCHMENT,325900,92600,SouthWest,SOUTH WEST - DEVON AND CORNWALL,EAST DEVON AND CORNWALL,OPEN,POLLUTION/INVESTIGATION POINTS - ENVIRONMENT,2024-03-01 12:41:00,UNPLANNED REACTIVE MONITORING FORMAL (POLLUTION INCIDENTS),RIVER / RUNNING SURFACE WATER,0076,Temperature of Water,8.3,CELSIUS,2024-03-01
https://environment.data.gov.uk/water-quality/sampling-point/SW-70229999/sample/3508204/observation/0076,SW-70229999,MISCELLANEOUS MIDDLE AXE CATCHMENT,325900,92600,SouthWest,SOUTH WEST - DEVON AND CORNWALL,EAST DEVON AND CORNWALL,OPEN,POLLUTION/INVESTIGATION POINTS - ENVIRONMENT,2024-03-01 13:04:00,UNPLANNED REACTIVE MONITORING FORMAL (POLLUTION INCIDENTS),RIVER / RUNNING SURFACE WATER,0076,Temperature of Water,8.7,CELSIUS,2024-03-01
https://environment.data.gov.uk/water-quality/sampling-point/SW-70229999/sample/3508205/observation/0076,SW-70229999,MISCELLANEOUS MIDDLE AXE CATCHMENT,325900,92600,SouthWest,SOUTH WEST - DEVON AND CORNWALL,EAST DEVON AND CORNWALL,OPEN,POLLUTION/INVESTIGATION POINTS - ENVIRONMENT,2024-03-01 14:10:00,UNPLANNED REACTIVE MONITORING FORMAL (POLLUTION INCIDENTS),RIVER / RUNNING SURFACE WATER,0076,Temperature of Water,7.8,CELSIUS,2024-03-01
https://environment.data.gov.uk/water-quality/sampling-point/SW-70229999/sample/3508208/observation/0076,SW-70229999,MISCELLANEOUS MIDDLE AXE CATCHMENT,325900,92600,SouthWest,SOUTH WEST - DEVON AND CORNWALL,EAST DEVON AND CORNWALL,OPEN,POLLUTION/INVESTIGATION POINTS - ENVIRONMENT,2024-03-01 12:45:00,UNPLANNED REACTIVE MONITORING FORMAL (POLLUTION INCIDENTS),RIVER / RUNNING SURFACE WATER,0076,Temperature of Water,7.5,CELSIUS,2024-03-01
https://environment.data.gov.uk/water-quality/sampling-point/SW-70230103/sample/3509880/observation/0076,SW-70230103,RIVER AXE AT BOW BRIDGE,329048,98203,SouthWest,SOUTH WEST - DEVON AND CORNWALL,EAST DEVON AND CORNWALL,OPEN,FRESHWATER - RIVERS,2024-03-22 08:52:00,PLANNED INVESTIGATION (LOCAL MONITORING),RIVER / RUNNING SURFACE WATER,0076,Temperature of Water,10.3,CELSIUS,2024-03-22
https://environment.data.gov.uk/water-quality/sampling-point/SW-70230605/sample/3509827/observation/0076,SW-70230605,KIT BROOK AT AXE FARM,331944,101641,SouthWest,SOUTH WEST - DEVON AND CORNWALL,EAST DEVON AND CORNWALL,OPEN,FRESHWATER - RIVERS,2024-03-22 08:36:00,PLANNED INVESTIGATION (LOCAL MONITORING),RIVER / RUNNING SURFACE WATER,0076,Temperature of Water,9.8,CELSIUS,2024-03-22
https://environment.data.gov.uk/water-quality/sampling-point/SW-70230645/sample/3512457/observation/0076,SW-70230645,HOOK WTW,330750,105500,SouthWest,SOUTH WEST - DEVON AND CORNWALL,EAST DEVON AND CORNWALL,OPEN,TRADE DISCHARGES - PROCESS EFFLUENT - WATER COMPANY (WTW),2024-03-05 10:30:00,WATER QUALITY OPERATOR SELF MONITORING COMPLIANCE DATA,ANY TRADE EFFLUENT,0076,Temperature of Water,11,CELSIUS,2024-03-05
https://environment.data.gov.uk/water-quality/sampling-point/SW-70240209/sample/3509863/observation/0076,SW-70240209,"RIVER YARTY AT A35 BRIDGE, GAMMONS HILL",328150,98010,SouthWest,SOUTH WEST - DEVON AND CORNWALL,EAST DEVON AND CORNWALL,OPEN,FRESHWATER - RIVERS,2024-03-22 08:59:00,PLANNED INVESTIGATION (LOCAL MONITORING),RIVER / RUNNING SURFACE WATER,0076,Temperature of Water,10.1,CELSIUS,2024-03-22
https://environment.data.gov.uk/water-quality/sampling-point/SW-70240215/sample/3510375/observation/0076,SW-70240215,"R. YARTY AT WESTWATER FARM, AXMINSTER",327687,99732,SouthWest,SOUTH WEST - DEVON AND CORNWALL,EAST DEVON AND CORNWALL,OPEN,FRESHWATER - RIVERS,2024-03-26 09:18:00,PLANNED INVESTIGATION (LOCAL MONITORING),RIVER / RUNNING SURFACE WATER,0076,Temperature of Water,9.2,CELSIUS,2024-03-26
https://environment.data.gov.uk/water-quality/sampling-point/SW-70240223/sample/3508908/observation/0076,SW-70240223,RIVER YARTY AT BECKFORD BRIDGE,326539,101447,SouthWest,SOUTH WEST - DEVON AND CORNWALL,EAST DEVON AND CORNWALL,OPEN,FRESHWATER - RIVERS,2024-03-13 10:34:00,PLANNED INVESTIGATION (LOCAL MONITORING),RIVER / RUNNING SURFACE WATER,0076,Temperature of Water,9.6,CELSIUS,2024-03-13
https://environment.data.gov.uk/water-quality/sampling-point/SW-70240231/sample/3508948/observation/0076,SW-70240231,R. YARTY-D/S OF BRIDGE AT CRANDONS FARM,325923,103587,SouthWest,SOUTH WEST - DEVON AND CORNWALL,EAST DEVON AND CORNWALL,OPEN,FRESHWATER - RIVERS,2024-03-13 10:19:00,PLANNED INVESTIGATION (LOCAL MONITORING),RIVER / RUNNING SURFACE WATER,0076,Temperature of Water,9.5,CELSIUS,2024-03-13
https://environment.data.gov.uk/water-quality/sampling-point/SW-70240265/sample/3508928/observation/0076,SW-70240265,RIVER YARTY AT NEWHAVEN BRIDGE,325863,110972,SouthWest,SOUTH WEST - DEVON AND CORNWALL,EAST DEVON AND CORNWALL,OPEN,FRESHWATER - RIVERS,2024-03-13 09:32:00,PLANNED INVESTIGATION (LOCAL MONITORING),RIVER / RUNNING SURFACE WATER,0076,Temperature of Water,9.1,CELSIUS,2024-03-13
https://environment.data.gov.uk/water-quality/sampling-point/SW-70240325/sample/3510374/observation/0076,SW-70240325,"CORRY BROOK - 100M U/S OF ROAD BRIDGE, OLD CORRYTON",326840,99080,SouthWest,SOUTH WEST - DEVON AND CORNWALL,EAST DEVON AND CORNWALL,OPEN,FRESHWATER - RIVERS,2024-03-26 08:53:00,PLANNED INVESTIGATION (LOCAL MONITORING),RIVER / RUNNING SURFACE WATER,0076,Temperature of Water,9.1,CELSIUS,2024-03-26
https://environment.data.gov.uk/water-quality/sampling-point/SW-70240360/sample/3509085/observation/0076,SW-70240360,"CORRY BROOK AT ROAD BRIDGE, D/S OF MILLHAYES",324058,102926,SouthWest,SOUTH WEST - DEVON AND CORNWALL,EAST DEVON AND CORNWALL,OPEN,FRESHWATER - RIVERS,2024-03-15 14:16:00,PLANNED INVESTIGATION (LOCAL MONITORING),RIVER / RUNNING SURFACE WATER,0076,Temperature of Water,11.3,CELSIUS,2024-03-15
https://environment.data.gov.uk/water-quality/sampling-point/SW-70240902/sample/3509749/observation/0076,SW-70240902,"SPRING AT MEMBURY FOLLY, MEMBURY",327973,103281,SouthWest,SOUTH WEST - DEVON AND CORNWALL,EAST DEVON AND CORNWALL,OPEN,GROUNDWATER - SPRING,2024-03-21 08:57:00,ENVIRONMENTAL MONITORING STATUTORY (EU DIRECTIVES),GROUNDWATER,0076,Temperature of Water,10.7,CELSIUS,2024-03-21
https://environment.data.gov.uk/water-quality/sampling-point/SW-70241225/sample/3508929/observation/0076,SW-70241225,"R. YARTY - 30M U/S OF FOOTBRIDGE, YARCOMBE",325601,106901,SouthWest,SOUTH WEST - DEVON AND CORNWALL,EAST DEVON AND CORNWALL,OPEN,FRESHWATER - RIVERS,2024-03-13 09:48:00,PLANNED INVESTIGATION (LOCAL MONITORING),RIVER / RUNNING SURFACE WATER,0076,Temperature of Water,9.3,CELSIUS,2024-03-13
https://environment.data.gov.uk/water-quality/sampling-point/SW-70420102/sample/3509872/observation/0076,SW-70420102,RIVER OTTER AT OTTERTON,307896,85282,SouthWest,SOUTH WEST - DEVON AND CORNWALL,EAST DEVON AND CORNWALL,OPEN,FRESHWATER - RIVERS,2024-03-22 11:17:00,MONITORING  (UK GOVT POLICY - NOT GQA OR RE),RIVER / RUNNING SURFACE WATER,0076,Temperature of Water,10.6,CELSIUS,2024-03-22
https://environment.data.gov.uk/water-quality/sampling-point/SW-70420116/sample/3508261/observation/0076,SW-70420116,RIVER OTTER AT DOTTON MILL,308730,88570,SouthWest,SOUTH WEST - DEVON AND CORNWALL,EAST DEVON AND CORNWALL,OPEN,FRESHWATER - RIVERS,2024-03-04 11:32:00,MONITORING  (UK GOVT POLICY - NOT GQA OR RE),RIVER / RUNNING SURFACE WATER,0076,Temperature of Water,7,CELSIUS,2024-03-04
https://environment.data.gov.uk/water-quality/sampling-point/SW-70420305/sample/3508462/observation/0076,SW-70420305,"RIGGLES FARM SPRING, LUPPITT",318365,109418,SouthWest,SOUTH WEST - DEVON AND CORNWALL,EAST DEVON AND CORNWALL,OPEN,GROUNDWATER - SPRING,2024-03-06 09:31:00,ENVIRONMENTAL MONITORING STATUTORY (EU DIRECTIVES),GROUNDWATER,0076,Temperature of Water,10.7,CELSIUS,2024-03-06
https://environment.data.gov.uk/water-quality/sampling-point/SW-70422007/sample/3509828/observation/0076,SW-70422007,RIVER TALE AT TALEFORD,308935,96908,SouthWest,SOUTH WEST - DEVON AND CORNWALL,EAST DEVON AND CORNWALL,OPEN,FRESHWATER - RIVERS,2024-03-22 10:36:00,ENVIRONMENTAL MONITORING STATUTORY (EU DIRECTIVES),RIVER / RUNNING SURFACE WATER,0076,Temperature of Water,10.2,CELSIUS,2024-03-22
https://environment.data.gov.uk/water-quality/sampling-point/SW-70501029/sample/3509760/observation/0076,SW-70501029,RIVER YEO (CREEDY) AT GUNSTONE MILLS,280586,98496,SouthWest,SOUTH WEST - DEVON AND CORNWALL,EAST DEVON AND CORNWALL,OPEN,FRESHWATER - RIVERS,2024-03-20 13:09:00,MONITORING  (NATIONAL AGENCY POLICY),RIVER / RUNNING SURFACE WATER,0076,Temperature of Water,12,CELSIUS,2024-03-20
https://environment.data.gov.uk/water-quality/sampling-point/SW-70510107/sample/3508449/observation/0076,SW-70510107,EXMOUTH BEACH (22300),300920,79980,SouthWest,SOUTH WEST - DEVON AND CORNWALL,EAST DEVON AND CORNWALL,OPEN,SALINE WATER - DESIGNATED BATHING BEACHES,2024-03-06 13:58:00,PLANNED INVESTIGATION (LOCAL MONITORING),SEA WATER,0076,Temperature of Water,10.4,CELSIUS,2024-03-06
https://environment.data.gov.uk/water-quality/sampling-point/SW-70510107/sample/3509002/observation/0076,SW-70510107,EXMOUTH BEACH (22300),300920,79980,SouthWest,SOUTH WEST - DEVON AND CORNWALL,EAST DEVON AND CORNWALL,OPEN,SALINE WATER - DESIGNATED BATHING BEACHES,2024-03-14 13:24:00,PLANNED INVESTIGATION (LOCAL MONITORING),SEA WATER,0076,Temperature of Water,10.8,CELSIUS,2024-03-14
https://environment.data.gov.uk/water-quality/sampling-point/SW-70510107/sample/3509635/observation/0076,SW-70510107,EXMOUTH BEACH (22300),300920,79980,SouthWest,SOUTH WEST - DEVON AND CORNWALL,EAST DEVON AND CORNWALL,OPEN,SALINE WATER - DESIGNATED BATHING BEACHES,2024-03-19 13:45:00,PLANNED INVESTIGATION (LOCAL MONITORING),SEA WATER,0076,Temperature of Water,11.8,CELSIUS,2024-03-19
https://environment.data.gov.uk/water-quality/sampling-point/SW-70510107/sample/3509908/observation/0076,SW-70510107,EXMOUTH BEACH (22300),300920,79980,SouthWest,SOUTH WEST - DEVON AND CORNWALL,EAST DEVON AND CORNWALL,OPEN,SALINE WATER - DESIGNATED BATHING BEACHES,2024-03-25 14:19:00,PLANNED INVESTIGATION (LOCAL MONITORING),SEA WATER,0076,Temperature of Water,10.2,CELSIUS,2024-03-25
https://environment.data.gov.uk/water-quality/sampling-point/SW-70510360/sample/3508225/observation/0076,SW-70510360,EXE ESTUARY - TURF,296546,85892,SouthWest,SOUTH WEST - DEVON AND CORNWALL,ECMAS SAMPLING (DEVON AND CORNWALL),OPEN,SALINE WATER - ESTUARINE SITES - NON BATHING/SHELLFISH,2024-03-03 10:02:00,ENVIRONMENTAL MONITORING STATUTORY (EU DIRECTIVES),ESTUARINE WATER,0076,Temperature of Water,7,CELSIUS,2024-03-03
https://environment.data.gov.uk/water-quality/sampling-point/SW-70510406/sample/3508227/observation/0076,SW-70510406,RIVER EXE OPPOSITE RIVERSMEET HOUSE,296710,87210,SouthWest,SOUTH WEST - DEVON AND CORNWALL,ECMAS SAMPLING (DEVON AND CORNWALL),OPEN,SALINE WATER - ESTUARINE SITES - NON BATHING/SHELLFISH,2024-03-03 09:51:00,ENVIRONMENTAL MONITORING STATUTORY (EU DIRECTIVES),ESTUARINE WATER,0076,Temperature of Water,6.6,CELSIUS,2024-03-03
https://environment.data.gov.uk/water-quality/sampling-point/SW-70514615/sample/3508286/observation/0076,SW-70514615,NORTH BROOK AT NORTHBROOK PARK,293954,90635,SouthWest,SOUTH WEST - DEVON AND CORNWALL,EAST DEVON AND CORNWALL,OPEN,FRESHWATER - RIVERS,2024-03-04 13:22:00,PLANNED INVESTIGATION (LOCAL MONITORING),RIVER / RUNNING SURFACE WATER,0076,Temperature of Water,9,CELSIUS,2024-03-04
https://environment.data.gov.uk/water-quality/sampling-point/SW-70514620/sample/3508477/observation/0076,SW-70514620,MINCINGLAKE AT CALTHORPE ROAD,294052,94022,SouthWest,SOUTH WEST - DEVON AND CORNWALL,EAST DEVON AND CORNWALL,OPEN,FRESHWATER - RIVERS,2024-03-06 12:14:00,PLANNED INVESTIGATION (LOCAL MONITORING),RIVER / RUNNING SURFACE WATER,0076,Temperature of Water,8.1,CELSIUS,2024-03-06
https://environment.data.gov.uk/water-quality/sampling-point/SW-70530026/sample/3510503/observation/0076,SW-70530026,LOWER WOODBEARE FARM,305900,104600,SouthWest,SOUTH WEST - DEVON AND CORNWALL,EAST DEVON AND CORNWALL,OPEN,GROUNDWATER - BOREHOLE,2024-03-27 15:13:00,ENVIRONMENTAL MONITORING STATUTORY (EU DIRECTIVES),GROUNDWATER - PURGED/PUMPED/REFILLED,0076,Temperature of Water,11.7,CELSIUS,2024-03-27
https://environment.data.gov.uk/water-quality/sampling-point/SW-70531310/sample/3508436/observation/0076,SW-70531310,RIVER CULM AT BRIDGEHOUSE BRIDGE CLAYHIDON,315992,114087,SouthWest,SOUTH WEST - DEVON AND CORNWALL,EAST DEVON AND CORNWALL,OPEN,FRESHWATER - RIVERS,2024-03-06 11:16:00,MONITORING  (UK GOVT POLICY - NOT GQA OR RE),RIVER / RUNNING SURFACE WATER,0076,Temperature of Water,6.5,CELSIUS,2024-03-06
https://environment.data.gov.uk/water-quality/sampling-point/SW-70531310/sample/3508792/observation/0076,SW-70531310,RIVER CULM AT BRIDGEHOUSE BRIDGE CLAYHIDON,315992,114087,SouthWest,SOUTH WEST - DEVON AND CORNWALL,EAST DEVON AND CORNWALL,OPEN,FRESHWATER - RIVERS,2024-03-12 08:45:00,MONITORING  (UK GOVT POLICY - NOT GQA OR RE),RIVER / RUNNING SURFACE WATER,0076,Temperature of Water,8.3,CELSIUS,2024-03-12
https://environment.data.gov.uk/water-quality/sampling-point/SW-70531310/sample/3509581/observation/0076,SW-70531310,RIVER CULM AT BRIDGEHOUSE BRIDGE CLAYHIDON,315992,114087,SouthWest,SOUTH WEST - DEVON AND CORNWALL,EAST DEVON AND CORNWALL,OPEN,FRESHWATER - RIVERS,2024-03-18 09:02:00,MONITORING  (UK GOVT POLICY - NOT GQA OR RE),RIVER / RUNNING SURFACE WATER,0076,Temperature of Water,9.1,CELSIUS,2024-03-18
https://environment.data.gov.uk/water-quality/sampling-point/SW-70531310/sample/3509904/observation/0076,SW-70531310,RIVER CULM AT BRIDGEHOUSE BRIDGE CLAYHIDON,315992,114087,SouthWest,SOUTH WEST - DEVON AND CORNWALL,EAST DEVON AND CORNWALL,OPEN,FRESHWATER - RIVERS,2024-03-25 08:46:00,MONITORING  (UK GOVT POLICY - NOT GQA OR RE),RIVER / RUNNING SURFACE WATER,0076,Temperature of Water,8.4,CELSIUS,2024-03-25
https://environment.data.gov.uk/water-quality/sampling-point/SW-70533913/sample/3508152/observation/0076,SW-70533913,SHELDON STREAM AT CRADDOCK BRIDGE,308727,112446,SouthWest,SOUTH WEST - DEVON AND CORNWALL,EAST DEVON AND CORNWALL,OPEN,FRESHWATER - RIVERS,2024-03-01 08:49:00,MONITORING  (UK GOVT POLICY - NOT GQA OR RE),RIVER / RUNNING SURFACE WATER,0076,Temperature of Water,5.7,CELSIUS,2024-03-01
https://environment.data.gov.uk/water-quality/sampling-point/SW-70533913/sample/3508819/observation/0076,SW-70533913,SHELDON STREAM AT CRADDOCK BRIDGE,308727,112446,SouthWest,SOUTH WEST - DEVON AND CORNWALL,EAST DEVON AND CORNWALL,OPEN,FRESHWATER - RIVERS,2024-03-12 09:25:00,MONITORING  (UK GOVT POLICY - NOT GQA OR RE),RIVER / RUNNING SURFACE WATER,0076,Temperature of Water,8.6,CELSIUS,2024-03-12
https://environment.data.gov.uk/water-quality/sampling-point/SW-70533913/sample/3509598/observation/0076,SW-70533913,SHELDON STREAM AT CRADDOCK BRIDGE,308727,112446,SouthWest,SOUTH WEST - DEVON AND CORNWALL,EAST DEVON AND CORNWALL,OPEN,FRESHWATER - RIVERS,2024-03-18 09:39:00,MONITORING  (UK GOVT POLICY - NOT GQA OR RE),RIVER / RUNNING SURFACE WATER,0076,Temperature of Water,9.4,CELSIUS,2024-03-18
https://environment.data.gov.uk/water-quality/sampling-point/SW-70533913/sample/3509916/observation/0076,SW-70533913,SHELDON STREAM AT CRADDOCK BRIDGE,308727,112446,SouthWest,SOUTH WEST - DEVON AND CORNWALL,EAST DEVON AND CORNWALL,OPEN,FRESHWATER - RIVERS,2024-03-25 09:21:00,MONITORING  (UK GOVT POLICY - NOT GQA OR RE),RIVER / RUNNING SURFACE WATER,0076,Temperature of Water,8.6,CELSIUS,2024-03-25
https://environment.data.gov.uk/water-quality/sampling-point/SW-70534704/sample/3508815/observation/0076,SW-70534704,BOLHAM RIVER AT FIVE BRIDGES,315000,112530,SouthWest,SOUTH WEST - DEVON AND CORNWALL,EAST DEVON AND CORNWALL,OPEN,FRESHWATER - RIVERS,2024-03-12 09:02:00,MONITORING  (UK GOVT POLICY - NOT GQA OR RE),RIVER / RUNNING SURFACE WATER,0076,Temperature of Water,8.4,CELSIUS,2024-03-12
https://environment.data.gov.uk/water-quality/sampling-point/SW-70534704/sample/3509594/observation/0076,SW-70534704,BOLHAM RIVER AT FIVE BRIDGES,315000,112530,SouthWest,SOUTH WEST - DEVON AND CORNWALL,EAST DEVON AND CORNWALL,OPEN,FRESHWATER - RIVERS,2024-03-18 09:14:00,MONITORING  (UK GOVT POLICY - NOT GQA OR RE),RIVER / RUNNING SURFACE WATER,0076,Temperature of Water,9.2,CELSIUS,2024-03-18
https://environment.data.gov.uk/water-quality/sampling-point/SW-70534704/sample/3509912/observation/0076,SW-70534704,BOLHAM RIVER AT FIVE BRIDGES,315000,112530,SouthWest,SOUTH WEST - DEVON AND CORNWALL,EAST DEVON AND CORNWALL,OPEN,FRESHWATER - RIVERS,2024-03-25 09:01:00,MONITORING  (UK GOVT POLICY - NOT GQA OR RE),RIVER / RUNNING SURFACE WATER,0076,Temperature of Water,8.6,CELSIUS,2024-03-25
https://environment.data.gov.uk/water-quality/sampling-point/SW-70539999/sample/3508769/observation/0076,SW-70539999,MISCELLANEOUS CULM CATCHMENT,293300,96800,SouthWest,SOUTH WEST - DEVON AND CORNWALL,EAST DEVON AND CORNWALL,OPEN,POLLUTION/INVESTIGATION POINTS - ENVIRONMENT,2024-03-11 10:07:00,UNPLANNED REACTIVE MONITORING (POLLUTION INCIDENTS),RIVER / RUNNING SURFACE WATER,0076,Temperature of Water,8.9,CELSIUS,2024-03-11
https://environment.data.gov.uk/water-quality/sampling-point/SW-70539999/sample/3508770/observation/0076,SW-70539999,MISCELLANEOUS CULM CATCHMENT,293300,96800,SouthWest,SOUTH WEST - DEVON AND CORNWALL,EAST DEVON AND CORNWALL,OPEN,POLLUTION/INVESTIGATION POINTS - ENVIRONMENT,2024-03-11 10:27:00,UNPLANNED REACTIVE MONITORING FORMAL (POLLUTION INCIDENTS),RIVER / RUNNING SURFACE WATER,0076,Temperature of Water,8.9,CELSIUS,2024-03-11
https://environment.data.gov.uk/water-quality/sampling-point/SW-7053GW05/sample/3509893/observation/0076,SW-7053GW05,AXON FARM,308780,115650,SouthWest,SOUTH WEST - DEVON AND CORNWALL,EAST DEVON AND CORNWALL,OPEN,GROUNDWATER - BOREHOLE,2024-03-25 09:55:00,ENVIRONMENTAL MONITORING STATUTORY (EU DIRECTIVES),GROUNDWATER,0076,Temperature of Water,10.2,CELSIUS,2024-03-25
https://environment.data.gov.uk/water-quality/sampling-point/SW-70540110/sample/3508437/observation/0076,SW-70540110,RIVER EXE AT TREWS WEIR  EXETER,292546,91506,SouthWest,SOUTH WEST - DEVON AND CORNWALL,EAST DEVON AND CORNWALL,OPEN,FRESHWATER - RIVERS,2024-03-06 09:32:00,MONITORING  (UK GOVT POLICY - NOT GQA OR RE),RIVER / RUNNING SURFACE WATER,0076,Temperature of Water,6.7,CELSIUS,2024-03-06
https://environment.data.gov.uk/water-quality/sampling-point/SW-70540224/sample/3508434/observation/0076,SW-70540224,RIVER EXE AT THORVERTON GAUGING STATION,293608,101640,SouthWest,SOUTH WEST - DEVON AND CORNWALL,EAST DEVON AND CORNWALL,OPEN,FRESHWATER - RIVERS,2024-03-06 13:14:00,MONITORING  (UK GOVT POLICY - NOT GQA OR RE),RIVER / RUNNING SURFACE WATER,0076,Temperature of Water,7.5,CELSIUS,2024-03-06
https://environment.data.gov.uk/water-quality/sampling-point/SW-70550014/sample/3508865/observation/0076,SW-70550014,"ABBOTSHOOD FARM, GREENWAY",300700,113300,SouthWest,SOUTH WEST - DEVON AND CORNWALL,EAST DEVON AND CORNWALL,OPEN,GROUNDWATER - BOREHOLE,2024-03-12 10:07:00,ENVIRONMENTAL MONITORING STATUTORY (EU DIRECTIVES),GROUNDWATER,0076,Temperature of Water,9,CELSIUS,2024-03-12
https://environment.data.gov.uk/water-quality/sampling-point/SW-70550265/sample/3508867/observation/0076,SW-70550265,RIVER EXE AT HALFPENNY BRIDGE,295239,120538,SouthWest,SOUTH WEST - DEVON AND CORNWALL,EAST DEVON AND CORNWALL,OPEN,FRESHWATER - RIVERS,2024-03-12 11:19:00,MONITORING  (NATIONAL AGENCY POLICY),RIVER / RUNNING SURFACE WATER,0076,Temperature of Water,8.8,CELSIUS,2024-03-12
https://environment.data.gov.uk/water-quality/sampling-point/SW-70591051/sample/3509698/observation/0076,SW-70591051,RIVER CREEDY AT CREEDY BRIDGE,284608,101166,SouthWest,SOUTH WEST - DEVON AND CORNWALL,EAST DEVON AND CORNWALL,OPEN,FRESHWATER - RIVERS,2024-03-21 11:28:00,MONITORING  (NATIONAL AGENCY POLICY),RIVER / RUNNING SURFACE WATER,0076,Temperature of Water,10.9,CELSIUS,2024-03-21
https://environment.data.gov.uk/water-quality/sampling-point/SW-70610159/sample/3509039/observation/0076,SW-70610159,TEIGN ESTUARY - LOWER ESTUARY,292820,72646,SouthWest,SOUTH WEST - DEVON AND CORNWALL,ECMAS SAMPLING (DEVON AND CORNWALL),OPEN,SALINE WATER - DESIGNATED SHELLFISHERIES,2024-03-15 10:30:00,ENVIRONMENTAL MONITORING STATUTORY (EU DIRECTIVES),ESTUARINE WATER,0076,Temperature of Water,10.1,CELSIUS,2024-03-15
https://environment.data.gov.uk/water-quality/sampling-point/SW-70610183/sample/3509099/observation/0076,SW-70610183,TEIGN ESTUARY WEST SHELLFISH WATER,290505,72633,SouthWest,SOUTH WEST - DEVON AND CORNWALL,ECMAS SAMPLING (DEVON AND CORNWALL),OPEN,SALINE WATER - DESIGNATED SHELLFISHERIES,2024-03-15 10:38:00,ENVIRONMENTAL MONITORING STATUTORY (EU DIRECTIVES),ESTUARINE WATER,0076,Temperature of Water,10.3,CELSIUS,2024-03-15
https://environment.data.gov.uk/water-quality/sampling-point/SW-70614780/sample/3509041/observation/0076,SW-70614780,SEA APPROX. 1.25KM EAST OF HOLLICOMBE HEAD                                 (4.5KM WEST SOUTH WEST OF HOPES NOSE OUTFALL),291000,62000,SouthWest,SOUTH WEST - DEVON AND CORNWALL,ECMAS SAMPLING (DEVON AND CORNWALL),OPEN,SALINE WATER - COASTAL SITES - NON BATHING/SHELLFISH,2024-03-15 11:14:00,ENVIRONMENTAL MONITORING STATUTORY (EU DIRECTIVES),SEA WATER,0076,Temperature of Water,10.1,CELSIUS,2024-03-15
https://environment.data.gov.uk/water-quality/sampling-point/SW-70614795/sample/3509042/observation/0076,SW-70614795,SEA APPROX. 1.25KM EAST OF ROUNDHAM HEAD                                   (5.5KM SOUTH WEST OF HOPES NOSE OUTFALL),291000,60000,SouthWest,SOUTH WEST - DEVON AND CORNWALL,ECMAS SAMPLING (DEVON AND CORNWALL),OPEN,SALINE WATER - COASTAL SITES - NON BATHING/SHELLFISH,2024-03-15 11:20:00,ENVIRONMENTAL MONITORING STATUTORY (EU DIRECTIVES),SEA WATER,0076,Temperature of Water,10.1,CELSIUS,2024-03-15
https://environment.data.gov.uk/water-quality/sampling-point/SW-70614940/sample/3509098/observation/0076,SW-70614940,BRIXHAM SHELLFISH WATERS,291300,57400,SouthWest,SOUTH WEST - DEVON AND CORNWALL,ECMAS SAMPLING (DEVON AND CORNWALL),OPEN,SALINE WATER - DESIGNATED SHELLFISHERIES,2024-03-15 11:25:00,ENVIRONMENTAL MONITORING STATUTORY (EU DIRECTIVES),SEA WATER,0076,Temperature of Water,10.1,CELSIUS,2024-03-15
https://environment.data.gov.uk/water-quality/sampling-point/SW-70620133/sample/3508886/observation/0076,SW-70620133,TEIGN BRIDGE     RIVER TEIGN,285877,73460,SouthWest,SOUTH WEST - DEVON AND CORNWALL,CENTRAL DEVON AND CORNWALL,OPEN,FRESHWATER - RIVERS,2024-03-13 12:11:00,ENVIRONMENTAL MONITORING STATUTORY (EU DIRECTIVES),RIVER / RUNNING SURFACE WATER,0076,Temperature of Water,10.5,CELSIUS,2024-03-13
https://environment.data.gov.uk/water-quality/sampling-point/SW-70620154/sample/3510428/observation/0076,SW-70620154,RIVER TEIGN AT PRESTON,285580,74543,SouthWest,SOUTH WEST - DEVON AND CORNWALL,CENTRAL DEVON AND CORNWALL,OPEN,FRESHWATER - RIVERS,2024-03-27 15:02:00,ENVIRONMENTAL MONITORING STATUTORY (EU DIRECTIVES),RIVER / RUNNING SURFACE WATER,0076,Temperature of Water,9.3,CELSIUS,2024-03-27
https://environment.data.gov.uk/water-quality/sampling-point/SW-70620509/sample/3508337/observation/0076,SW-70620509,RIVER LEMON AT BRADLEY PLAYING FIELDS NEWTON ABBOT,285286,70975,SouthWest,SOUTH WEST - DEVON AND CORNWALL,CENTRAL DEVON AND CORNWALL,OPEN,FRESHWATER - RIVERS,2024-03-05 15:18:00,ENVIRONMENTAL MONITORING STATUTORY (EU DIRECTIVES),RIVER / RUNNING SURFACE WATER,0076,Temperature of Water,10.4,CELSIUS,2024-03-05
https://environment.data.gov.uk/water-quality/sampling-point/SW-70620569/sample/3508458/observation/0076,SW-70620569,RIVER LEMON BELOW CONFLUENCE WITH RIVER SIG,278031,73536,SouthWest,SOUTH WEST - DEVON AND CORNWALL,CENTRAL DEVON AND CORNWALL,OPEN,FRESHWATER - RIVERS,2024-03-06 11:58:00,MONITORING  (UK GOVT POLICY - NOT GQA OR RE),RIVER / RUNNING SURFACE WATER,0076,Temperature of Water,8.1,CELSIUS,2024-03-06
https://environment.data.gov.uk/water-quality/sampling-point/SW-70620569/sample/3509056/observation/0076,SW-70620569,RIVER LEMON BELOW CONFLUENCE WITH RIVER SIG,278031,73536,SouthWest,SOUTH WEST - DEVON AND CORNWALL,CENTRAL DEVON AND CORNWALL,OPEN,FRESHWATER - RIVERS,2024-03-15 10:55:00,MONITORING  (UK GOVT POLICY - NOT GQA OR RE),RIVER / RUNNING SURFACE WATER,0076,Temperature of Water,10.4,CELSIUS,2024-03-15
https://environment.data.gov.uk/water-quality/sampling-point/SW-70620569/sample/3509650/observation/0076,SW-70620569,RIVER LEMON BELOW CONFLUENCE WITH RIVER SIG,278031,73536,SouthWest,SOUTH WEST - DEVON AND CORNWALL,CENTRAL DEVON AND CORNWALL,OPEN,FRESHWATER - RIVERS,2024-03-19 13:53:00,MONITORING  (UK GOVT POLICY - NOT GQA OR RE),RIVER / RUNNING SURFACE WATER,0076,Temperature of Water,11.2,CELSIUS,2024-03-19
https://environment.data.gov.uk/water-quality/sampling-point/SW-70620569/sample/3510364/observation/0076,SW-70620569,RIVER LEMON BELOW CONFLUENCE WITH RIVER SIG,278031,73536,SouthWest,SOUTH WEST - DEVON AND CORNWALL,CENTRAL DEVON AND CORNWALL,OPEN,FRESHWATER - RIVERS,2024-03-26 09:32:00,MONITORING  (UK GOVT POLICY - NOT GQA OR RE),RIVER / RUNNING SURFACE WATER,0076,Temperature of Water,9,CELSIUS,2024-03-26
https://environment.data.gov.uk/water-quality/sampling-point/SW-70630113/sample/3508888/observation/0076,SW-70630113,RIVER TEIGN 350M D/S NEW BRIDGE (FORMERLY CALLED D/S HEATHFIELD TIP),284869,76030,SouthWest,SOUTH WEST - DEVON AND CORNWALL,CENTRAL DEVON AND CORNWALL,OPEN,FRESHWATER - RIVERS,2024-03-13 11:20:00,ENVIRONMENTAL MONITORING STATUTORY (EU DIRECTIVES),RIVER / RUNNING SURFACE WATER,0076,Temperature of Water,10.5,CELSIUS,2024-03-13
https://environment.data.gov.uk/water-quality/sampling-point/SW-70630207/sample/3510477/observation/0076,SW-70630207,NORTH TEIGN RIVER @ TEIGN-E-VER (U/S FORD) SCORHILL,265301,87021,SouthWest,SOUTH WEST - DEVON AND CORNWALL,CENTRAL DEVON AND CORNWALL,OPEN,FRESHWATER - RIVERS,2024-03-27 10:28:00,MONITORING  (NATIONAL AGENCY POLICY),RIVER / RUNNING SURFACE WATER,0076,Temperature of Water,6.3,CELSIUS,2024-03-27
https://environment.data.gov.uk/water-quality/sampling-point/SW-70630270/sample/3510430/observation/0076,SW-70630270,NORTH TEIGN RIVER AT GIDLEIGH PARK HOTEL,267767,87937,SouthWest,SOUTH WEST - DEVON AND CORNWALL,CENTRAL DEVON AND CORNWALL,OPEN,FRESHWATER - RIVERS,2024-03-27 11:48:00,ENVIRONMENTAL MONITORING STATUTORY (EU DIRECTIVES),RIVER / RUNNING SURFACE WATER,0076,Temperature of Water,6.4,CELSIUS,2024-03-27
https://environment.data.gov.uk/water-quality/sampling-point/SW-70630275/sample/3508836/observation/0076,SW-70630275,RIVER TEIGN AT CHAGFORD BRIDGE,269368,87954,SouthWest,SOUTH WEST - DEVON AND CORNWALL,CENTRAL DEVON AND CORNWALL,OPEN,FRESHWATER - RIVERS,2024-03-12 10:51:00,PLANNED INVESTIGATION (LOCAL MONITORING),RIVER / RUNNING SURFACE WATER,0076,Temperature of Water,9.1,CELSIUS,2024-03-12
https://environment.data.gov.uk/water-quality/sampling-point/SW-70630284/sample/3509043/observation/0076,SW-70630284,RIVER TEIGN AT RUSHFORD                                                    SAMPLING DISCONTINUED - SEE URN WSTW6046B,270505,88221,SouthWest,SOUTH WEST - DEVON AND CORNWALL,CENTRAL DEVON AND CORNWALL,OPEN,FRESHWATER - RIVERS,2024-03-15 12:00:00,PLANNED INVESTIGATION (LOCAL MONITORING),RIVER / RUNNING SURFACE WATER,0076,Temperature of Water,10.3,CELSIUS,2024-03-15
https://environment.data.gov.uk/water-quality/sampling-point/SW-70630288/sample/3509859/observation/0076,SW-70630288,RIVER TEIGN BELOW DUNSFORD STW,282284,88505,SouthWest,SOUTH WEST - DEVON AND CORNWALL,CENTRAL DEVON AND CORNWALL,OPEN,FRESHWATER - RIVERS,2024-03-22 13:59:00,PLANNED INVESTIGATION (LOCAL MONITORING),RIVER / RUNNING SURFACE WATER,0076,Temperature of Water,10.3,CELSIUS,2024-03-22
https://environment.data.gov.uk/water-quality/sampling-point/SW-70630291/sample/3509858/observation/0076,SW-70630291,RIVER TEIGN ABOVE DUNSFORD STW,281830,88744,SouthWest,SOUTH WEST - DEVON AND CORNWALL,CENTRAL DEVON AND CORNWALL,OPEN,FRESHWATER - RIVERS,2024-03-22 13:47:00,PLANNED INVESTIGATION (LOCAL MONITORING),RIVER / RUNNING SURFACE WATER,0076,Temperature of Water,10.5,CELSIUS,2024-03-22
https://environment.data.gov.uk/water-quality/sampling-point/SW-70631802/sample/3508438/observation/0076,SW-70631802,BEADON BROOK PRIOR TO RIVER TEIGN,284280,81700,SouthWest,SOUTH WEST - DEVON AND CORNWALL,CENTRAL DEVON AND CORNWALL,OPEN,FRESHWATER - RIVERS,2024-03-06 12:40:00,MONITORING  (UK GOVT POLICY - NOT GQA OR RE),RIVER / RUNNING SURFACE WATER,0076,Temperature of Water,8.1,CELSIUS,2024-03-06
https://environment.data.gov.uk/water-quality/sampling-point/SW-70631802/sample/3509044/observation/0076,SW-70631802,BEADON BROOK PRIOR TO RIVER TEIGN,284280,81700,SouthWest,SOUTH WEST - DEVON AND CORNWALL,CENTRAL DEVON AND CORNWALL,OPEN,FRESHWATER - RIVERS,2024-03-15 10:30:00,MONITORING  (UK GOVT POLICY - NOT GQA OR RE),RIVER / RUNNING SURFACE WATER,0076,Temperature of Water,10,CELSIUS,2024-03-15
https://environment.data.gov.uk/water-quality/sampling-point/SW-70631802/sample/3509700/observation/0076,SW-70631802,BEADON BROOK PRIOR TO RIVER TEIGN,284280,81700,SouthWest,SOUTH WEST - DEVON AND CORNWALL,CENTRAL DEVON AND CORNWALL,OPEN,FRESHWATER - RIVERS,2024-03-21 10:26:00,MONITORING  (UK GOVT POLICY - NOT GQA OR RE),RIVER / RUNNING SURFACE WATER,0076,Temperature of Water,10.4,CELSIUS,2024-03-21
https://environment.data.gov.uk/water-quality/sampling-point/SW-70631802/sample/3510335/observation/0076,SW-70631802,BEADON BROOK PRIOR TO RIVER TEIGN,284280,81700,SouthWest,SOUTH WEST - DEVON AND CORNWALL,CENTRAL DEVON AND CORNWALL,OPEN,FRESHWATER - RIVERS,2024-03-26 10:38:00,MONITORING  (UK GOVT POLICY - NOT GQA OR RE),RIVER / RUNNING SURFACE WATER,0076,Temperature of Water,9.6,CELSIUS,2024-03-26
https://environment.data.gov.uk/water-quality/sampling-point/SW-70635506/sample/3510431/observation/0076,SW-70635506,SOUTH TEIGN RIVER AT LEIGH BRIDGE,268316,87635,SouthWest,SOUTH WEST - DEVON AND CORNWALL,CENTRAL DEVON AND CORNWALL,OPEN,FRESHWATER - RIVERS,2024-03-27 11:29:00,ENVIRONMENTAL MONITORING STATUTORY (EU DIRECTIVES),RIVER / RUNNING SURFACE WATER,0076,Temperature of Water,7.5,CELSIUS,2024-03-27
https://environment.data.gov.uk/water-quality/sampling-point/SW-70635819/sample/3508820/observation/0076,SW-70635819,BLACKATON BROOK AT CHAPPLE,267821,89005,SouthWest,SOUTH WEST - DEVON AND CORNWALL,CENTRAL DEVON AND CORNWALL,OPEN,FRESHWATER - RIVERS,2024-03-12 11:11:00,ENVIRONMENTAL MONITORING STATUTORY (EU DIRECTIVES),RIVER / RUNNING SURFACE WATER,0076,Temperature of Water,9.7,CELSIUS,2024-03-12
https://environment.data.gov.uk/water-quality/sampling-point/SW-70641129/sample/3508683/observation/0076,SW-70641129,RIVER BOVEY AT BLACKALLER  NORTH BOVEY,273775,83732,SouthWest,SOUTH WEST - DEVON AND CORNWALL,CENTRAL DEVON AND CORNWALL,OPEN,FRESHWATER - RIVERS,2024-03-11 11:28:00,MONITORING  (UK GOVT POLICY - NOT GQA OR RE),RIVER / RUNNING SURFACE WATER,0076,Temperature of Water,7.8,CELSIUS,2024-03-11
https://environment.data.gov.uk/water-quality/sampling-point/SW-70641129/sample/3509632/observation/0076,SW-70641129,RIVER BOVEY AT BLACKALLER  NORTH BOVEY,273775,83732,SouthWest,SOUTH WEST - DEVON AND CORNWALL,CENTRAL DEVON AND CORNWALL,OPEN,FRESHWATER - RIVERS,2024-03-19 10:27:00,MONITORING  (UK GOVT POLICY - NOT GQA OR RE),RIVER / RUNNING SURFACE WATER,0076,Temperature of Water,10.2,CELSIUS,2024-03-19
https://environment.data.gov.uk/water-quality/sampling-point/SW-70641129/sample/3510432/observation/0076,SW-70641129,RIVER BOVEY AT BLACKALLER  NORTH BOVEY,273775,83732,SouthWest,SOUTH WEST - DEVON AND CORNWALL,CENTRAL DEVON AND CORNWALL,OPEN,FRESHWATER - RIVERS,2024-03-27 12:21:00,MONITORING  (UK GOVT POLICY - NOT GQA OR RE),RIVER / RUNNING SURFACE WATER,0076,Temperature of Water,7.7,CELSIUS,2024-03-27
https://environment.data.gov.uk/water-quality/sampling-point/SW-70641805/sample/3508684/observation/0076,SW-70641805,WRAY BROOK AT KNOWLE,278913,80256,SouthWest,SOUTH WEST - DEVON AND CORNWALL,CENTRAL DEVON AND CORNWALL,OPEN,FRESHWATER - RIVERS,2024-03-11 10:49:00,PLANNED INVESTIGATION (LOCAL MONITORING),RIVER / RUNNING SURFACE WATER,0076,Temperature of Water,8.3,CELSIUS,2024-03-11
https://environment.data.gov.uk/water-quality/sampling-point/SW-70641818/sample/3509066/observation/0076,SW-70641818,WRAY BROOK U/S LUSTLEIGH STW,278644,80966,SouthWest,SOUTH WEST - DEVON AND CORNWALL,CENTRAL DEVON AND CORNWALL,OPEN,FRESHWATER - RIVERS,2024-03-15 11:25:00,PLANNED INVESTIGATION (LOCAL MONITORING),RIVER / RUNNING SURFACE WATER,0076,Temperature of Water,10.6,CELSIUS,2024-03-15
https://environment.data.gov.uk/water-quality/sampling-point/SW-70642153/sample/3508731/observation/0076,SW-70642153,BECKA BROOK AT NEWBRIDGE,275800,80003,SouthWest,SOUTH WEST - DEVON AND CORNWALL,CENTRAL DEVON AND CORNWALL,OPEN,FRESHWATER - RIVERS,2024-03-11 11:11:00,MONITORING  (UK GOVT POLICY - NOT GQA OR RE),RIVER / RUNNING SURFACE WATER,0076,Temperature of Water,7.9,CELSIUS,2024-03-11
https://environment.data.gov.uk/water-quality/sampling-point/SW-70642153/sample/3509662/observation/0076,SW-70642153,BECKA BROOK AT NEWBRIDGE,275800,80003,SouthWest,SOUTH WEST - DEVON AND CORNWALL,CENTRAL DEVON AND CORNWALL,OPEN,FRESHWATER - RIVERS,2024-03-19 10:04:00,MONITORING  (UK GOVT POLICY - NOT GQA OR RE),RIVER / RUNNING SURFACE WATER,0076,Temperature of Water,9.9,CELSIUS,2024-03-19
https://environment.data.gov.uk/water-quality/sampling-point/SW-70642153/sample/3510372/observation/0076,SW-70642153,BECKA BROOK AT NEWBRIDGE,275800,80003,SouthWest,SOUTH WEST - DEVON AND CORNWALL,CENTRAL DEVON AND CORNWALL,OPEN,FRESHWATER - RIVERS,2024-03-26 10:04:00,MONITORING  (UK GOVT POLICY - NOT GQA OR RE),RIVER / RUNNING SURFACE WATER,0076,Temperature of Water,8.7,CELSIUS,2024-03-26
https://environment.data.gov.uk/water-quality/sampling-point/SW-70710338/sample/3509046/observation/0076,SW-70710338,DART ESTUARY - LOWER GURROW POINT,287115,55155,SouthWest,SOUTH WEST - DEVON AND CORNWALL,ECMAS SAMPLING (DEVON AND CORNWALL),OPEN,SALINE WATER - DESIGNATED SHELLFISHERIES,2024-03-15 09:14:00,ENVIRONMENTAL MONITORING STATUTORY (EU DIRECTIVES),ESTUARINE WATER,0076,Temperature of Water,10.7,CELSIUS,2024-03-15
https://environment.data.gov.uk/water-quality/sampling-point/SW-70710370/sample/3509047/observation/0076,SW-70710370,DART ESTUARY - WHITE ROCK,284272,56540,SouthWest,SOUTH WEST - DEVON AND CORNWALL,ECMAS SAMPLING (DEVON AND CORNWALL),OPEN,SALINE WATER - ESTUARINE SITES - NON BATHING/SHELLFISH,2024-03-15 09:01:00,ENVIRONMENTAL MONITORING STATUTORY (EU DIRECTIVES),ESTUARINE WATER,0076,Temperature of Water,10.7,CELSIUS,2024-03-15
https://environment.data.gov.uk/water-quality/sampling-point/SW-70720104/sample/3509818/observation/0076,SW-70720104,RIVER DART AT TOTNES WEIR,280100,61220,SouthWest,SOUTH WEST - DEVON AND CORNWALL,CENTRAL DEVON AND CORNWALL,OPEN,FRESHWATER - RIVERS,2024-03-22 09:32:00,MONITORING  (UK GOVT POLICY - NOT GQA OR RE),RIVER / RUNNING SURFACE WATER,0076,Temperature of Water,10.6,CELSIUS,2024-03-22
https://environment.data.gov.uk/water-quality/sampling-point/SW-70720260/sample/3508926/observation/0076,SW-70720260,RIVER DART AT DART BRIDGE,274467,66719,SouthWest,SOUTH WEST - DEVON AND CORNWALL,CENTRAL DEVON AND CORNWALL,OPEN,FRESHWATER - RIVERS,2024-03-13 09:48:00,MONITORING  (NATIONAL AGENCY POLICY),RIVER / RUNNING SURFACE WATER,0076,Temperature of Water,9.8,CELSIUS,2024-03-13
https://environment.data.gov.uk/water-quality/sampling-point/SW-70720287/sample/3508091/observation/0076,SW-70720287,WEST DART RIVER AT TWO BRIDGES,260811,74973,SouthWest,SOUTH WEST - DEVON AND CORNWALL,CENTRAL DEVON AND CORNWALL,OPEN,FRESHWATER - RIVERS,2024-03-01 11:57:00,MONITORING  (UK GOVT POLICY - NOT GQA OR RE),RIVER / RUNNING SURFACE WATER,0076,Temperature of Water,5,CELSIUS,2024-03-01
https://environment.data.gov.uk/water-quality/sampling-point/SW-70720287/sample/3508602/observation/0076,SW-70720287,WEST DART RIVER AT TWO BRIDGES,260811,74973,SouthWest,SOUTH WEST - DEVON AND CORNWALL,CENTRAL DEVON AND CORNWALL,OPEN,FRESHWATER - RIVERS,2024-03-08 11:24:00,MONITORING  (UK GOVT POLICY - NOT GQA OR RE),RIVER / RUNNING SURFACE WATER,0076,Temperature of Water,6.4,CELSIUS,2024-03-08
https://environment.data.gov.uk/water-quality/sampling-point/SW-70720287/sample/3509679/observation/0076,SW-70720287,WEST DART RIVER AT TWO BRIDGES,260811,74973,SouthWest,SOUTH WEST - DEVON AND CORNWALL,CENTRAL DEVON AND CORNWALL,OPEN,FRESHWATER - RIVERS,2024-03-19 11:06:00,MONITORING  (UK GOVT POLICY - NOT GQA OR RE),RIVER / RUNNING SURFACE WATER,0076,Temperature of Water,9.6,CELSIUS,2024-03-19
https://environment.data.gov.uk/water-quality/sampling-point/SW-70720287/sample/3510437/observation/0076,SW-70720287,WEST DART RIVER AT TWO BRIDGES,260811,74973,SouthWest,SOUTH WEST - DEVON AND CORNWALL,CENTRAL DEVON AND CORNWALL,OPEN,FRESHWATER - RIVERS,2024-03-27 11:54:00,MONITORING  (UK GOVT POLICY - NOT GQA OR RE),RIVER / RUNNING SURFACE WATER,0076,Temperature of Water,7.4,CELSIUS,2024-03-27
https://environment.data.gov.uk/water-quality/sampling-point/SW-70721066/sample/3508211/observation/0076,SW-70721066,AM BROOK AT COLLACOMBE BRIDGE,281070,67450,SouthWest,SOUTH WEST - DEVON AND CORNWALL,CENTRAL DEVON AND CORNWALL,OPEN,FRESHWATER - RIVERS,2024-03-01 10:35:00,MONITORING  (NATIONAL AGENCY POLICY),RIVER / RUNNING SURFACE WATER,0076,Temperature of Water,8.3,CELSIUS,2024-03-01
https://environment.data.gov.uk/water-quality/sampling-point/SW-70723535/sample/3508092/observation/0076,SW-70723535,WEST WEBBURN RIVER AT PONSWORTHY BRIDGE,270136,73925,SouthWest,SOUTH WEST - DEVON AND CORNWALL,CENTRAL DEVON AND CORNWALL,OPEN,FRESHWATER - RIVERS,2024-03-01 13:24:00,MONITORING  (UK GOVT POLICY - NOT GQA OR RE),RIVER / RUNNING SURFACE WATER,0076,Temperature of Water,7.1,CELSIUS,2024-03-01
https://environment.data.gov.uk/water-quality/sampling-point/SW-70723535/sample/3509621/observation/0076,SW-70723535,WEST WEBBURN RIVER AT PONSWORTHY BRIDGE,270136,73925,SouthWest,SOUTH WEST - DEVON AND CORNWALL,CENTRAL DEVON AND CORNWALL,OPEN,FRESHWATER - RIVERS,2024-03-19 12:09:00,MONITORING  (UK GOVT POLICY - NOT GQA OR RE),RIVER / RUNNING SURFACE WATER,0076,Temperature of Water,11,CELSIUS,2024-03-19
https://environment.data.gov.uk/water-quality/sampling-point/SW-70723535/sample/3510448/observation/0076,SW-70723535,WEST WEBBURN RIVER AT PONSWORTHY BRIDGE,270136,73925,SouthWest,SOUTH WEST - DEVON AND CORNWALL,CENTRAL DEVON AND CORNWALL,OPEN,FRESHWATER - RIVERS,2024-03-27 13:14:00,MONITORING  (UK GOVT POLICY - NOT GQA OR RE),RIVER / RUNNING SURFACE WATER,0076,Temperature of Water,8.3,CELSIUS,2024-03-27
https://environment.data.gov.uk/water-quality/sampling-point/SW-70723541/sample/3508879/observation/0076,SW-70723541,DOCKWELL FARM CATCHPIT IN FIELD GW,270395,75774,SouthWest,SOUTH WEST - DEVON AND CORNWALL,CENTRAL DEVON AND CORNWALL,OPEN,GROUNDWATER - SPRING,2024-03-13 14:38:00,MONITORING  (NATIONAL AGENCY POLICY),GROUNDWATER,0076,Temperature of Water,10.2,CELSIUS,2024-03-13
https://environment.data.gov.uk/water-quality/sampling-point/SW-70724308/sample/3508093/observation/0076,SW-70724308,WALLA BROOK AT BABENY,267300,75145,SouthWest,SOUTH WEST - DEVON AND CORNWALL,CENTRAL DEVON AND CORNWALL,OPEN,FRESHWATER - RIVERS,2024-03-01 13:05:00,MONITORING  (UK GOVT POLICY - NOT GQA OR RE),RIVER / RUNNING SURFACE WATER,0076,Temperature of Water,6.2,CELSIUS,2024-03-01
https://environment.data.gov.uk/water-quality/sampling-point/SW-70724308/sample/3509663/observation/0076,SW-70724308,WALLA BROOK AT BABENY,267300,75145,SouthWest,SOUTH WEST - DEVON AND CORNWALL,CENTRAL DEVON AND CORNWALL,OPEN,FRESHWATER - RIVERS,2024-03-19 11:49:00,MONITORING  (UK GOVT POLICY - NOT GQA OR RE),RIVER / RUNNING SURFACE WATER,0076,Temperature of Water,10.4,CELSIUS,2024-03-19
https://environment.data.gov.uk/water-quality/sampling-point/SW-70724308/sample/3510484/observation/0076,SW-70724308,WALLA BROOK AT BABENY,267300,75145,SouthWest,SOUTH WEST - DEVON AND CORNWALL,CENTRAL DEVON AND CORNWALL,OPEN,FRESHWATER - RIVERS,2024-03-27 13:38:00,MONITORING  (UK GOVT POLICY - NOT GQA OR RE),RIVER / RUNNING SURFACE WATER,0076,Temperature of Water,7.9,CELSIUS,2024-03-27
https://environment.data.gov.uk/water-quality/sampling-point/SW-70725509/sample/3508090/observation/0076,SW-70725509,COWSIC RIVER AT BEARDOWN FARM,260294,75305,SouthWest,SOUTH WEST - DEVON AND CORNWALL,CENTRAL DEVON AND CORNWALL,OPEN,FRESHWATER - RIVERS,2024-03-01 12:09:00,MONITORING  (UK GOVT POLICY - NOT GQA OR RE),RIVER / RUNNING SURFACE WATER,0076,Temperature of Water,5.2,CELSIUS,2024-03-01
https://environment.data.gov.uk/water-quality/sampling-point/SW-70725509/sample/3508613/observation/0076,SW-70725509,COWSIC RIVER AT BEARDOWN FARM,260294,75305,SouthWest,SOUTH WEST - DEVON AND CORNWALL,CENTRAL DEVON AND CORNWALL,OPEN,FRESHWATER - RIVERS,2024-03-08 11:12:00,MONITORING  (UK GOVT POLICY - NOT GQA OR RE),RIVER / RUNNING SURFACE WATER,0076,Temperature of Water,6.6,CELSIUS,2024-03-08
https://environment.data.gov.uk/water-quality/sampling-point/SW-70725509/sample/3509633/observation/0076,SW-70725509,COWSIC RIVER AT BEARDOWN FARM,260294,75305,SouthWest,SOUTH WEST - DEVON AND CORNWALL,CENTRAL DEVON AND CORNWALL,OPEN,FRESHWATER - RIVERS,2024-03-19 11:20:00,MONITORING  (UK GOVT POLICY - NOT GQA OR RE),RIVER / RUNNING SURFACE WATER,0076,Temperature of Water,9.6,CELSIUS,2024-03-19
https://environment.data.gov.uk/water-quality/sampling-point/SW-70725509/sample/3510439/observation/0076,SW-70725509,COWSIC RIVER AT BEARDOWN FARM,260294,75305,SouthWest,SOUTH WEST - DEVON AND CORNWALL,CENTRAL DEVON AND CORNWALL,OPEN,FRESHWATER - RIVERS,2024-03-27 12:02:00,MONITORING  (UK GOVT POLICY - NOT GQA OR RE),RIVER / RUNNING SURFACE WATER,0076,Temperature of Water,7.4,CELSIUS,2024-03-27
https://environment.data.gov.uk/water-quality/sampling-point/SW-70810160/sample/3510487/observation/0076,SW-70810160,THE GARA AT MILLCOMBE FARMHOUSE BRIDGE,280273,49908,SouthWest,SOUTH WEST - DEVON AND CORNWALL,CENTRAL DEVON AND CORNWALL,OPEN,FRESHWATER - RIVERS,2024-03-27 15:04:00,PLANNED INVESTIGATION (LOCAL MONITORING),RIVER / RUNNING SURFACE WATER,0076,Temperature of Water,9.9,CELSIUS,2024-03-27
https://environment.data.gov.uk/water-quality/sampling-point/SW-70811776/sample/3508915/observation/0076,SW-70811776,KINGSBRIDGE ESTUARY - KINGSBRIDGE STW - 250M DOWNSTREAM OF DISCHARGE,274200,42000,SouthWest,SOUTH WEST - DEVON AND CORNWALL,ECMAS SAMPLING (DEVON AND CORNWALL),OPEN,SALINE WATER - ESTUARINE SITES - NON BATHING/SHELLFISH,2024-03-13 08:32:00,PLANNED INVESTIGATION (LOCAL MONITORING),SEA WATER,0076,Temperature of Water,10.3,CELSIUS,2024-03-13
https://environment.data.gov.uk/water-quality/sampling-point/SW-70812370/sample/3508412/observation/0076,SW-70812370,"SHERFORD STREAM AT TIDAL LIMIT,KINGSBRIDGE ESTUARY",277580,42680,SouthWest,SOUTH WEST - DEVON AND CORNWALL,CENTRAL DEVON AND CORNWALL,OPEN,FRESHWATER - RIVERS,2024-03-05 12:26:00,PLANNED INVESTIGATION (LOCAL MONITORING),RIVER / RUNNING SURFACE WATER,0076,Temperature of Water,11.3,CELSIUS,2024-03-05
https://environment.data.gov.uk/water-quality/sampling-point/SW-70812665/sample/3508343/observation/0076,SW-70812665,CHILLINGTON  STREAM DOWNSTREAM OF CHILLINGTON S T W,277643,42601,SouthWest,SOUTH WEST - DEVON AND CORNWALL,CENTRAL DEVON AND CORNWALL,OPEN,FRESHWATER - RIVERS,2024-03-05 12:06:00,PLANNED INVESTIGATION (LOCAL MONITORING),RIVER / RUNNING SURFACE WATER,0076,Temperature of Water,11.3,CELSIUS,2024-03-05
https://environment.data.gov.uk/water-quality/sampling-point/SW-70812860/sample/3508413/observation/0076,SW-70812860,"COLLAPIT STREAM AT TIDAL LIMIT,KINGSBRIDGE SETUARY",272820,42140,SouthWest,SOUTH WEST - DEVON AND CORNWALL,CENTRAL DEVON AND CORNWALL,OPEN,FRESHWATER - RIVERS,2024-03-05 10:52:00,PLANNED INVESTIGATION (LOCAL MONITORING),RIVER / RUNNING SURFACE WATER,0076,Temperature of Water,10.8,CELSIUS,2024-03-05
https://environment.data.gov.uk/water-quality/sampling-point/SW-70812861/sample/3508414/observation/0076,SW-70812861,"BLANKSMILL STREAM AT TIDAL LIMIT,KINGSBRIDGE ESTUARY",272660,40980,SouthWest,SOUTH WEST - DEVON AND CORNWALL,CENTRAL DEVON AND CORNWALL,OPEN,FRESHWATER - RIVERS,2024-03-05 11:12:00,PLANNED INVESTIGATION (LOCAL MONITORING),RIVER / RUNNING SURFACE WATER,0076,Temperature of Water,10.5,CELSIUS,2024-03-05
https://environment.data.gov.uk/water-quality/sampling-point/SW-70813027/sample/3508894/observation/0076,SW-70813027,KINGSBRIDGE ESTUARY - PARK FARM,273850,42950,SouthWest,SOUTH WEST - DEVON AND CORNWALL,ECMAS SAMPLING (DEVON AND CORNWALL),OPEN,SALINE WATER - ESTUARINE SITES - NON BATHING/SHELLFISH,2024-03-13 08:25:00,PLANNED INVESTIGATION (LOCAL MONITORING),SEA WATER,0076,Temperature of Water,10.6,CELSIUS,2024-03-13
https://environment.data.gov.uk/water-quality/sampling-point/SW-70813150/sample/3508344/observation/0076,SW-70813150,WEST ALVINGTON STREAM AT TACKETWOOD,273410,43650,SouthWest,SOUTH WEST - DEVON AND CORNWALL,CENTRAL DEVON AND CORNWALL,OPEN,FRESHWATER - RIVERS,2024-03-05 11:41:00,PLANNED INVESTIGATION (LOCAL MONITORING),RIVER / RUNNING SURFACE WATER,0076,Temperature of Water,11,CELSIUS,2024-03-05
https://environment.data.gov.uk/water-quality/sampling-point/SW-70820001/sample/3508895/observation/0076,SW-70820001,MOORGATE  WRANGATON  SOUTH BRENT                                           SAMPLED FROM OVERFLOW OF CATCHPIT TO SPRING,267370,59180,SouthWest,SOUTH WEST - DEVON AND CORNWALL,CENTRAL DEVON AND CORNWALL,OPEN,GROUNDWATER - BOREHOLE,2024-03-13 12:46:00,MONITORING  (NATIONAL AGENCY POLICY),GROUNDWATER,0076,Temperature of Water,10.9,CELSIUS,2024-03-13
https://environment.data.gov.uk/water-quality/sampling-point/SW-70826089/sample/3509852/observation/0076,SW-70826089,RIVER AVON DOWNSTREAM AVON DAM AT BRIDGE,267900,64900,SouthWest,SOUTH WEST - DEVON AND CORNWALL,CENTRAL DEVON AND CORNWALL,OPEN,FRESHWATER - RIVERS,2024-03-22 10:23:00,MONITORING  (NATIONAL AGENCY POLICY),RIVER / RUNNING SURFACE WATER,0076,Temperature of Water,8.4,CELSIUS,2024-03-22
https://environment.data.gov.uk/water-quality/sampling-point/SW-70910356/sample/3510478/observation/0076,SW-70910356,AYLESTON BROOK WIDLAND,267462,51665,SouthWest,SOUTH WEST - DEVON AND CORNWALL,CENTRAL DEVON AND CORNWALL,OPEN,FRESHWATER - RIVERS,2024-03-27 15:07:00,PLANNED INVESTIGATION (LOCAL MONITORING),RIVER / RUNNING SURFACE WATER,0076,Temperature of Water,9.3,CELSIUS,2024-03-27
https://environment.data.gov.uk/water-quality/sampling-point/SW-7091GW01/sample/3508881/observation/0076,SW-7091GW01,HIGHER LUDBROOK SPRING,266720,53960,SouthWest,SOUTH WEST - DEVON AND CORNWALL,CENTRAL DEVON AND CORNWALL,OPEN,GROUNDWATER - SPRING,2024-03-13 11:34:00,MONITORING  (NATIONAL AGENCY POLICY),GROUNDWATER,0076,Temperature of Water,11.4,CELSIUS,2024-03-13
https://environment.data.gov.uk/water-quality/sampling-point/SW-70920104/sample/3510440/observation/0076,SW-70920104,RIVER ERME AT SEQUER'S BRIDGE,263210,51880,SouthWest,SOUTH WEST - DEVON AND CORNWALL,CENTRAL DEVON AND CORNWALL,OPEN,FRESHWATER - RIVERS,2024-03-27 11:51:00,MONITORING  (UK GOVT POLICY - NOT GQA OR RE),RIVER / RUNNING SURFACE WATER,0076,Temperature of Water,8.8,CELSIUS,2024-03-27
https://environment.data.gov.uk/water-quality/sampling-point/SW-70920131/sample/3508911/observation/0076,SW-70920131,R.ERME D/S OF IVYBRIDGE STW (ALT HISTORIC DATA ON R09B002),263203,55410,SouthWest,SOUTH WEST - DEVON AND CORNWALL,CENTRAL DEVON AND CORNWALL,OPEN,FRESHWATER - RIVERS,2024-03-13 10:13:00,PLANNED INVESTIGATION (LOCAL MONITORING),RIVER / RUNNING SURFACE WATER,0076,Temperature of Water,9.9,CELSIUS,2024-03-13
https://environment.data.gov.uk/water-quality/sampling-point/SW-70920134/sample/3508896/observation/0076,SW-70920134,RIVER ERME AT A38 BRIDGE IVYBRIDGE ABOVE IVYBRIDGE STW                     ALTERNATIVE HISTORIC DATA ON URN WSTW4622A,263310,55760,SouthWest,SOUTH WEST - DEVON AND CORNWALL,CENTRAL DEVON AND CORNWALL,OPEN,FRESHWATER - RIVERS,2024-03-13 09:53:00,PLANNED INVESTIGATION (LOCAL MONITORING),RIVER / RUNNING SURFACE WATER,0076,Temperature of Water,9.7,CELSIUS,2024-03-13
https://environment.data.gov.uk/water-quality/sampling-point/SW-70920250/sample/3510486/observation/0076,SW-70920250,AYLESTON BROOK AT COTTLASS FARM,264405,51230,SouthWest,SOUTH WEST - DEVON AND CORNWALL,CENTRAL DEVON AND CORNWALL,OPEN,FRESHWATER - RIVERS,2024-03-27 15:09:00,PLANNED INVESTIGATION (LOCAL MONITORING),RIVER / RUNNING SURFACE WATER,0076,Temperature of Water,9.6,CELSIUS,2024-03-27
https://environment.data.gov.uk/water-quality/sampling-point/SW-72811028/sample/3509599/observation/0076,SW-72811028,ABBEY RIVER AT HARTLAND ABBEY,223766,124924,SouthWest,SOUTH WEST - DEVON AND CORNWALL,EAST DEVON AND CORNWALL,OPEN,FRESHWATER - RIVERS,2024-03-18 12:15:00,MONITORING  (NATIONAL AGENCY POLICY),RIVER / RUNNING SURFACE WATER,0076,Temperature of Water,11.4,CELSIUS,2024-03-18
https://environment.data.gov.uk/water-quality/sampling-point/SW-72811040/sample/3509602/observation/0076,SW-72811040,ABBEY RIVER AT METTAFORD CROSS BRIDGE,228079,124740,SouthWest,SOUTH WEST - DEVON AND CORNWALL,EAST DEVON AND CORNWALL,OPEN,FRESHWATER - RIVERS,2024-03-18 12:43:00,MONITORING  (NATIONAL AGENCY POLICY),RIVER / RUNNING SURFACE WATER,0076,Temperature of Water,11.3,CELSIUS,2024-03-18
https://environment.data.gov.uk/water-quality/sampling-point/SW-72910261/sample/3508095/observation/0076,SW-72910261,TORRIDGE ESTUARY - BY NAPP HOUSE    NORTHAM,246730,129380,SouthWest,SOUTH WEST - DEVON AND CORNWALL,ECMAS SAMPLING (DEVON AND CORNWALL),OPEN,SALINE WATER - DESIGNATED SHELLFISHERIES,2024-03-01 10:19:00,ENVIRONMENTAL MONITORING STATUTORY (EU DIRECTIVES),ESTUARINE WATER,0076,Temperature of Water,8.4,CELSIUS,2024-03-01
https://environment.data.gov.uk/water-quality/sampling-point/SW-72910440/sample/3508150/observation/0076,SW-72910440,TORRIDGE ESTUARY - LITTLE AMERICA - SURFACE READING,245400,125300,SouthWest,SOUTH WEST - DEVON AND CORNWALL,ECMAS SAMPLING (DEVON AND CORNWALL),OPEN,SALINE WATER - ESTUARINE SITES - NON BATHING/SHELLFISH,2024-03-01 09:56:00,ENVIRONMENTAL MONITORING STATUTORY (EU DIRECTIVES),ESTUARINE WATER,0076,Temperature of Water,7.9,CELSIUS,2024-03-01
https://environment.data.gov.uk/water-quality/sampling-point/SW-72930136/sample/3508632/observation/0076,SW-72930136,RIVER TORRIDGE AT ROCKHAY BRIDGE,250640,106990,SouthWest,SOUTH WEST - DEVON AND CORNWALL,EAST DEVON AND CORNWALL,OPEN,FRESHWATER - RIVERS,2024-03-08 11:50:00,PLANNED INVESTIGATION (LOCAL MONITORING),RIVER / RUNNING SURFACE WATER,0076,Temperature of Water,7.4,CELSIUS,2024-03-08
https://environment.data.gov.uk/water-quality/sampling-point/SW-72930188/sample/3508614/observation/0076,SW-72930188,RIVER TORRIDGE AT KINGSLEY MILL ABOVE BLACK TORRINGTON STW                 ALTERNATIVE HISTORIC DATA ON URN WSTW3026A,246960,106080,SouthWest,SOUTH WEST - DEVON AND CORNWALL,EAST DEVON AND CORNWALL,OPEN,FRESHWATER - RIVERS,2024-03-08 12:20:00,PLANNED INVESTIGATION (LOCAL MONITORING),RIVER / RUNNING SURFACE WATER,0076,Temperature of Water,7.4,CELSIUS,2024-03-08
https://environment.data.gov.uk/water-quality/sampling-point/SW-72930250/sample/3508371/observation/0076,SW-72930250,RIVER TORRIDGE BELOW SHEBBEAR STW,242520,109000,SouthWest,SOUTH WEST - DEVON AND CORNWALL,EAST DEVON AND CORNWALL,OPEN,FRESHWATER - RIVERS,2024-03-05 12:27:00,PLANNED INVESTIGATION (LOCAL MONITORING),RIVER / RUNNING SURFACE WATER,0076,Temperature of Water,7.7,CELSIUS,2024-03-05
https://environment.data.gov.uk/water-quality/sampling-point/SW-72930270/sample/3508362/observation/0076,SW-72930270,RIVER TORRIDGE AT GIDCOTT,242183,109424,SouthWest,SOUTH WEST - DEVON AND CORNWALL,EAST DEVON AND CORNWALL,OPEN,FRESHWATER - RIVERS,2024-03-05 12:02:00,PLANNED INVESTIGATION (LOCAL MONITORING),RIVER / RUNNING SURFACE WATER,0076,Temperature of Water,6.9,CELSIUS,2024-03-05
https://environment.data.gov.uk/water-quality/sampling-point/SW-72930325/sample/3510365/observation/0076,SW-72930325,R.TORRIDGE U/S OF WOODFORD BRIDGE HOTEL STW,239878,112514,SouthWest,SOUTH WEST - DEVON AND CORNWALL,EAST DEVON AND CORNWALL,OPEN,FRESHWATER - UNSPECIFIED,2024-03-26 12:01:00,PLANNED INVESTIGATION (LOCAL MONITORING),RIVER / RUNNING SURFACE WATER,0076,Temperature of Water,9.2,CELSIUS,2024-03-26
https://environment.data.gov.uk/water-quality/sampling-point/SW-72930380/sample/3508912/observation/0076,SW-72930380,RIVER TORRIDGE AT PUTFORD BRIDGE,236390,115920,SouthWest,SOUTH WEST - DEVON AND CORNWALL,EAST DEVON AND CORNWALL,OPEN,FRESHWATER - RIVERS,2024-03-13 12:14:00,PLANNED INVESTIGATION (LOCAL MONITORING),RIVER / RUNNING SURFACE WATER,0076,Temperature of Water,10.3,CELSIUS,2024-03-13
https://environment.data.gov.uk/water-quality/sampling-point/SW-72930420/sample/3509582/observation/0076,SW-72930420,RIVER TORRIDGE AT FORDMILL FARM,232510,117760,SouthWest,SOUTH WEST - DEVON AND CORNWALL,EAST DEVON AND CORNWALL,OPEN,FRESHWATER - RIVERS,2024-03-18 11:31:00,PLANNED INVESTIGATION (LOCAL MONITORING),RIVER / RUNNING SURFACE WATER,0076,Temperature of Water,10.5,CELSIUS,2024-03-18
https://environment.data.gov.uk/water-quality/sampling-point/SW-72930805/sample/3508615/observation/0076,SW-72930805,RIVER LEW (TORRIDGE) AT LEWER BRIDGE,253130,105250,SouthWest,SOUTH WEST - DEVON AND CORNWALL,EAST DEVON AND CORNWALL,OPEN,FRESHWATER - RIVERS,2024-03-08 12:54:00,PLANNED INVESTIGATION (LOCAL MONITORING),RIVER / RUNNING SURFACE WATER,0076,Temperature of Water,7.3,CELSIUS,2024-03-08
https://environment.data.gov.uk/water-quality/sampling-point/SW-72930813/sample/3508638/observation/0076,SW-72930813,RIVER LEW (TORRIDGE) BELOW HATHERLEIGH STW,253780,104320,SouthWest,SOUTH WEST - DEVON AND CORNWALL,EAST DEVON AND CORNWALL,OPEN,FRESHWATER - RIVERS,2024-03-08 11:07:00,PLANNED INVESTIGATION (LOCAL MONITORING),RIVER / RUNNING SURFACE WATER,0076,Temperature of Water,6.9,CELSIUS,2024-03-08
https://environment.data.gov.uk/water-quality/sampling-point/SW-72930819/sample/3508629/observation/0076,SW-72930819,R.LEW @ H'LEIGH BR U/S H'LEIGH STW (ALT DATA ON URN WSTW3127A),254058,104185,SouthWest,SOUTH WEST - DEVON AND CORNWALL,EAST DEVON AND CORNWALL,OPEN,FRESHWATER - RIVERS,2024-03-08 13:23:00,PLANNED INVESTIGATION (LOCAL MONITORING),RIVER / RUNNING SURFACE WATER,0076,Temperature of Water,7,CELSIUS,2024-03-08
https://environment.data.gov.uk/water-quality/sampling-point/SW-72930900/sample/3508608/observation/0076,SW-72930900,PULWORTHY BROOK 30M UPSTREAM OF CONFLUENCE WITH RIVER LEW,253190,105050,SouthWest,SOUTH WEST - DEVON AND CORNWALL,EAST DEVON AND CORNWALL,OPEN,FRESHWATER - RIVERS,2024-03-08 13:04:00,PLANNED INVESTIGATION (LOCAL MONITORING),RIVER / RUNNING SURFACE WATER,0076,Temperature of Water,6.5,CELSIUS,2024-03-08
https://environment.data.gov.uk/water-quality/sampling-point/SW-72932015/sample/3509914/observation/0076,SW-72932015,NORTHLEW STREAM AT NORTHLEW,250750,99100,SouthWest,SOUTH WEST - DEVON AND CORNWALL,EAST DEVON AND CORNWALL,OPEN,FRESHWATER - RIVERS,2024-03-25 15:17:00,MONITORING  (NATIONAL AGENCY POLICY),RIVER / RUNNING SURFACE WATER,0076,Temperature of Water,9.5,CELSIUS,2024-03-25
https://environment.data.gov.uk/water-quality/sampling-point/SW-72933607/sample/3508616/observation/0076,SW-72933607,MUSSEL BROOK AT WESTOVER,247770,106450,SouthWest,SOUTH WEST - DEVON AND CORNWALL,EAST DEVON AND CORNWALL,OPEN,FRESHWATER - RIVERS,2024-03-08 12:08:00,PLANNED INVESTIGATION (LOCAL MONITORING),RIVER / RUNNING SURFACE WATER,0076,Temperature of Water,7.4,CELSIUS,2024-03-08
https://environment.data.gov.uk/water-quality/sampling-point/SW-72933916/sample/3510347/observation/0076,SW-72933916,WHITELEIGH WATER AT DIPPERMILL,243890,106380,SouthWest,SOUTH WEST - DEVON AND CORNWALL,EAST DEVON AND CORNWALL,OPEN,FRESHWATER - RIVERS,2024-03-26 12:30:00,PLANNED INVESTIGATION (LOCAL MONITORING),RIVER / RUNNING SURFACE WATER,0076,Temperature of Water,9.3,CELSIUS,2024-03-26
https://environment.data.gov.uk/water-quality/sampling-point/SW-72934611/sample/3510348/observation/0076,SW-72934611,RIVER WALDON AT HENSCOTT BRIDGE,241510,108040,SouthWest,SOUTH WEST - DEVON AND CORNWALL,EAST DEVON AND CORNWALL,OPEN,FRESHWATER - RIVERS,2024-03-26 12:15:00,PLANNED INVESTIGATION (LOCAL MONITORING),RIVER / RUNNING SURFACE WATER,0076,Temperature of Water,9.3,CELSIUS,2024-03-26
https://environment.data.gov.uk/water-quality/sampling-point/SW-72934639/sample/3508913/observation/0076,SW-72934639,RIVER WALDON AT WALDON BRIDGE,236840,110410,SouthWest,SOUTH WEST - DEVON AND CORNWALL,EAST DEVON AND CORNWALL,OPEN,FRESHWATER - RIVERS,2024-03-13 12:53:00,PLANNED INVESTIGATION (LOCAL MONITORING),RIVER / RUNNING SURFACE WATER,0076,Temperature of Water,10.4,CELSIUS,2024-03-13
https://environment.data.gov.uk/water-quality/sampling-point/SW-72934659/sample/3508914/observation/0076,SW-72934659,RIVER WALDON AT SUTCOMBE,234680,110960,SouthWest,SOUTH WEST - DEVON AND CORNWALL,EAST DEVON AND CORNWALL,OPEN,FRESHWATER - RIVERS,2024-03-13 12:37:00,PLANNED INVESTIGATION (LOCAL MONITORING),RIVER / RUNNING SURFACE WATER,0076,Temperature of Water,10.3,CELSIUS,2024-03-13
https://environment.data.gov.uk/water-quality/sampling-point/SW-72937110/sample/3510349/observation/0076,SW-72937110,DIPPLE WATER AT DIPPLE BRIDGE,234950,117760,SouthWest,SOUTH WEST - DEVON AND CORNWALL,EAST DEVON AND CORNWALL,OPEN,FRESHWATER - RIVERS,2024-03-26 11:40:00,PLANNED INVESTIGATION (LOCAL MONITORING),RIVER / RUNNING SURFACE WATER,0076,Temperature of Water,9.3,CELSIUS,2024-03-26
https://environment.data.gov.uk/water-quality/sampling-point/SW-72937830/sample/3510366/observation/0076,SW-72937830,CLIFFORD WATER AT BITEFORD,230210,118930,SouthWest,SOUTH WEST - DEVON AND CORNWALL,EAST DEVON AND CORNWALL,OPEN,FRESHWATER - RIVERS,2024-03-26 11:22:00,PLANNED INVESTIGATION (LOCAL MONITORING),RIVER / RUNNING SURFACE WATER,0076,Temperature of Water,8.9,CELSIUS,2024-03-26
https://environment.data.gov.uk/water-quality/sampling-point/SW-72940136/sample/3508637/observation/0076,SW-72940136,RIVER OKEMENT AT JACOBSTOWE,259250,101720,SouthWest,SOUTH WEST - DEVON AND CORNWALL,EAST DEVON AND CORNWALL,OPEN,FRESHWATER - RIVERS,2024-03-08 10:22:00,MONITORING  (NATIONAL AGENCY POLICY),RIVER / RUNNING SURFACE WATER,0076,Temperature of Water,7.1,CELSIUS,2024-03-08
https://environment.data.gov.uk/water-quality/sampling-point/SW-72940185/sample/3508639/observation/0076,SW-72940185,RIVER OKEMENT AT BRIGHTLEY BRIDGE,259871,97447,SouthWest,SOUTH WEST - DEVON AND CORNWALL,EAST DEVON AND CORNWALL,OPEN,FRESHWATER - RIVERS,2024-03-08 14:06:00,PLANNED INVESTIGATION (LOCAL MONITORING),RIVER / RUNNING SURFACE WATER,0076,Temperature of Water,7.2,CELSIUS,2024-03-08
https://environment.data.gov.uk/water-quality/sampling-point/SW-73010147/sample/3508119/observation/0076,SW-73010147,TAW-TORRIDGE ESTUARY MOUTH SHELLFISH WATER,245693,131751,SouthWest,SOUTH WEST - DEVON AND CORNWALL,ECMAS SAMPLING (DEVON AND CORNWALL),OPEN,SALINE WATER - DESIGNATED SHELLFISHERIES,2024-03-01 09:24:00,ENVIRONMENTAL MONITORING STATUTORY (EU DIRECTIVES),ESTUARINE WATER,0076,Temperature of Water,9.1,CELSIUS,2024-03-01
https://environment.data.gov.uk/water-quality/sampling-point/SW-73010260/sample/3508189/observation/0076,SW-73010260,TAW SHELLFISH WATER,247944,133012,SouthWest,SOUTH WEST - DEVON AND CORNWALL,ECMAS SAMPLING (DEVON AND CORNWALL),OPEN,SALINE WATER - DESIGNATED SHELLFISHERIES,2024-03-01 09:13:00,ENVIRONMENTAL MONITORING STATUTORY (EU DIRECTIVES),ESTUARINE WATER,0076,Temperature of Water,9,CELSIUS,2024-03-01
https://environment.data.gov.uk/water-quality/sampling-point/SW-73010388/sample/3508127/observation/0076,SW-73010388,TAW ESTUARY - OFF ASHFORD STW,253119,133989,SouthWest,SOUTH WEST - DEVON AND CORNWALL,ECMAS SAMPLING (DEVON AND CORNWALL),OPEN,SALINE WATER - ESTUARINE SITES - NON BATHING/SHELLFISH,2024-03-01 08:52:00,ENVIRONMENTAL MONITORING STATUTORY (EU DIRECTIVES),ESTUARINE WATER,0076,Temperature of Water,8.1,CELSIUS,2024-03-01
https://environment.data.gov.uk/water-quality/sampling-point/SW-73013103/sample/3508595/observation/0076,SW-73013103,CROYDE STREAM AT BEACH,243640,139222,SouthWest,SOUTH WEST - DEVON AND CORNWALL,EAST DEVON AND CORNWALL,OPEN,FRESHWATER - RIVERS,2024-03-07 13:09:00,UNPLANNED REACTIVE MONITORING (POLLUTION INCIDENTS),RIVER / RUNNING SURFACE WATER,0076,Temperature of Water,11.2,CELSIUS,2024-03-07
https://environment.data.gov.uk/water-quality/sampling-point/SW-73015017/sample/3508594/observation/0076,SW-73015017,CROYDE BAY BEACH (34200),243470,139300,SouthWest,SOUTH WEST - DEVON AND CORNWALL,EAST DEVON AND CORNWALL,OPEN,SALINE WATER - DESIGNATED BATHING BEACHES,2024-03-07 13:03:00,UNPLANNED REACTIVE MONITORING (POLLUTION INCIDENTS),SEA WATER,0076,Temperature of Water,10.8,CELSIUS,2024-03-07
https://environment.data.gov.uk/water-quality/sampling-point/SW-73015038/sample/3508525/observation/0076,SW-73015038,WOOLACOMBE (VILLAGE) BEACH (34400),245620,143700,SouthWest,SOUTH WEST - DEVON AND CORNWALL,EAST DEVON AND CORNWALL,OPEN,SALINE WATER - DESIGNATED BATHING BEACHES,2024-03-07 12:10:00,PLANNED INVESTIGATION (LOCAL MONITORING),SEA WATER,0076,Temperature of Water,9.5,CELSIUS,2024-03-07
https://environment.data.gov.uk/water-quality/sampling-point/SW-73015038/sample/3508688/observation/0076,SW-73015038,WOOLACOMBE (VILLAGE) BEACH (34400),245620,143700,SouthWest,SOUTH WEST - DEVON AND CORNWALL,EAST DEVON AND CORNWALL,OPEN,SALINE WATER - DESIGNATED BATHING BEACHES,2024-03-11 12:55:00,PLANNED INVESTIGATION (LOCAL MONITORING),SEA WATER,0076,Temperature of Water,10.1,CELSIUS,2024-03-11
https://environment.data.gov.uk/water-quality/sampling-point/SW-73015038/sample/3509716/observation/0076,SW-73015038,WOOLACOMBE (VILLAGE) BEACH (34400),245620,143700,SouthWest,SOUTH WEST - DEVON AND CORNWALL,EAST DEVON AND CORNWALL,OPEN,SALINE WATER - DESIGNATED BATHING BEACHES,2024-03-20 13:05:00,PLANNED INVESTIGATION (LOCAL MONITORING),SEA WATER,0076,Temperature of Water,11.3,CELSIUS,2024-03-20
https://environment.data.gov.uk/water-quality/sampling-point/SW-73020110/sample/3508729/observation/0076,SW-73020110,RIVER TAW AT NEW BRIDGE,256990,128280,SouthWest,SOUTH WEST - DEVON AND CORNWALL,EAST DEVON AND CORNWALL,OPEN,FRESHWATER - RIVERS,2024-03-11 09:56:00,MONITORING  (NATIONAL AGENCY POLICY),RIVER / RUNNING SURFACE WATER,0076,Temperature of Water,8.2,CELSIUS,2024-03-11
https://environment.data.gov.uk/water-quality/sampling-point/SW-73020127/sample/3508897/observation/0076,SW-73020127,RIVER TAW AT CHAPELTON FOOTBRIDGE,258220,126100,SouthWest,SOUTH WEST - DEVON AND CORNWALL,EAST DEVON AND CORNWALL,OPEN,FRESHWATER - RIVERS,2024-03-13 10:59:00,MONITORING  (UK GOVT POLICY - NOT GQA OR RE),RIVER / RUNNING SURFACE WATER,0076,Temperature of Water,10.6,CELSIUS,2024-03-13
https://environment.data.gov.uk/water-quality/sampling-point/SW-73030120/sample/3509049/observation/0076,SW-73030120,RIVER TAW AT TAW BRIDGE,267294,106589,SouthWest,SOUTH WEST - DEVON AND CORNWALL,EAST DEVON AND CORNWALL,OPEN,FRESHWATER - RIVERS,2024-03-15 13:37:00,MONITORING  (UK GOVT POLICY - NOT GQA OR RE),RIVER / RUNNING SURFACE WATER,0076,Temperature of Water,10.5,CELSIUS,2024-03-15
https://environment.data.gov.uk/water-quality/sampling-point/SW-73060254/sample/3508837/observation/0076,SW-73060254,RIVER MOLE BELOW NORTH MOLTON STW,274580,129540,SouthWest,SOUTH WEST - DEVON AND CORNWALL,EAST DEVON AND CORNWALL,OPEN,FRESHWATER - RIVERS,2024-03-12 11:31:00,PLANNED INVESTIGATION (LOCAL MONITORING),RIVER / RUNNING SURFACE WATER,0076,Temperature of Water,9.4,CELSIUS,2024-03-12
https://environment.data.gov.uk/water-quality/sampling-point/SW-73060277/sample/3508806/observation/0076,SW-73060277,RIVER MOLE AT NORTH MOLTON ABOVE NORTH MOLTON STW                          OTHER HISTORIC DATA ON R30F026 & WSTW3218A,274370,129834,SouthWest,SOUTH WEST - DEVON AND CORNWALL,EAST DEVON AND CORNWALL,OPEN,FRESHWATER - RIVERS,2024-03-12 11:13:00,PLANNED INVESTIGATION (LOCAL MONITORING),RIVER / RUNNING SURFACE WATER,0076,Temperature of Water,9.4,CELSIUS,2024-03-12
https://environment.data.gov.uk/water-quality/sampling-point/SW-73060314/sample/3508726/observation/0076,SW-73060314,HEASLEY MILL   RIVER MOLE,273800,132200,SouthWest,SOUTH WEST - DEVON AND CORNWALL,EAST DEVON AND CORNWALL,OPEN,FRESHWATER - RIVERS,2024-03-11 13:58:00,MONITORING  (UK GOVT POLICY - NOT GQA OR RE),RIVER / RUNNING SURFACE WATER,0076,Temperature of Water,10.7,CELSIUS,2024-03-11
https://environment.data.gov.uk/water-quality/sampling-point/SW-73063264/sample/3508291/observation/0076,SW-73063264,RIVER YEO (MOLLAND) AT BOTTREAUX MILL,282110,126380,SouthWest,SOUTH WEST - DEVON AND CORNWALL,EAST DEVON AND CORNWALL,OPEN,FRESHWATER - RIVERS,2024-03-04 13:06:00,MONITORING  (UK GOVT POLICY - NOT GQA OR RE),RIVER / RUNNING SURFACE WATER,0076,Temperature of Water,8.1,CELSIUS,2024-03-04
https://environment.data.gov.uk/water-quality/sampling-point/SW-73063264/sample/3508835/observation/0076,SW-73063264,RIVER YEO (MOLLAND) AT BOTTREAUX MILL,282110,126380,SouthWest,SOUTH WEST - DEVON AND CORNWALL,EAST DEVON AND CORNWALL,OPEN,FRESHWATER - RIVERS,2024-03-12 12:19:00,MONITORING  (UK GOVT POLICY - NOT GQA OR RE),RIVER / RUNNING SURFACE WATER,0076,Temperature of Water,9.6,CELSIUS,2024-03-12
https://environment.data.gov.uk/water-quality/sampling-point/SW-73063264/sample/3509605/observation/0076,SW-73063264,RIVER YEO (MOLLAND) AT BOTTREAUX MILL,282110,126380,SouthWest,SOUTH WEST - DEVON AND CORNWALL,EAST DEVON AND CORNWALL,OPEN,FRESHWATER - RIVERS,2024-03-18 14:40:00,MONITORING  (UK GOVT POLICY - NOT GQA OR RE),RIVER / RUNNING SURFACE WATER,0076,Temperature of Water,12.2,CELSIUS,2024-03-18
https://environment.data.gov.uk/water-quality/sampling-point/SW-73063264/sample/3509922/observation/0076,SW-73063264,RIVER YEO (MOLLAND) AT BOTTREAUX MILL,282110,126380,SouthWest,SOUTH WEST - DEVON AND CORNWALL,EAST DEVON AND CORNWALL,OPEN,FRESHWATER - RIVERS,2024-03-25 11:06:00,MONITORING  (UK GOVT POLICY - NOT GQA OR RE),RIVER / RUNNING SURFACE WATER,0076,Temperature of Water,9.2,CELSIUS,2024-03-25
https://environment.data.gov.uk/water-quality/sampling-point/SW-73070186/sample/3510350/observation/0076,SW-73070186,RIVER BRAY AT LEEHAM FORD,267739,139911,SouthWest,SOUTH WEST - DEVON AND CORNWALL,EAST DEVON AND CORNWALL,OPEN,FRESHWATER - RIVERS,2024-03-26 14:14:00,MONITORING  (NATIONAL AGENCY POLICY),RIVER / RUNNING SURFACE WATER,0076,Temperature of Water,10.5,CELSIUS,2024-03-26
https://environment.data.gov.uk/water-quality/sampling-point/SW-73070503/sample/3508689/observation/0076,SW-73070503,RIVER HOLEWATER (MOLLAND) AT LINKLEYHAM BRIDGE,269602,132512,SouthWest,SOUTH WEST - DEVON AND CORNWALL,EAST DEVON AND CORNWALL,OPEN,FRESHWATER - RIVERS,2024-03-11 12:49:00,MONITORING  (UK GOVT POLICY - NOT GQA OR RE),RIVER / RUNNING SURFACE WATER,0076,Temperature of Water,9.6,CELSIUS,2024-03-11
https://environment.data.gov.uk/water-quality/sampling-point/SW-73070503/sample/3509717/observation/0076,SW-73070503,RIVER HOLEWATER (MOLLAND) AT LINKLEYHAM BRIDGE,269602,132512,SouthWest,SOUTH WEST - DEVON AND CORNWALL,EAST DEVON AND CORNWALL,OPEN,FRESHWATER - RIVERS,2024-03-20 10:19:00,MONITORING  (UK GOVT POLICY - NOT GQA OR RE),RIVER / RUNNING SURFACE WATER,0076,Temperature of Water,10.6,CELSIUS,2024-03-20
https://environment.data.gov.uk/water-quality/sampling-point/SW-73070503/sample/3510351/observation/0076,SW-73070503,RIVER HOLEWATER (MOLLAND) AT LINKLEYHAM BRIDGE,269602,132512,SouthWest,SOUTH WEST - DEVON AND CORNWALL,EAST DEVON AND CORNWALL,OPEN,FRESHWATER - RIVERS,2024-03-26 14:37:00,MONITORING  (UK GOVT POLICY - NOT GQA OR RE),RIVER / RUNNING SURFACE WATER,0076,Temperature of Water,10.9,CELSIUS,2024-03-26
https://environment.data.gov.uk/water-quality/sampling-point/SW-73080442/sample/3510352/observation/0076,SW-73080442,RIVER YEO (BARNSTAPLE) AT COLLARD BRIDGE,259552,135665,SouthWest,SOUTH WEST - DEVON AND CORNWALL,EAST DEVON AND CORNWALL,OPEN,FRESHWATER - RIVERS,2024-03-26 12:26:00,MONITORING  (UK GOVT POLICY - NOT GQA OR RE),RIVER / RUNNING SURFACE WATER,0076,Temperature of Water,10.8,CELSIUS,2024-03-26
https://environment.data.gov.uk/water-quality/sampling-point/SW-8012GW01/sample/3509791/observation/0076,SW-8012GW01,SPRING AT TREBOY FARM ST CLETHER,219406,83854,SouthWest,SOUTH WEST - DEVON AND CORNWALL,CENTRAL DEVON AND CORNWALL,OPEN,GROUNDWATER - SPRING,2024-03-21 10:56:00,ENVIRONMENTAL MONITORING STATUTORY (EU DIRECTIVES),GROUNDWATER - PURGED/PUMPED/REFILLED,0076,Temperature of Water,10.1,CELSIUS,2024-03-21
https://environment.data.gov.uk/water-quality/sampling-point/SW-8012GW02/sample/3509873/observation/0076,SW-8012GW02,HONICOMBE MANOR HOLIDAY VILLAGE,241200,70500,SouthWest,SOUTH WEST - DEVON AND CORNWALL,CENTRAL DEVON AND CORNWALL,OPEN,GROUNDWATER - SPRING,2024-03-22 12:02:00,ENVIRONMENTAL MONITORING STATUTORY (EU DIRECTIVES),GROUNDWATER - PURGED/PUMPED/REFILLED,0076,Temperature of Water,11.1,CELSIUS,2024-03-22
https://environment.data.gov.uk/water-quality/sampling-point/SW-8024GW01/sample/3510420/observation/0076,SW-8024GW01,HENDRA TOURING PARK,183520,60260,SouthWest,SOUTH WEST - DEVON AND CORNWALL,WEST DEVON AND CORNWALL,OPEN,GROUNDWATER - BOREHOLE,2024-03-27 10:00:00,ENVIRONMENTAL MONITORING STATUTORY (EU DIRECTIVES),GROUNDWATER - PURGED/PUMPED/REFILLED,0076,Temperature of Water,12.2,CELSIUS,2024-03-27
https://environment.data.gov.uk/water-quality/sampling-point/SW-8047GW02/sample/3509691/observation/0076,SW-8047GW02,"TAMAR VIEW, WEST YOULSTONE",226730,115440,SouthWest,SOUTH WEST - DEVON AND CORNWALL,CENTRAL DEVON AND CORNWALL,OPEN,GROUNDWATER - BOREHOLE,2024-03-20 12:41:00,ENVIRONMENTAL MONITORING STATUTORY (EU DIRECTIVES),GROUNDWATER - PURGED/PUMPED/REFILLED,0076,Temperature of Water,11,CELSIUS,2024-03-20
https://environment.data.gov.uk/water-quality/sampling-point/SW-8047GW03/sample/3508327/observation/0076,SW-8047GW03,BOYTON MILL,233020,92060,SouthWest,SOUTH WEST - DEVON AND CORNWALL,CENTRAL DEVON AND CORNWALL,OPEN,GROUNDWATER - BOREHOLE,2024-03-05 11:28:00,ENVIRONMENTAL MONITORING STATUTORY (EU DIRECTIVES),GROUNDWATER - PURGED/PUMPED/REFILLED,0076,Temperature of Water,12.1,CELSIUS,2024-03-05
https://environment.data.gov.uk/water-quality/sampling-point/SW-8047GW04/sample/3510333/observation/0076,SW-8047GW04,WINSCOTT FARM,233550,101640,SouthWest,SOUTH WEST - DEVON AND CORNWALL,CENTRAL DEVON AND CORNWALL,OPEN,GROUNDWATER - BOREHOLE,2024-03-26 11:08:00,ENVIRONMENTAL MONITORING STATUTORY (EU DIRECTIVES),GROUNDWATER - PURGED/PUMPED/REFILLED,0076,Temperature of Water,11.5,CELSIUS,2024-03-26
https://environment.data.gov.uk/water-quality/sampling-point/SW-8047GW05/sample/3509692/observation/0076,SW-8047GW05,TREYEO FARM,227380,104100,SouthWest,SOUTH WEST - DEVON AND CORNWALL,CENTRAL DEVON AND CORNWALL,OPEN,GROUNDWATER - BOREHOLE,2024-03-20 13:14:00,ENVIRONMENTAL MONITORING STATUTORY (EU DIRECTIVES),GROUNDWATER - PURGED/PUMPED/REFILLED,0076,Temperature of Water,10.3,CELSIUS,2024-03-20
https://environment.data.gov.uk/water-quality/sampling-point/SW-8047GW06/sample/3510424/observation/0076,SW-8047GW06,CHAPLINS (DIY STORE),254470,56850,SouthWest,SOUTH WEST - DEVON AND CORNWALL,CENTRAL DEVON AND CORNWALL,OPEN,GROUNDWATER - BOREHOLE,2024-03-27 12:31:00,ENVIRONMENTAL MONITORING STATUTORY (EU DIRECTIVES),GROUNDWATER - PURGED/PUMPED/REFILLED,0076,Temperature of Water,13.9,CELSIUS,2024-03-27
https://environment.data.gov.uk/water-quality/sampling-point/SW-8047GW08/sample/3510425/observation/0076,SW-8047GW08,MIDDLE ROOK FARM,260310,60850,SouthWest,SOUTH WEST - DEVON AND CORNWALL,CENTRAL DEVON AND CORNWALL,OPEN,GROUNDWATER - BOREHOLE,2024-03-27 13:06:00,ENVIRONMENTAL MONITORING STATUTORY (EU DIRECTIVES),GROUNDWATER - PURGED/PUMPED/REFILLED,0076,Temperature of Water,10.5,CELSIUS,2024-03-27
https://environment.data.gov.uk/water-quality/sampling-point/SW-8047GW10/sample/3510426/observation/0076,SW-8047GW10,TRELANA FARM,229520,101880,SouthWest,SOUTH WEST - DEVON AND CORNWALL,CENTRAL DEVON AND CORNWALL,OPEN,GROUNDWATER - BOREHOLE,2024-03-27 12:51:00,ENVIRONMENTAL MONITORING STATUTORY (EU DIRECTIVES),GROUNDWATER - PURGED/PUMPED/REFILLED,0076,Temperature of Water,11.4,CELSIUS,2024-03-27
https://environment.data.gov.uk/water-quality/sampling-point/SW-8047GW11/sample/3510490/observation/0076,SW-8047GW11,WHITELEIGH 2023,224692,94508,SouthWest,SOUTH WEST - DEVON AND CORNWALL,CENTRAL DEVON AND CORNWALL,OPEN,GROUNDWATER - BOREHOLE,2024-03-27 13:22:00,ENVIRONMENTAL MONITORING STATUTORY (EU DIRECTIVES),GROUNDWATER - PURGED/PUMPED/REFILLED,0076,Temperature of Water,9.5,CELSIUS,2024-03-27
https://environment.data.gov.uk/water-quality/sampling-point/SW-81010117/sample/3508226/observation/0076,SW-81010117,YEALM ESTUARY 100M DOWNSTREAM OF INTERNATIONAL PAINTS DISCHARGE,254000,47900,SouthWest,SOUTH WEST - DEVON AND CORNWALL,ECMAS SAMPLING (DEVON AND CORNWALL),OPEN,SALINE WATER - ESTUARINE SITES - NON BATHING/SHELLFISH,2024-03-03 10:47:00,ENVIRONMENTAL MONITORING STATUTORY (EU DIRECTIVES),ESTUARINE WATER,0076,Temperature of Water,9.7,CELSIUS,2024-03-03
https://environment.data.gov.uk/water-quality/sampling-point/SW-81010134/sample/3510421/observation/0076,SW-81010134,"THORN HOUSE, WEMBURY GROUNDWATER",254100,49050,SouthWest,SOUTH WEST - DEVON AND CORNWALL,CENTRAL DEVON AND CORNWALL,OPEN,GROUNDWATER - BOREHOLE,2024-03-27 10:55:00,ENVIRONMENTAL MONITORING STATUTORY (EU DIRECTIVES),GROUNDWATER - PURGED/PUMPED/REFILLED,0076,Temperature of Water,11.7,CELSIUS,2024-03-27
https://environment.data.gov.uk/water-quality/sampling-point/SW-81010221/sample/3508604/observation/0076,SW-81010221,NEWTON STREAM AT BRIDGEND (U/S TRIBS),255576,48196,SouthWest,SOUTH WEST - DEVON AND CORNWALL,CENTRAL DEVON AND CORNWALL,OPEN,FRESHWATER - RIVERS,2024-03-08 10:40:00,MONITORING  (UK GOVT POLICY - NOT GQA OR RE),RIVER / RUNNING SURFACE WATER,0076,Temperature of Water,10,CELSIUS,2024-03-08
https://environment.data.gov.uk/water-quality/sampling-point/SW-81010221/sample/3508800/observation/0076,SW-81010221,NEWTON STREAM AT BRIDGEND (U/S TRIBS),255576,48196,SouthWest,SOUTH WEST - DEVON AND CORNWALL,CENTRAL DEVON AND CORNWALL,OPEN,FRESHWATER - RIVERS,2024-03-12 14:22:00,MONITORING  (UK GOVT POLICY - NOT GQA OR RE),RIVER / RUNNING SURFACE WATER,0076,Temperature of Water,11.3,CELSIUS,2024-03-12
https://environment.data.gov.uk/water-quality/sampling-point/SW-81010221/sample/3509711/observation/0076,SW-81010221,NEWTON STREAM AT BRIDGEND (U/S TRIBS),255576,48196,SouthWest,SOUTH WEST - DEVON AND CORNWALL,CENTRAL DEVON AND CORNWALL,OPEN,FRESHWATER - RIVERS,2024-03-20 11:40:00,MONITORING  (UK GOVT POLICY - NOT GQA OR RE),RIVER / RUNNING SURFACE WATER,0076,Temperature of Water,12.2,CELSIUS,2024-03-20
https://environment.data.gov.uk/water-quality/sampling-point/SW-81010221/sample/3510433/observation/0076,SW-81010221,NEWTON STREAM AT BRIDGEND (U/S TRIBS),255576,48196,SouthWest,SOUTH WEST - DEVON AND CORNWALL,CENTRAL DEVON AND CORNWALL,OPEN,FRESHWATER - RIVERS,2024-03-27 11:26:00,MONITORING  (UK GOVT POLICY - NOT GQA OR RE),RIVER / RUNNING SURFACE WATER,0076,Temperature of Water,10.1,CELSIUS,2024-03-27
https://environment.data.gov.uk/water-quality/sampling-point/SW-81010238/sample/3509840/observation/0076,SW-81010238,NEWTON STREAM ABOVE NEWTON FERRERS STW,256716,48416,SouthWest,SOUTH WEST - DEVON AND CORNWALL,CENTRAL DEVON AND CORNWALL,OPEN,FRESHWATER - RIVERS,2024-03-22 13:43:00,MONITORING  (NATIONAL AGENCY POLICY),RIVER / RUNNING SURFACE WATER,0076,Temperature of Water,11.6,CELSIUS,2024-03-22
https://environment.data.gov.uk/water-quality/sampling-point/SW-81020105/sample/3508605/observation/0076,SW-81020105,R YEALM AT PUSLINCH GAUGING STATION,257400,51120,SouthWest,SOUTH WEST - DEVON AND CORNWALL,CENTRAL DEVON AND CORNWALL,OPEN,FRESHWATER - RIVERS,2024-03-08 11:05:00,MONITORING  (UK GOVT POLICY - NOT GQA OR RE),RIVER / RUNNING SURFACE WATER,0076,Temperature of Water,9.1,CELSIUS,2024-03-08
https://environment.data.gov.uk/water-quality/sampling-point/SW-81020105/sample/3508801/observation/0076,SW-81020105,R YEALM AT PUSLINCH GAUGING STATION,257400,51120,SouthWest,SOUTH WEST - DEVON AND CORNWALL,CENTRAL DEVON AND CORNWALL,OPEN,FRESHWATER - RIVERS,2024-03-12 14:34:00,MONITORING  (UK GOVT POLICY - NOT GQA OR RE),RIVER / RUNNING SURFACE WATER,0076,Temperature of Water,10.3,CELSIUS,2024-03-12
https://environment.data.gov.uk/water-quality/sampling-point/SW-81020105/sample/3509712/observation/0076,SW-81020105,R YEALM AT PUSLINCH GAUGING STATION,257400,51120,SouthWest,SOUTH WEST - DEVON AND CORNWALL,CENTRAL DEVON AND CORNWALL,OPEN,FRESHWATER - RIVERS,2024-03-20 12:00:00,MONITORING  (UK GOVT POLICY - NOT GQA OR RE),RIVER / RUNNING SURFACE WATER,0076,Temperature of Water,11.3,CELSIUS,2024-03-20
https://environment.data.gov.uk/water-quality/sampling-point/SW-81020105/sample/3510434/observation/0076,SW-81020105,R YEALM AT PUSLINCH GAUGING STATION,257400,51120,SouthWest,SOUTH WEST - DEVON AND CORNWALL,CENTRAL DEVON AND CORNWALL,OPEN,FRESHWATER - RIVERS,2024-03-27 12:00:00,MONITORING  (UK GOVT POLICY - NOT GQA OR RE),RIVER / RUNNING SURFACE WATER,0076,Temperature of Water,9.3,CELSIUS,2024-03-27
https://environment.data.gov.uk/water-quality/sampling-point/SW-81020165/sample/3508606/observation/0076,SW-81020165,RIVER YEALM AT FARDEL MILL FARM BRIDGE,260248,57192,SouthWest,SOUTH WEST - DEVON AND CORNWALL,CENTRAL DEVON AND CORNWALL,OPEN,FRESHWATER - RIVERS,2024-03-08 11:45:00,MONITORING  (UK GOVT POLICY - NOT GQA OR RE),RIVER / RUNNING SURFACE WATER,0076,Temperature of Water,9,CELSIUS,2024-03-08
https://environment.data.gov.uk/water-quality/sampling-point/SW-81020165/sample/3508802/observation/0076,SW-81020165,RIVER YEALM AT FARDEL MILL FARM BRIDGE,260248,57192,SouthWest,SOUTH WEST - DEVON AND CORNWALL,CENTRAL DEVON AND CORNWALL,OPEN,FRESHWATER - RIVERS,2024-03-12 15:02:00,MONITORING  (UK GOVT POLICY - NOT GQA OR RE),RIVER / RUNNING SURFACE WATER,0076,Temperature of Water,9.9,CELSIUS,2024-03-12
https://environment.data.gov.uk/water-quality/sampling-point/SW-81020165/sample/3509713/observation/0076,SW-81020165,RIVER YEALM AT FARDEL MILL FARM BRIDGE,260248,57192,SouthWest,SOUTH WEST - DEVON AND CORNWALL,CENTRAL DEVON AND CORNWALL,OPEN,FRESHWATER - RIVERS,2024-03-20 13:15:00,MONITORING  (UK GOVT POLICY - NOT GQA OR RE),RIVER / RUNNING SURFACE WATER,0076,Temperature of Water,11.2,CELSIUS,2024-03-20
https://environment.data.gov.uk/water-quality/sampling-point/SW-81020165/sample/3510435/observation/0076,SW-81020165,RIVER YEALM AT FARDEL MILL FARM BRIDGE,260248,57192,SouthWest,SOUTH WEST - DEVON AND CORNWALL,CENTRAL DEVON AND CORNWALL,OPEN,FRESHWATER - RIVERS,2024-03-27 12:30:00,MONITORING  (UK GOVT POLICY - NOT GQA OR RE),RIVER / RUNNING SURFACE WATER,0076,Temperature of Water,9.3,CELSIUS,2024-03-27
https://environment.data.gov.uk/water-quality/sampling-point/SW-81020186/sample/3508617/observation/0076,SW-81020186,RIVER YEALM AT HELE CROSS,261454,60887,SouthWest,SOUTH WEST - DEVON AND CORNWALL,CENTRAL DEVON AND CORNWALL,OPEN,FRESHWATER - RIVERS,2024-03-08 12:11:00,MONITORING  (UK GOVT POLICY - NOT GQA OR RE),RIVER / RUNNING SURFACE WATER,0076,Temperature of Water,8.4,CELSIUS,2024-03-08
https://environment.data.gov.uk/water-quality/sampling-point/SW-81020186/sample/3508807/observation/0076,SW-81020186,RIVER YEALM AT HELE CROSS,261454,60887,SouthWest,SOUTH WEST - DEVON AND CORNWALL,CENTRAL DEVON AND CORNWALL,OPEN,FRESHWATER - RIVERS,2024-03-12 15:37:00,MONITORING  (UK GOVT POLICY - NOT GQA OR RE),RIVER / RUNNING SURFACE WATER,0076,Temperature of Water,9.6,CELSIUS,2024-03-12
https://environment.data.gov.uk/water-quality/sampling-point/SW-81020186/sample/3509718/observation/0076,SW-81020186,RIVER YEALM AT HELE CROSS,261454,60887,SouthWest,SOUTH WEST - DEVON AND CORNWALL,CENTRAL DEVON AND CORNWALL,OPEN,FRESHWATER - RIVERS,2024-03-20 14:01:00,MONITORING  (UK GOVT POLICY - NOT GQA OR RE),RIVER / RUNNING SURFACE WATER,0076,Temperature of Water,11,CELSIUS,2024-03-20
https://environment.data.gov.uk/water-quality/sampling-point/SW-81020186/sample/3510441/observation/0076,SW-81020186,RIVER YEALM AT HELE CROSS,261454,60887,SouthWest,SOUTH WEST - DEVON AND CORNWALL,CENTRAL DEVON AND CORNWALL,OPEN,FRESHWATER - RIVERS,2024-03-27 09:52:00,MONITORING  (UK GOVT POLICY - NOT GQA OR RE),RIVER / RUNNING SURFACE WATER,0076,Temperature of Water,8,CELSIUS,2024-03-27
https://environment.data.gov.uk/water-quality/sampling-point/SW-81020802/sample/3508607/observation/0076,SW-81020802,RIVER PIALL AT MARKS BRIDGE,260142,57148,SouthWest,SOUTH WEST - DEVON AND CORNWALL,CENTRAL DEVON AND CORNWALL,OPEN,FRESHWATER - RIVERS,2024-03-08 11:35:00,MONITORING  (UK GOVT POLICY - NOT GQA OR RE),RIVER / RUNNING SURFACE WATER,0076,Temperature of Water,9.3,CELSIUS,2024-03-08
https://environment.data.gov.uk/water-quality/sampling-point/SW-81020802/sample/3508803/observation/0076,SW-81020802,RIVER PIALL AT MARKS BRIDGE,260142,57148,SouthWest,SOUTH WEST - DEVON AND CORNWALL,CENTRAL DEVON AND CORNWALL,OPEN,FRESHWATER - RIVERS,2024-03-12 14:55:00,MONITORING  (UK GOVT POLICY - NOT GQA OR RE),RIVER / RUNNING SURFACE WATER,0076,Temperature of Water,10.5,CELSIUS,2024-03-12
https://environment.data.gov.uk/water-quality/sampling-point/SW-81020802/sample/3509714/observation/0076,SW-81020802,RIVER PIALL AT MARKS BRIDGE,260142,57148,SouthWest,SOUTH WEST - DEVON AND CORNWALL,CENTRAL DEVON AND CORNWALL,OPEN,FRESHWATER - RIVERS,2024-03-20 13:05:00,MONITORING  (UK GOVT POLICY - NOT GQA OR RE),RIVER / RUNNING SURFACE WATER,0076,Temperature of Water,11.8,CELSIUS,2024-03-20
https://environment.data.gov.uk/water-quality/sampling-point/SW-81020802/sample/3509719/observation/0076,SW-81020802,RIVER PIALL AT MARKS BRIDGE,260142,57148,SouthWest,SOUTH WEST - DEVON AND CORNWALL,CENTRAL DEVON AND CORNWALL,OPEN,FRESHWATER - RIVERS,2024-03-20 13:31:00,MONITORING  (NATIONAL AGENCY POLICY),RIVER / RUNNING SURFACE WATER,0076,Temperature of Water,11.8,CELSIUS,2024-03-20
https://environment.data.gov.uk/water-quality/sampling-point/SW-81020802/sample/3510436/observation/0076,SW-81020802,RIVER PIALL AT MARKS BRIDGE,260142,57148,SouthWest,SOUTH WEST - DEVON AND CORNWALL,CENTRAL DEVON AND CORNWALL,OPEN,FRESHWATER - RIVERS,2024-03-27 12:43:00,MONITORING  (UK GOVT POLICY - NOT GQA OR RE),RIVER / RUNNING SURFACE WATER,0076,Temperature of Water,9.7,CELSIUS,2024-03-27
https://environment.data.gov.uk/water-quality/sampling-point/SW-81020826/sample/3508808/observation/0076,SW-81020826,SLADE BRIDGE     PIALL RIVER,259971,58817,SouthWest,SOUTH WEST - DEVON AND CORNWALL,CENTRAL DEVON AND CORNWALL,OPEN,FRESHWATER - RIVERS,2024-03-12 15:13:00,PLANNED INVESTIGATION (LOCAL MONITORING),RIVER / RUNNING SURFACE WATER,0076,Temperature of Water,10.3,CELSIUS,2024-03-12
https://environment.data.gov.uk/water-quality/sampling-point/SW-81020847/sample/3509797/observation/0076,SW-81020847,RIVER PIALL AT ALMSHOUSE BRIDGE,259746,59563,SouthWest,SOUTH WEST - DEVON AND CORNWALL,CENTRAL DEVON AND CORNWALL,OPEN,FRESHWATER - RIVERS,2024-03-20 13:45:00,MONITORING  (NATIONAL AGENCY POLICY),RIVER / RUNNING SURFACE WATER,0076,Temperature of Water,11.7,CELSIUS,2024-03-20
https://environment.data.gov.uk/water-quality/sampling-point/SW-81110001/sample/3510449/observation/0076,SW-81110001,PLYMOUTH GARDEN CENTRE   CROWNHILL   PLYMOUTH                              PIPE ENTERING STORAGE TANK,249640,58350,SouthWest,SOUTH WEST - DEVON AND CORNWALL,CENTRAL DEVON AND CORNWALL,OPEN,GROUNDWATER - BOREHOLE,2024-03-27 13:47:00,ENVIRONMENTAL MONITORING STATUTORY (EU DIRECTIVES),GROUNDWATER,0076,Temperature of Water,12.2,CELSIUS,2024-03-27
https://environment.data.gov.uk/water-quality/sampling-point/SW-81110105/sample/3508219/observation/0076,SW-81110105,PLYM ESTUARY - CATTEWATER,249000,53400,SouthWest,SOUTH WEST - DEVON AND CORNWALL,ECMAS SAMPLING (DEVON AND CORNWALL),OPEN,SALINE WATER - ESTUARINE SITES - NON BATHING/SHELLFISH,2024-03-03 11:27:00,PLANNED INVESTIGATION (LOCAL MONITORING),ESTUARINE WATER,0076,Temperature of Water,9.6,CELSIUS,2024-03-03
https://environment.data.gov.uk/water-quality/sampling-point/SW-8111GW01/sample/3510504/observation/0076,SW-8111GW01,STADDON HEIGHTS GOLF CLUB,249562,51745,SouthWest,SOUTH WEST - DEVON AND CORNWALL,CENTRAL DEVON AND CORNWALL,OPEN,GROUNDWATER - BOREHOLE,2024-03-27 11:25:00,ENVIRONMENTAL MONITORING STATUTORY (EU DIRECTIVES),GROUNDWATER,0076,Temperature of Water,12.4,CELSIUS,2024-03-27
https://environment.data.gov.uk/water-quality/sampling-point/SW-81120002/sample/3510443/observation/0076,SW-81120002,GREENWELL FARM  HOO MEAVY  YELVERTON                                       SAMPLED PRIOR TO ENTERING RESERVOIR,253560,65890,SouthWest,SOUTH WEST - DEVON AND CORNWALL,CENTRAL DEVON AND CORNWALL,OPEN,GROUNDWATER - BOREHOLE,2024-03-27 11:06:00,ENVIRONMENTAL MONITORING STATUTORY (EU DIRECTIVES),GROUNDWATER,0076,Temperature of Water,10.4,CELSIUS,2024-03-27
https://environment.data.gov.uk/water-quality/sampling-point/SW-81120120/sample/3509823/observation/0076,SW-81120120,RIVER PLYM AT PLYM BRIDGE,252366,58732,SouthWest,SOUTH WEST - DEVON AND CORNWALL,CENTRAL DEVON AND CORNWALL,OPEN,FRESHWATER - RIVERS,2024-03-22 10:48:00,MONITORING  (UK GOVT POLICY - NOT GQA OR RE),RIVER / RUNNING SURFACE WATER,0076,Temperature of Water,10.4,CELSIUS,2024-03-22
https://environment.data.gov.uk/water-quality/sampling-point/SW-81120290/sample/3509876/observation/0076,SW-81120290,RIVER PLYM 100 METRES DOWNSTREAM OF CADOVER BRIDGE,255434,64539,SouthWest,SOUTH WEST - DEVON AND CORNWALL,CENTRAL DEVON AND CORNWALL,OPEN,FRESHWATER - RIVERS,2024-03-22 12:31:00,MONITORING  (NATIONAL AGENCY POLICY),RIVER / RUNNING SURFACE WATER,0076,Temperature of Water,10,CELSIUS,2024-03-22
https://environment.data.gov.uk/water-quality/sampling-point/SW-81121473/sample/3508417/observation/0076,SW-81121473,RIVER MEAVY AT WEIR ABOVE BURRATOR RESERVOIR,256647,69173,SouthWest,SOUTH WEST - DEVON AND CORNWALL,CENTRAL DEVON AND CORNWALL,OPEN,FRESHWATER - RIVERS,2024-03-05 13:21:00,MONITORING  (UK GOVT POLICY - NOT GQA OR RE),RIVER / RUNNING SURFACE WATER,0076,Temperature of Water,9.4,CELSIUS,2024-03-05
https://environment.data.gov.uk/water-quality/sampling-point/SW-81121473/sample/3508764/observation/0076,SW-81121473,RIVER MEAVY AT WEIR ABOVE BURRATOR RESERVOIR,256647,69173,SouthWest,SOUTH WEST - DEVON AND CORNWALL,CENTRAL DEVON AND CORNWALL,OPEN,FRESHWATER - RIVERS,2024-03-11 13:35:00,MONITORING  (UK GOVT POLICY - NOT GQA OR RE),RIVER / RUNNING SURFACE WATER,0076,Temperature of Water,9.3,CELSIUS,2024-03-11
https://environment.data.gov.uk/water-quality/sampling-point/SW-81121473/sample/3509800/observation/0076,SW-81121473,RIVER MEAVY AT WEIR ABOVE BURRATOR RESERVOIR,256647,69173,SouthWest,SOUTH WEST - DEVON AND CORNWALL,CENTRAL DEVON AND CORNWALL,OPEN,FRESHWATER - RIVERS,2024-03-20 14:31:00,MONITORING  (UK GOVT POLICY - NOT GQA OR RE),RIVER / RUNNING SURFACE WATER,0076,Temperature of Water,11.3,CELSIUS,2024-03-20
https://environment.data.gov.uk/water-quality/sampling-point/SW-81121473/sample/3510505/observation/0076,SW-81121473,RIVER MEAVY AT WEIR ABOVE BURRATOR RESERVOIR,256647,69173,SouthWest,SOUTH WEST - DEVON AND CORNWALL,CENTRAL DEVON AND CORNWALL,OPEN,FRESHWATER - RIVERS,2024-03-27 11:32:00,MONITORING  (UK GOVT POLICY - NOT GQA OR RE),RIVER / RUNNING SURFACE WATER,0076,Temperature of Water,8.7,CELSIUS,2024-03-27
https://environment.data.gov.uk/water-quality/sampling-point/SW-81201106/sample/3508444/observation/0076,SW-81201106,RIVER CLAW AT TETCOTT BRIDGE,232721,96933,SouthWest,SOUTH WEST - DEVON AND CORNWALL,CENTRAL DEVON AND CORNWALL,OPEN,FRESHWATER - RIVERS,2024-03-06 13:34:00,MONITORING  (UK GOVT POLICY - NOT GQA OR RE),RIVER / RUNNING SURFACE WATER,0076,Temperature of Water,6.9,CELSIUS,2024-03-06
https://environment.data.gov.uk/water-quality/sampling-point/SW-81201106/sample/3508690/observation/0076,SW-81201106,RIVER CLAW AT TETCOTT BRIDGE,232721,96933,SouthWest,SOUTH WEST - DEVON AND CORNWALL,CENTRAL DEVON AND CORNWALL,OPEN,FRESHWATER - RIVERS,2024-03-11 13:10:00,MONITORING  (UK GOVT POLICY - NOT GQA OR RE),RIVER / RUNNING SURFACE WATER,0076,Temperature of Water,8.3,CELSIUS,2024-03-11
https://environment.data.gov.uk/water-quality/sampling-point/SW-81201106/sample/3509824/observation/0076,SW-81201106,RIVER CLAW AT TETCOTT BRIDGE,232721,96933,SouthWest,SOUTH WEST - DEVON AND CORNWALL,CENTRAL DEVON AND CORNWALL,OPEN,FRESHWATER - RIVERS,2024-03-22 15:44:00,MONITORING  (UK GOVT POLICY - NOT GQA OR RE),RIVER / RUNNING SURFACE WATER,0076,Temperature of Water,10.8,CELSIUS,2024-03-22
https://environment.data.gov.uk/water-quality/sampling-point/SW-81201106/sample/3510353/observation/0076,SW-81201106,RIVER CLAW AT TETCOTT BRIDGE,232721,96933,SouthWest,SOUTH WEST - DEVON AND CORNWALL,CENTRAL DEVON AND CORNWALL,OPEN,FRESHWATER - RIVERS,2024-03-26 10:01:00,MONITORING  (UK GOVT POLICY - NOT GQA OR RE),RIVER / RUNNING SURFACE WATER,0076,Temperature of Water,8.7,CELSIUS,2024-03-26
https://environment.data.gov.uk/water-quality/sampling-point/SW-81201143/sample/3508464/observation/0076,SW-81201143,RIVER CLAW AT CLAWTON BRIDGE,235330,99320,SouthWest,SOUTH WEST - DEVON AND CORNWALL,CENTRAL DEVON AND CORNWALL,OPEN,FRESHWATER - RIVERS,2024-03-06 10:14:00,PLANNED INVESTIGATION (LOCAL MONITORING),RIVER / RUNNING SURFACE WATER,0076,Temperature of Water,5.6,CELSIUS,2024-03-06
https://environment.data.gov.uk/water-quality/sampling-point/SW-81201402/sample/3508255/observation/0076,SW-81201402,RIVER DEER AT DEER BRIDGE,231956,97377,SouthWest,SOUTH WEST - DEVON AND CORNWALL,CENTRAL DEVON AND CORNWALL,OPEN,FRESHWATER - RIVERS,2024-03-04 12:06:00,PLANNED INVESTIGATION (LOCAL MONITORING),RIVER / RUNNING SURFACE WATER,0076,Temperature of Water,6.8,CELSIUS,2024-03-04
https://environment.data.gov.uk/water-quality/sampling-point/SW-81201470/sample/3508283/observation/0076,SW-81201470,RIVER DEER AT RYDON BRIDGE,233589,104127,SouthWest,SOUTH WEST - DEVON AND CORNWALL,CENTRAL DEVON AND CORNWALL,OPEN,FRESHWATER - RIVERS,2024-03-04 11:20:00,PLANNED INVESTIGATION (LOCAL MONITORING),RIVER / RUNNING SURFACE WATER,0076,Temperature of Water,6.8,CELSIUS,2024-03-04
https://environment.data.gov.uk/water-quality/sampling-point/SW-81210345/sample/3508476/observation/0076,SW-81210345,FIRESTONE BAY,246401,53499,SouthWest,SOUTH WEST - DEVON AND CORNWALL,CENTRAL DEVON AND CORNWALL,OPEN,SALINE WATER - DESIGNATED BATHING BEACHES,2024-03-06 15:42:00,PLANNED INVESTIGATION (LOCAL MONITORING),SEA WATER,0076,Temperature of Water,10,CELSIUS,2024-03-06
https://environment.data.gov.uk/water-quality/sampling-point/SW-81210345/sample/3509017/observation/0076,SW-81210345,FIRESTONE BAY,246401,53499,SouthWest,SOUTH WEST - DEVON AND CORNWALL,CENTRAL DEVON AND CORNWALL,OPEN,SALINE WATER - DESIGNATED BATHING BEACHES,2024-03-14 15:02:00,PLANNED INVESTIGATION (LOCAL MONITORING),SEA WATER,0076,Temperature of Water,11.5,CELSIUS,2024-03-14
https://environment.data.gov.uk/water-quality/sampling-point/SW-81210345/sample/3509664/observation/0076,SW-81210345,FIRESTONE BAY,246401,53499,SouthWest,SOUTH WEST - DEVON AND CORNWALL,CENTRAL DEVON AND CORNWALL,OPEN,SALINE WATER - DESIGNATED BATHING BEACHES,2024-03-19 15:27:00,PLANNED INVESTIGATION (LOCAL MONITORING),SEA WATER,0076,Temperature of Water,12.5,CELSIUS,2024-03-19
https://environment.data.gov.uk/water-quality/sampling-point/SW-81210345/sample/3509923/observation/0076,SW-81210345,FIRESTONE BAY,246401,53499,SouthWest,SOUTH WEST - DEVON AND CORNWALL,CENTRAL DEVON AND CORNWALL,OPEN,SALINE WATER - DESIGNATED BATHING BEACHES,2024-03-25 16:07:00,PLANNED INVESTIGATION (LOCAL MONITORING),SEA WATER,0076,Temperature of Water,10.2,CELSIUS,2024-03-25
https://environment.data.gov.uk/water-quality/sampling-point/SW-81211235/sample/3508295/observation/0076,SW-81211235,ST JOHN'S LAKE AT ST JOHN,240896,53714,SouthWest,SOUTH WEST - DEVON AND CORNWALL,CENTRAL DEVON AND CORNWALL,OPEN,FRESHWATER - RIVERS,2024-03-04 15:59:00,PLANNED INVESTIGATION (LOCAL MONITORING),RIVER / RUNNING SURFACE WATER,0076,Temperature of Water,9.3,CELSIUS,2024-03-04
https://environment.data.gov.uk/water-quality/sampling-point/SW-81211236/sample/3508296/observation/0076,SW-81211236,SCONNER LAKE AT SHEVIOCK,236014,55275,SouthWest,SOUTH WEST - DEVON AND CORNWALL,CENTRAL DEVON AND CORNWALL,OPEN,FRESHWATER - RIVERS,2024-03-04 15:32:00,PLANNED INVESTIGATION (LOCAL MONITORING),RIVER / RUNNING SURFACE WATER,0076,Temperature of Water,9.5,CELSIUS,2024-03-04
https://environment.data.gov.uk/water-quality/sampling-point/SW-81211237/sample/3508297/observation/0076,SW-81211237,POLBATHIC LAKE AT POLBATHIC (MOVED 240M U/S 01-07-25),234665,56964,SouthWest,SOUTH WEST - DEVON AND CORNWALL,CENTRAL DEVON AND CORNWALL,OPEN,FRESHWATER - RIVERS,2024-03-04 15:10:00,PLANNED INVESTIGATION (LOCAL MONITORING),RIVER / RUNNING SURFACE WATER,0076,Temperature of Water,9.2,CELSIUS,2024-03-04
https://environment.data.gov.uk/water-quality/sampling-point/SW-81211640/sample/3508126/observation/0076,SW-81211640,LYNHER ESTUARY - MID ESTUARY,240000,56000,SouthWest,SOUTH WEST - DEVON AND CORNWALL,CENTRAL DEVON AND CORNWALL,OPEN,SALINE WATER - ESTUARINE SITES - NON BATHING/SHELLFISH,2024-03-01 10:07:00,PLANNED INVESTIGATION (LOCAL MONITORING),ESTUARINE WATER,0076,Temperature of Water,9.1,CELSIUS,2024-03-01
https://environment.data.gov.uk/water-quality/sampling-point/SW-81211660/sample/3508117/observation/0076,SW-81211660,LYNHER ESTUARY - BY SHEVIOCK WOOD,237450,56250,SouthWest,SOUTH WEST - DEVON AND CORNWALL,CENTRAL DEVON AND CORNWALL,OPEN,SALINE WATER - ESTUARINE SITES - NON BATHING/SHELLFISH,2024-03-01 10:15:00,PLANNED INVESTIGATION (LOCAL MONITORING),ESTUARINE WATER,0076,Temperature of Water,8.6,CELSIUS,2024-03-01
https://environment.data.gov.uk/water-quality/sampling-point/SW-81220015/sample/3508569/observation/0076,SW-81220015,KINGSMILL LAKE AT ZIGGARSON WOOD,241149,62313,SouthWest,SOUTH WEST - DEVON AND CORNWALL,CENTRAL DEVON AND CORNWALL,OPEN,FRESHWATER - RIVERS,2024-03-07 13:52:00,PLANNED INVESTIGATION (LOCAL MONITORING),RIVER / RUNNING SURFACE WATER,0076,Temperature of Water,10.3,CELSIUS,2024-03-07
https://environment.data.gov.uk/water-quality/sampling-point/SW-81220164/sample/3508190/observation/0076,SW-81220164,TAMAR SHELL FISH WATER,243800,61000,SouthWest,SOUTH WEST - DEVON AND CORNWALL,ECMAS SAMPLING (DEVON AND CORNWALL),OPEN,SALINE WATER - DESIGNATED SHELLFISHERIES,2024-03-01 09:03:00,PLANNED INVESTIGATION (LOCAL MONITORING),SEA WATER,0076,Temperature of Water,9,CELSIUS,2024-03-01
https://environment.data.gov.uk/water-quality/sampling-point/SW-81220210/sample/3508192/observation/0076,SW-81220210,TAMAR ESTUARY - MID ESTUARY,243400,63950,SouthWest,SOUTH WEST - DEVON AND CORNWALL,CENTRAL DEVON AND CORNWALL,OPEN,SALINE WATER - ESTUARINE SITES - NON BATHING/SHELLFISH,2024-03-01 09:11:00,PLANNED INVESTIGATION (LOCAL MONITORING),ESTUARINE WATER,0076,Temperature of Water,9,CELSIUS,2024-03-01
https://environment.data.gov.uk/water-quality/sampling-point/SW-81220281/sample/3508193/observation/0076,SW-81220281,TAMAR ESTUARY - BY CALSTOCK,242950,68800,SouthWest,SOUTH WEST - DEVON AND CORNWALL,CENTRAL DEVON AND CORNWALL,OPEN,SALINE WATER - ESTUARINE SITES - NON BATHING/SHELLFISH,2024-03-01 09:32:00,PLANNED INVESTIGATION (LOCAL MONITORING),ESTUARINE WATER,0076,Temperature of Water,8.5,CELSIUS,2024-03-01
https://environment.data.gov.uk/water-quality/sampling-point/SW-81221550/sample/3510507/observation/0076,SW-81221550,TAMERTON FOLIOT STREAM AT TAMERTON FOLIOT,246925,60907,SouthWest,SOUTH WEST - DEVON AND CORNWALL,CENTRAL DEVON AND CORNWALL,OPEN,FRESHWATER - RIVERS,2024-03-27 14:10:00,PLANNED INVESTIGATION (LOCAL MONITORING),RIVER / RUNNING SURFACE WATER,0076,Temperature of Water,10.3,CELSIUS,2024-03-27
https://environment.data.gov.uk/water-quality/sampling-point/SW-81223340/sample/3508922/observation/0076,SW-81223340,COTEHELE STREAM AT COTEHELE MILL,241776,68119,SouthWest,SOUTH WEST - DEVON AND CORNWALL,CENTRAL DEVON AND CORNWALL,OPEN,FRESHWATER - RIVERS,2024-03-13 14:39:00,PLANNED INVESTIGATION (LOCAL MONITORING),RIVER / RUNNING SURFACE WATER,0076,Temperature of Water,11.4,CELSIUS,2024-03-13
https://environment.data.gov.uk/water-quality/sampling-point/SW-81230007/sample/3508621/observation/0076,SW-81230007,`IGHER LONGFORD FARM  MOORSHOP  TAVISTOCK - SAMPLED FROM CATCHPIT,251880,74690,SouthWest,SOUTH WEST - DEVON AND CORNWALL,CENTRAL DEVON AND CORNWALL,OPEN,GROUNDWATER - PIT,2024-03-08 10:50:00,ENVIRONMENTAL MONITORING STATUTORY (EU DIRECTIVES),GROUNDWATER,0076,Temperature of Water,10.1,CELSIUS,2024-03-08
https://environment.data.gov.uk/water-quality/sampling-point/SW-81231119/sample/3509821/observation/0076,SW-81231119,RIVER TAVY AT LOPWELL DAM,247500,65038,SouthWest,SOUTH WEST - DEVON AND CORNWALL,CENTRAL DEVON AND CORNWALL,OPEN,FRESHWATER - RIVERS,2024-03-22 11:17:00,ENVIRONMENTAL MONITORING STATUTORY (EU DIRECTIVES),RIVER / RUNNING SURFACE WATER,0076,Temperature of Water,10.5,CELSIUS,2024-03-22
https://environment.data.gov.uk/water-quality/sampling-point/SW-81231133/sample/3508128/observation/0076,SW-81231133,RIVER TAVY AT DENHAM BRIDGE,247699,67856,SouthWest,SOUTH WEST - DEVON AND CORNWALL,CENTRAL DEVON AND CORNWALL,OPEN,FRESHWATER - RIVERS,2024-03-01 12:44:00,MONITORING  (UK GOVT POLICY - NOT GQA OR RE),RIVER / RUNNING SURFACE WATER,0076,Temperature of Water,7,CELSIUS,2024-03-01
https://environment.data.gov.uk/water-quality/sampling-point/SW-81231150/sample/3508454/observation/0076,SW-81231150,SHILLAMILL (ABOVE RIVER LUMBURN)     RIVER TAVY,246800,71900,SouthWest,SOUTH WEST - DEVON AND CORNWALL,CENTRAL DEVON AND CORNWALL,OPEN,FRESHWATER - RIVERS,2024-03-06 12:14:00,ENVIRONMENTAL MONITORING STATUTORY (EU DIRECTIVES),RIVER / RUNNING SURFACE WATER,0076,Temperature of Water,8,CELSIUS,2024-03-06
https://environment.data.gov.uk/water-quality/sampling-point/SW-81241110/sample/3508445/observation/0076,SW-81241110,RIVER WALKHAM AT GRENOFEN BRIDGE,249007,70972,SouthWest,SOUTH WEST - DEVON AND CORNWALL,CENTRAL DEVON AND CORNWALL,OPEN,FRESHWATER - RIVERS,2024-03-06 12:47:00,MONITORING  (NATIONAL AGENCY POLICY),RIVER / RUNNING SURFACE WATER,0076,Temperature of Water,8.5,CELSIUS,2024-03-06
https://environment.data.gov.uk/water-quality/sampling-point/SW-81241115/sample/3508474/observation/0076,SW-81241115,RIVER WALKHAM BELOW HORRABRIDGE STW,249650,70500,SouthWest,SOUTH WEST - DEVON AND CORNWALL,CENTRAL DEVON AND CORNWALL,OPEN,FRESHWATER - RIVERS,2024-03-06 13:08:00,PLANNED INVESTIGATION (LOCAL MONITORING),RIVER / RUNNING SURFACE WATER,0076,Temperature of Water,8.7,CELSIUS,2024-03-06
https://environment.data.gov.uk/water-quality/sampling-point/SW-81241119/sample/3508475/observation/0076,SW-81241119,RIVER WALKHAM ABOVE HORRABRIDGE STW,249950,70450,SouthWest,SOUTH WEST - DEVON AND CORNWALL,CENTRAL DEVON AND CORNWALL,OPEN,FRESHWATER - RIVERS,2024-03-06 13:13:00,PLANNED INVESTIGATION (LOCAL MONITORING),RIVER / RUNNING SURFACE WATER,0076,Temperature of Water,8.7,CELSIUS,2024-03-06
https://environment.data.gov.uk/water-quality/sampling-point/SW-81241146/sample/3508710/observation/0076,SW-81241146,RIVER WALKHAM AT WARD BRIDGE,254213,72018,SouthWest,SOUTH WEST - DEVON AND CORNWALL,CENTRAL DEVON AND CORNWALL,OPEN,FRESHWATER - RIVERS,2024-03-11 12:59:00,MONITORING  (NATIONAL AGENCY POLICY),RIVER / RUNNING SURFACE WATER,0076,Temperature of Water,8.8,CELSIUS,2024-03-11
https://environment.data.gov.uk/water-quality/sampling-point/SW-81250002/sample/3510354/observation/0076,SW-81250002,GLEBE COTTAGE   DUNTERTON   MILTON ABBOT                                   SAMPLED PRIOR TO ENTERING THE RESERVOIR,237570,79420,SouthWest,SOUTH WEST - DEVON AND CORNWALL,CENTRAL DEVON AND CORNWALL,OPEN,GROUNDWATER - BOREHOLE,2024-03-26 13:04:00,ENVIRONMENTAL MONITORING STATUTORY (EU DIRECTIVES),GROUNDWATER,0076,Temperature of Water,11.8,CELSIUS,2024-03-26
https://environment.data.gov.uk/water-quality/sampling-point/SW-81250007/sample/3509720/observation/0076,SW-81250007,TREGALLER YARD   SOUTH PETHERWIN  LAUNCESTON  BH2                          DIRECT FROM HEAD OF BOREHOLE,230920,82980,SouthWest,SOUTH WEST - DEVON AND CORNWALL,CENTRAL DEVON AND CORNWALL,OPEN,GROUNDWATER - BOREHOLE,2024-03-21 14:17:00,ENVIRONMENTAL MONITORING STATUTORY (EU DIRECTIVES),GROUNDWATER,0076,Temperature of Water,12.3,CELSIUS,2024-03-21
https://environment.data.gov.uk/water-quality/sampling-point/SW-81250142/sample/3508440/observation/0076,SW-81250142,RIVER TAMAR U/S GUNNISLAKE WEIR,243683,71149,SouthWest,SOUTH WEST - DEVON AND CORNWALL,CENTRAL DEVON AND CORNWALL,OPEN,FRESHWATER - RIVERS,2024-03-06 13:52:00,PLANNED INVESTIGATION (LOCAL MONITORING),RIVER / RUNNING SURFACE WATER,0076,Temperature of Water,7.8,CELSIUS,2024-03-06
https://environment.data.gov.uk/water-quality/sampling-point/SW-81250144/sample/3509829/observation/0076,SW-81250144,RIVER TAMAR AT GUNNISLAKE BRIDGE,243493,72436,SouthWest,SOUTH WEST - DEVON AND CORNWALL,CENTRAL DEVON AND CORNWALL,OPEN,FRESHWATER - RIVERS,2024-03-22 13:02:00,ENVIRONMENTAL MONITORING STATUTORY (EU DIRECTIVES),RIVER / RUNNING SURFACE WATER,0076,Temperature of Water,10.9,CELSIUS,2024-03-22
https://environment.data.gov.uk/water-quality/sampling-point/SW-81250239/sample/3508457/observation/0076,SW-81250239,RIVER TAMAR AT HORSEBRIDGE,240001,74889,SouthWest,SOUTH WEST - DEVON AND CORNWALL,CENTRAL DEVON AND CORNWALL,OPEN,FRESHWATER - RIVERS,2024-03-06 11:36:00,ENVIRONMENTAL MONITORING STATUTORY (EU DIRECTIVES),RIVER / RUNNING SURFACE WATER,0076,Temperature of Water,7.4,CELSIUS,2024-03-06
https://environment.data.gov.uk/water-quality/sampling-point/SW-81250277/sample/3509738/observation/0076,SW-81250277,RIVER TAMAR AT GREYSTONE BRIDGE,236838,80363,SouthWest,SOUTH WEST - DEVON AND CORNWALL,CENTRAL DEVON AND CORNWALL,OPEN,FRESHWATER - RIVERS,2024-03-21 13:24:00,MONITORING  (NATIONAL AGENCY POLICY),RIVER / RUNNING SURFACE WATER,0076,Temperature of Water,11.5,CELSIUS,2024-03-21
https://environment.data.gov.uk/water-quality/sampling-point/SW-81251507/sample/3508466/observation/0076,SW-81251507,RIVER LUCKETT AT LUCKETT BRIDGE,238880,73680,SouthWest,SOUTH WEST - DEVON AND CORNWALL,CENTRAL DEVON AND CORNWALL,OPEN,FRESHWATER - RIVERS,2024-03-06 13:17:00,PLANNED INVESTIGATION (LOCAL MONITORING),RIVER / RUNNING SURFACE WATER,0076,Temperature of Water,10.8,CELSIUS,2024-03-06
https://environment.data.gov.uk/water-quality/sampling-point/SW-81251548/sample/3508467/observation/0076,SW-81251548,RIVER LUCKETT AT OLDMILL,237000,73850,SouthWest,SOUTH WEST - DEVON AND CORNWALL,CENTRAL DEVON AND CORNWALL,OPEN,FRESHWATER - RIVERS,2024-03-06 12:57:00,PLANNED INVESTIGATION (LOCAL MONITORING),RIVER / RUNNING SURFACE WATER,0076,Temperature of Water,11,CELSIUS,2024-03-06
https://environment.data.gov.uk/water-quality/sampling-point/SW-81261180/sample/3508628/observation/0076,SW-81261180,RIVER LYD AT A386 ROADBRIDGE LYDFORD,252062,84445,SouthWest,SOUTH WEST - DEVON AND CORNWALL,CENTRAL DEVON AND CORNWALL,OPEN,FRESHWATER - RIVERS,2024-03-08 10:23:00,MONITORING  (UK GOVT POLICY - NOT GQA OR RE),RIVER / RUNNING SURFACE WATER,0076,Temperature of Water,6.9,CELSIUS,2024-03-08
https://environment.data.gov.uk/water-quality/sampling-point/SW-81261180/sample/3508709/observation/0076,SW-81261180,RIVER LYD AT A386 ROADBRIDGE LYDFORD,252062,84445,SouthWest,SOUTH WEST - DEVON AND CORNWALL,CENTRAL DEVON AND CORNWALL,OPEN,FRESHWATER - RIVERS,2024-03-11 12:31:00,MONITORING  (UK GOVT POLICY - NOT GQA OR RE),RIVER / RUNNING SURFACE WATER,0076,Temperature of Water,9.4,CELSIUS,2024-03-11
https://environment.data.gov.uk/water-quality/sampling-point/SW-81261180/sample/3509737/observation/0076,SW-81261180,RIVER LYD AT A386 ROADBRIDGE LYDFORD,252062,84445,SouthWest,SOUTH WEST - DEVON AND CORNWALL,CENTRAL DEVON AND CORNWALL,OPEN,FRESHWATER - RIVERS,2024-03-20 09:38:00,MONITORING  (UK GOVT POLICY - NOT GQA OR RE),RIVER / RUNNING SURFACE WATER,0076,Temperature of Water,10.3,CELSIUS,2024-03-20
https://environment.data.gov.uk/water-quality/sampling-point/SW-81261180/sample/3510460/observation/0076,SW-81261180,RIVER LYD AT A386 ROADBRIDGE LYDFORD,252062,84445,SouthWest,SOUTH WEST - DEVON AND CORNWALL,CENTRAL DEVON AND CORNWALL,OPEN,FRESHWATER - RIVERS,2024-03-27 12:35:00,MONITORING  (UK GOVT POLICY - NOT GQA OR RE),RIVER / RUNNING SURFACE WATER,0076,Temperature of Water,8.5,CELSIUS,2024-03-27
https://environment.data.gov.uk/water-quality/sampling-point/SW-81261458/sample/3509747/observation/0076,SW-81261458,RIVER LEW (TAMAR) ABOVE BRIDESTOWE STW,250134,89207,SouthWest,SOUTH WEST - DEVON AND CORNWALL,CENTRAL DEVON AND CORNWALL,OPEN,FRESHWATER - RIVERS,2024-03-20 09:58:00,MONITORING  (NATIONAL AGENCY POLICY),RIVER / RUNNING SURFACE WATER,0076,Temperature of Water,10.7,CELSIUS,2024-03-20
https://environment.data.gov.uk/water-quality/sampling-point/SW-81271225/sample/3508463/observation/0076,SW-81271225,RIVER THRUSHEL AT STOWFORD BRIDGE,242800,87350,SouthWest,SOUTH WEST - DEVON AND CORNWALL,CENTRAL DEVON AND CORNWALL,OPEN,FRESHWATER - RIVERS,2024-03-06 10:48:00,MONITORING  (UK GOVT POLICY - NOT GQA OR RE),RIVER / RUNNING SURFACE WATER,0076,Temperature of Water,6.1,CELSIUS,2024-03-06
https://environment.data.gov.uk/water-quality/sampling-point/SW-81271225/sample/3508923/observation/0076,SW-81271225,RIVER THRUSHEL AT STOWFORD BRIDGE,242800,87350,SouthWest,SOUTH WEST - DEVON AND CORNWALL,CENTRAL DEVON AND CORNWALL,OPEN,FRESHWATER - RIVERS,2024-03-13 13:41:00,MONITORING  (UK GOVT POLICY - NOT GQA OR RE),RIVER / RUNNING SURFACE WATER,0076,Temperature of Water,9.9,CELSIUS,2024-03-13
https://environment.data.gov.uk/water-quality/sampling-point/SW-81271225/sample/3509755/observation/0076,SW-81271225,RIVER THRUSHEL AT STOWFORD BRIDGE,242800,87350,SouthWest,SOUTH WEST - DEVON AND CORNWALL,CENTRAL DEVON AND CORNWALL,OPEN,FRESHWATER - RIVERS,2024-03-20 10:20:00,MONITORING  (UK GOVT POLICY - NOT GQA OR RE),RIVER / RUNNING SURFACE WATER,0076,Temperature of Water,11.4,CELSIUS,2024-03-20
https://environment.data.gov.uk/water-quality/sampling-point/SW-81271225/sample/3510369/observation/0076,SW-81271225,RIVER THRUSHEL AT STOWFORD BRIDGE,242800,87350,SouthWest,SOUTH WEST - DEVON AND CORNWALL,CENTRAL DEVON AND CORNWALL,OPEN,FRESHWATER - RIVERS,2024-03-26 13:30:00,MONITORING  (UK GOVT POLICY - NOT GQA OR RE),RIVER / RUNNING SURFACE WATER,0076,Temperature of Water,9.8,CELSIUS,2024-03-26
https://environment.data.gov.uk/water-quality/sampling-point/SW-81271235/sample/3509756/observation/0076,SW-81271235,RIVER THRUSHEL D/S BREAZLE WATER,244649,89099,SouthWest,SOUTH WEST - DEVON AND CORNWALL,CENTRAL DEVON AND CORNWALL,OPEN,FRESHWATER - RIVERS,2024-03-20 10:56:00,MONITORING  (NATIONAL AGENCY POLICY),RIVER / RUNNING SURFACE WATER,0076,Temperature of Water,11.4,CELSIUS,2024-03-20
https://environment.data.gov.uk/water-quality/sampling-point/SW-81271510/sample/3509734/observation/0076,SW-81271510,RIVER WOLF AT REXON BR. BELOW BROADWOODWIDGER STW,241330,88850,SouthWest,SOUTH WEST - DEVON AND CORNWALL,CENTRAL DEVON AND CORNWALL,OPEN,FRESHWATER - RIVERS,2024-03-20 10:34:00,MONITORING  (NATIONAL AGENCY POLICY),RIVER / RUNNING SURFACE WATER,0076,Temperature of Water,9.9,CELSIUS,2024-03-20
https://environment.data.gov.uk/water-quality/sampling-point/SW-81271593/sample/3508339/observation/0076,SW-81271593,RIVER WOLF AT WEEK'S MILL BRIDGE,244610,94230,SouthWest,SOUTH WEST - DEVON AND CORNWALL,CENTRAL DEVON AND CORNWALL,OPEN,FRESHWATER - RIVERS,2024-03-05 10:14:00,MONITORING  (UK GOVT POLICY - NOT GQA OR RE),RIVER / RUNNING SURFACE WATER,0076,Temperature of Water,6,CELSIUS,2024-03-05
https://environment.data.gov.uk/water-quality/sampling-point/SW-81271593/sample/3508685/observation/0076,SW-81271593,RIVER WOLF AT WEEK'S MILL BRIDGE,244610,94230,SouthWest,SOUTH WEST - DEVON AND CORNWALL,CENTRAL DEVON AND CORNWALL,OPEN,FRESHWATER - RIVERS,2024-03-11 11:54:00,MONITORING  (UK GOVT POLICY - NOT GQA OR RE),RIVER / RUNNING SURFACE WATER,0076,Temperature of Water,7.5,CELSIUS,2024-03-11
https://environment.data.gov.uk/water-quality/sampling-point/SW-81271593/sample/3509790/observation/0076,SW-81271593,RIVER WOLF AT WEEK'S MILL BRIDGE,244610,94230,SouthWest,SOUTH WEST - DEVON AND CORNWALL,CENTRAL DEVON AND CORNWALL,OPEN,FRESHWATER - RIVERS,2024-03-20 11:18:00,MONITORING  (UK GOVT POLICY - NOT GQA OR RE),RIVER / RUNNING SURFACE WATER,0076,Temperature of Water,10.9,CELSIUS,2024-03-20
https://environment.data.gov.uk/water-quality/sampling-point/SW-81271593/sample/3510334/observation/0076,SW-81271593,RIVER WOLF AT WEEK'S MILL BRIDGE,244610,94230,SouthWest,SOUTH WEST - DEVON AND CORNWALL,CENTRAL DEVON AND CORNWALL,OPEN,FRESHWATER - RIVERS,2024-03-26 13:09:00,MONITORING  (UK GOVT POLICY - NOT GQA OR RE),RIVER / RUNNING SURFACE WATER,0076,Temperature of Water,9.7,CELSIUS,2024-03-26
https://environment.data.gov.uk/water-quality/sampling-point/SW-81281105/sample/3508256/observation/0076,SW-81281105,RIVER CAREY AT HEALE BRIDGE,235986,86300,SouthWest,SOUTH WEST - DEVON AND CORNWALL,CENTRAL DEVON AND CORNWALL,OPEN,FRESHWATER - RIVERS,2024-03-04 12:30:00,PLANNED INVESTIGATION (LOCAL MONITORING),RIVER / RUNNING SURFACE WATER,0076,Temperature of Water,6.8,CELSIUS,2024-03-04
https://environment.data.gov.uk/water-quality/sampling-point/SW-81281161/sample/3508765/observation/0076,SW-81281161,RIVER CAREY AT ASHMILL BRIDGE ABOVE ASHWATER STW,239335,95317,SouthWest,SOUTH WEST - DEVON AND CORNWALL,CENTRAL DEVON AND CORNWALL,OPEN,FRESHWATER - RIVERS,2024-03-11 11:28:00,MONITORING  (UK GOVT POLICY - NOT GQA OR RE),RIVER / RUNNING SURFACE WATER,0076,Temperature of Water,7.5,CELSIUS,2024-03-11
https://environment.data.gov.uk/water-quality/sampling-point/SW-81281161/sample/3509801/observation/0076,SW-81281161,RIVER CAREY AT ASHMILL BRIDGE ABOVE ASHWATER STW,239335,95317,SouthWest,SOUTH WEST - DEVON AND CORNWALL,CENTRAL DEVON AND CORNWALL,OPEN,FRESHWATER - RIVERS,2024-03-20 11:49:00,MONITORING  (UK GOVT POLICY - NOT GQA OR RE),RIVER / RUNNING SURFACE WATER,0076,Temperature of Water,11.2,CELSIUS,2024-03-20
https://environment.data.gov.uk/water-quality/sampling-point/SW-81281161/sample/3509950/observation/0076,SW-81281161,RIVER CAREY AT ASHMILL BRIDGE ABOVE ASHWATER STW,239335,95317,SouthWest,SOUTH WEST - DEVON AND CORNWALL,CENTRAL DEVON AND CORNWALL,OPEN,FRESHWATER - RIVERS,2024-03-05 13:06:00,MONITORING  (UK GOVT POLICY - NOT GQA OR RE),RIVER / RUNNING SURFACE WATER,0076,Temperature of Water,7.1,CELSIUS,2024-03-05
https://environment.data.gov.uk/water-quality/sampling-point/SW-81281161/sample/3510404/observation/0076,SW-81281161,RIVER CAREY AT ASHMILL BRIDGE ABOVE ASHWATER STW,239335,95317,SouthWest,SOUTH WEST - DEVON AND CORNWALL,CENTRAL DEVON AND CORNWALL,OPEN,FRESHWATER - RIVERS,2024-03-26 10:34:00,MONITORING  (UK GOVT POLICY - NOT GQA OR RE),RIVER / RUNNING SURFACE WATER,0076,Temperature of Water,8.8,CELSIUS,2024-03-26
https://environment.data.gov.uk/water-quality/sampling-point/SW-81281987/sample/3508473/observation/0076,SW-81281987,HALWILL STREAM BELOW HALWILL (NEW) STW (HOLYWELL),242910,99100,SouthWest,SOUTH WEST - DEVON AND CORNWALL,CENTRAL DEVON AND CORNWALL,OPEN,FRESHWATER - RIVERS,2024-03-06 12:32:00,PLANNED INVESTIGATION (LOCAL MONITORING),RIVER / RUNNING SURFACE WATER,0076,Temperature of Water,7.3,CELSIUS,2024-03-06
https://environment.data.gov.uk/water-quality/sampling-point/SW-81281991/sample/3508927/observation/0076,SW-81281991,HALWILL STREAM ABOVE HALWILL (NEW) STW (HOLYWELL),242960,99120,SouthWest,SOUTH WEST - DEVON AND CORNWALL,CENTRAL DEVON AND CORNWALL,OPEN,FRESHWATER - RIVERS,2024-03-13 13:05:00,PLANNED INVESTIGATION (LOCAL MONITORING),RIVER / RUNNING SURFACE WATER,0076,Temperature of Water,9.9,CELSIUS,2024-03-13
https://environment.data.gov.uk/water-quality/sampling-point/SW-81290111/sample/3508257/observation/0076,SW-81290111,RIVER TAMAR AT POLSON BRIDGE BELOW ST. LEONARD'S STW,235559,84927,SouthWest,SOUTH WEST - DEVON AND CORNWALL,CENTRAL DEVON AND CORNWALL,OPEN,FRESHWATER - RIVERS,2024-03-04 12:43:00,PLANNED INVESTIGATION (LOCAL MONITORING),RIVER / RUNNING SURFACE WATER,0076,Temperature of Water,7.2,CELSIUS,2024-03-04
https://environment.data.gov.uk/water-quality/sampling-point/SW-81290128/sample/3508149/observation/0076,SW-81290128,RIVER TAMAR ABOVE ST LEONARDS STW (LAUNCESTON),235084,85021,SouthWest,SOUTH WEST - DEVON AND CORNWALL,CENTRAL DEVON AND CORNWALL,OPEN,FRESHWATER - RIVERS,2024-03-01 13:46:00,PLANNED INVESTIGATION (LOCAL MONITORING),RIVER / RUNNING SURFACE WATER,0076,Temperature of Water,6.4,CELSIUS,2024-03-01
https://environment.data.gov.uk/water-quality/sampling-point/SW-81290191/sample/3508418/observation/0076,SW-81290191,RIVER TAMAR AT BOYTON BRIDGE BELOW BOYTON STW,232825,92257,SouthWest,SOUTH WEST - DEVON AND CORNWALL,CENTRAL DEVON AND CORNWALL,OPEN,FRESHWATER - RIVERS,2024-03-05 11:14:00,MONITORING  (NATIONAL AGENCY POLICY),RIVER / RUNNING SURFACE WATER,0076,Temperature of Water,6.8,CELSIUS,2024-03-05
https://environment.data.gov.uk/water-quality/sampling-point/SW-81291204/sample/3508420/observation/0076,SW-81291204,TALA WATER AT BRIDGETOWN,234180,89130,SouthWest,SOUTH WEST - DEVON AND CORNWALL,CENTRAL DEVON AND CORNWALL,OPEN,FRESHWATER - RIVERS,2024-03-05 12:58:00,PLANNED INVESTIGATION (LOCAL MONITORING),RIVER / RUNNING SURFACE WATER,0076,Temperature of Water,7.3,CELSIUS,2024-03-05
https://environment.data.gov.uk/water-quality/sampling-point/SW-81420208/sample/3508258/observation/0076,SW-81420208,EAST LOOE RIVER AT RAILWAY HALT SANDPLACE,224835,57126,SouthWest,SOUTH WEST - DEVON AND CORNWALL,WEST DEVON AND CORNWALL,OPEN,FRESHWATER - RIVERS,2024-03-04 14:39:00,PLANNED INVESTIGATION (LOCAL MONITORING),RIVER / RUNNING SURFACE WATER,0076,Temperature of Water,8.6,CELSIUS,2024-03-04
https://environment.data.gov.uk/water-quality/sampling-point/SW-81420261/sample/3508526/observation/0076,SW-81420261,EAST LOOE RIVER AT TRUSSEL BRIDGE,224545,62050,SouthWest,SOUTH WEST - DEVON AND CORNWALL,WEST DEVON AND CORNWALL,OPEN,FRESHWATER - RIVERS,2024-03-07 11:41:00,PLANNED INVESTIGATION (LOCAL MONITORING),RIVER / RUNNING SURFACE WATER,0076,Temperature of Water,10.6,CELSIUS,2024-03-07
https://environment.data.gov.uk/water-quality/sampling-point/SW-81420288/sample/3508361/observation/0076,SW-81420288,EAST LOOE RIVER AT LOOE MILLS,223262,64652,SouthWest,SOUTH WEST - DEVON AND CORNWALL,WEST DEVON AND CORNWALL,OPEN,FRESHWATER - RIVERS,2024-03-05 15:32:00,PLANNED INVESTIGATION (LOCAL MONITORING),RIVER / RUNNING SURFACE WATER,0076,Temperature of Water,10.9,CELSIUS,2024-03-05
https://environment.data.gov.uk/water-quality/sampling-point/SW-81420292/sample/3508147/observation/0076,SW-81420292,EAST LOOE RIVER AT VENTON VEOR BRIDGE,223248,65775,SouthWest,SOUTH WEST - DEVON AND CORNWALL,WEST DEVON AND CORNWALL,OPEN,FRESHWATER - RIVERS,2024-03-01 11:07:00,PLANNED INVESTIGATION (LOCAL MONITORING),RIVER / RUNNING SURFACE WATER,0076,Temperature of Water,8.9,CELSIUS,2024-03-01
https://environment.data.gov.uk/water-quality/sampling-point/SW-81430304/sample/3508259/observation/0076,SW-81430304,WEST LOOE RIVER AT SOWDEN'S BRIDGE,223029,55576,SouthWest,SOUTH WEST - DEVON AND CORNWALL,WEST DEVON AND CORNWALL,OPEN,FRESHWATER - RIVERS,2024-03-04 14:09:00,MONITORING  (NATIONAL AGENCY POLICY),RIVER / RUNNING SURFACE WATER,0076,Temperature of Water,8.6,CELSIUS,2024-03-04
https://environment.data.gov.uk/water-quality/sampling-point/SW-81511046/sample/3508129/observation/0076,SW-81511046,PONT PILL AT TRETHAKE MILL,215558,53134,SouthWest,SOUTH WEST - DEVON AND CORNWALL,WEST DEVON AND CORNWALL,OPEN,FRESHWATER - RIVERS,2024-03-01 14:27:00,MONITORING  (UK GOVT POLICY - NOT GQA OR RE),RIVER / RUNNING SURFACE WATER,0076,Temperature of Water,9.9,CELSIUS,2024-03-01
https://environment.data.gov.uk/water-quality/sampling-point/SW-81511046/sample/3508757/observation/0076,SW-81511046,PONT PILL AT TRETHAKE MILL,215558,53134,SouthWest,SOUTH WEST - DEVON AND CORNWALL,WEST DEVON AND CORNWALL,OPEN,FRESHWATER - RIVERS,2024-03-11 12:21:00,MONITORING  (UK GOVT POLICY - NOT GQA OR RE),RIVER / RUNNING SURFACE WATER,0076,Temperature of Water,11.5,CELSIUS,2024-03-11
https://environment.data.gov.uk/water-quality/sampling-point/SW-81511046/sample/3509820/observation/0076,SW-81511046,PONT PILL AT TRETHAKE MILL,215558,53134,SouthWest,SOUTH WEST - DEVON AND CORNWALL,WEST DEVON AND CORNWALL,OPEN,FRESHWATER - RIVERS,2024-03-22 11:14:00,MONITORING  (UK GOVT POLICY - NOT GQA OR RE),RIVER / RUNNING SURFACE WATER,0076,Temperature of Water,11,CELSIUS,2024-03-22
https://environment.data.gov.uk/water-quality/sampling-point/SW-81511046/sample/3510345/observation/0076,SW-81511046,PONT PILL AT TRETHAKE MILL,215558,53134,SouthWest,SOUTH WEST - DEVON AND CORNWALL,WEST DEVON AND CORNWALL,OPEN,FRESHWATER - RIVERS,2024-03-26 12:03:00,MONITORING  (UK GOVT POLICY - NOT GQA OR RE),RIVER / RUNNING SURFACE WATER,0076,Temperature of Water,11.2,CELSIUS,2024-03-26
https://environment.data.gov.uk/water-quality/sampling-point/SW-81511737/sample/3508122/observation/0076,SW-81511737,LERRYN RIVER AT LERRYN,214267,57302,SouthWest,SOUTH WEST - DEVON AND CORNWALL,WEST DEVON AND CORNWALL,OPEN,FRESHWATER - RIVERS,2024-03-01 14:02:00,MONITORING  (UK GOVT POLICY - NOT GQA OR RE),RIVER / RUNNING SURFACE WATER,0076,Temperature of Water,9.9,CELSIUS,2024-03-01
https://environment.data.gov.uk/water-quality/sampling-point/SW-81511737/sample/3508675/observation/0076,SW-81511737,LERRYN RIVER AT LERRYN,214267,57302,SouthWest,SOUTH WEST - DEVON AND CORNWALL,WEST DEVON AND CORNWALL,OPEN,FRESHWATER - RIVERS,2024-03-11 12:01:00,MONITORING  (UK GOVT POLICY - NOT GQA OR RE),RIVER / RUNNING SURFACE WATER,0076,Temperature of Water,10.6,CELSIUS,2024-03-11
https://environment.data.gov.uk/water-quality/sampling-point/SW-81511737/sample/3509809/observation/0076,SW-81511737,LERRYN RIVER AT LERRYN,214267,57302,SouthWest,SOUTH WEST - DEVON AND CORNWALL,WEST DEVON AND CORNWALL,OPEN,FRESHWATER - RIVERS,2024-03-22 10:54:00,MONITORING  (UK GOVT POLICY - NOT GQA OR RE),RIVER / RUNNING SURFACE WATER,0076,Temperature of Water,11,CELSIUS,2024-03-22
https://environment.data.gov.uk/water-quality/sampling-point/SW-81511737/sample/3510357/observation/0076,SW-81511737,LERRYN RIVER AT LERRYN,214267,57302,SouthWest,SOUTH WEST - DEVON AND CORNWALL,WEST DEVON AND CORNWALL,OPEN,FRESHWATER - RIVERS,2024-03-26 11:44:00,MONITORING  (UK GOVT POLICY - NOT GQA OR RE),RIVER / RUNNING SURFACE WATER,0076,Temperature of Water,11.1,CELSIUS,2024-03-26
https://environment.data.gov.uk/water-quality/sampling-point/SW-81520166/sample/3508131/observation/0076,SW-81520166,RIVER FOWEY AT RESTORMEL,210800,61300,SouthWest,SOUTH WEST - DEVON AND CORNWALL,WEST DEVON AND CORNWALL,OPEN,FRESHWATER - RIVERS,2024-03-01 13:41:00,ENVIRONMENTAL MONITORING STATUTORY (EU DIRECTIVES),RIVER / RUNNING SURFACE WATER,0076,Temperature of Water,8.2,CELSIUS,2024-03-01
https://environment.data.gov.uk/water-quality/sampling-point/SW-81520205/sample/3509637/observation/0076,SW-81520205,RIVER FOWEY AT RESPRYN BRIDGE,209940,63530,SouthWest,SOUTH WEST - DEVON AND CORNWALL,WEST DEVON AND CORNWALL,OPEN,FRESHWATER - RIVERS,2024-03-19 11:49:00,MONITORING  (UK GOVT POLICY - NOT GQA OR RE),RIVER / RUNNING SURFACE WATER,0076,Temperature of Water,11.5,CELSIUS,2024-03-19
https://environment.data.gov.uk/water-quality/sampling-point/SW-81520521/sample/3509638/observation/0076,SW-81520521,RIVER FOWEY AT DRAYNES BRIDGE,222834,68890,SouthWest,SOUTH WEST - DEVON AND CORNWALL,WEST DEVON AND CORNWALL,OPEN,FRESHWATER - RIVERS,2024-03-19 12:40:00,MONITORING  (NATIONAL AGENCY POLICY),RIVER / RUNNING SURFACE WATER,0076,Temperature of Water,11.1,CELSIUS,2024-03-19
https://environment.data.gov.uk/water-quality/sampling-point/SW-81520593/sample/3508262/observation/0076,SW-81520593,RIVER FOWEY AT HARROWBRIDGE,220670,74362,SouthWest,SOUTH WEST - DEVON AND CORNWALL,WEST DEVON AND CORNWALL,OPEN,FRESHWATER - RIVERS,2024-03-04 12:45:00,MONITORING  (UK GOVT POLICY - NOT GQA OR RE),RIVER / RUNNING SURFACE WATER,0076,Temperature of Water,7.1,CELSIUS,2024-03-04
https://environment.data.gov.uk/water-quality/sampling-point/SW-81520593/sample/3508700/observation/0076,SW-81520593,RIVER FOWEY AT HARROWBRIDGE,220670,74362,SouthWest,SOUTH WEST - DEVON AND CORNWALL,WEST DEVON AND CORNWALL,OPEN,FRESHWATER - RIVERS,2024-03-11 10:27:00,MONITORING  (UK GOVT POLICY - NOT GQA OR RE),RIVER / RUNNING SURFACE WATER,0076,Temperature of Water,8.5,CELSIUS,2024-03-11
https://environment.data.gov.uk/water-quality/sampling-point/SW-81520593/sample/3509639/observation/0076,SW-81520593,RIVER FOWEY AT HARROWBRIDGE,220670,74362,SouthWest,SOUTH WEST - DEVON AND CORNWALL,WEST DEVON AND CORNWALL,OPEN,FRESHWATER - RIVERS,2024-03-19 12:58:00,MONITORING  (UK GOVT POLICY - NOT GQA OR RE),RIVER / RUNNING SURFACE WATER,0076,Temperature of Water,11.6,CELSIUS,2024-03-19
https://environment.data.gov.uk/water-quality/sampling-point/SW-81520593/sample/3510444/observation/0076,SW-81520593,RIVER FOWEY AT HARROWBRIDGE,220670,74362,SouthWest,SOUTH WEST - DEVON AND CORNWALL,WEST DEVON AND CORNWALL,OPEN,FRESHWATER - RIVERS,2024-03-27 10:33:00,MONITORING  (UK GOVT POLICY - NOT GQA OR RE),RIVER / RUNNING SURFACE WATER,0076,Temperature of Water,8.4,CELSIUS,2024-03-27
https://environment.data.gov.uk/water-quality/sampling-point/SW-81522004/sample/3508132/observation/0076,SW-81522004,CARDINHAM WATER AT GLYNNMILL,211129,64414,SouthWest,SOUTH WEST - DEVON AND CORNWALL,WEST DEVON AND CORNWALL,OPEN,FRESHWATER - RIVERS,2024-03-01 10:47:00,MONITORING  (UK GOVT POLICY - NOT GQA OR RE),RIVER / RUNNING SURFACE WATER,0076,Temperature of Water,8.2,CELSIUS,2024-03-01
https://environment.data.gov.uk/water-quality/sampling-point/SW-81522004/sample/3508701/observation/0076,SW-81522004,CARDINHAM WATER AT GLYNNMILL,211129,64414,SouthWest,SOUTH WEST - DEVON AND CORNWALL,WEST DEVON AND CORNWALL,OPEN,FRESHWATER - RIVERS,2024-03-11 11:34:00,MONITORING  (UK GOVT POLICY - NOT GQA OR RE),RIVER / RUNNING SURFACE WATER,0076,Temperature of Water,10.1,CELSIUS,2024-03-11
https://environment.data.gov.uk/water-quality/sampling-point/SW-81522004/sample/3509640/observation/0076,SW-81522004,CARDINHAM WATER AT GLYNNMILL,211129,64414,SouthWest,SOUTH WEST - DEVON AND CORNWALL,WEST DEVON AND CORNWALL,OPEN,FRESHWATER - RIVERS,2024-03-19 12:02:00,MONITORING  (UK GOVT POLICY - NOT GQA OR RE),RIVER / RUNNING SURFACE WATER,0076,Temperature of Water,12.1,CELSIUS,2024-03-19
https://environment.data.gov.uk/water-quality/sampling-point/SW-81522004/sample/3510358/observation/0076,SW-81522004,CARDINHAM WATER AT GLYNNMILL,211129,64414,SouthWest,SOUTH WEST - DEVON AND CORNWALL,WEST DEVON AND CORNWALL,OPEN,FRESHWATER - RIVERS,2024-03-26 12:46:00,MONITORING  (UK GOVT POLICY - NOT GQA OR RE),RIVER / RUNNING SURFACE WATER,0076,Temperature of Water,11.6,CELSIUS,2024-03-26
https://environment.data.gov.uk/water-quality/sampling-point/SW-81522326/sample/3508346/observation/0076,SW-81522326,WARLEGGAN RIVER AT PANTERS BRIDGE,215900,68020,SouthWest,SOUTH WEST - DEVON AND CORNWALL,WEST DEVON AND CORNWALL,OPEN,FRESHWATER - RIVERS,2024-03-05 09:16:00,MONITORING  (NATIONAL AGENCY POLICY),RIVER / RUNNING SURFACE WATER,0076,Temperature of Water,7.3,CELSIUS,2024-03-05
https://environment.data.gov.uk/water-quality/sampling-point/SW-81522725/sample/3508287/observation/0076,SW-81522725,ST NEOT RIVER AT ST NEOT BRIDGE,218446,67861,SouthWest,SOUTH WEST - DEVON AND CORNWALL,WEST DEVON AND CORNWALL,OPEN,FRESHWATER - RIVERS,2024-03-04 13:32:00,MONITORING  (UK GOVT POLICY - NOT GQA OR RE),RIVER / RUNNING SURFACE WATER,0076,Temperature of Water,8.5,CELSIUS,2024-03-04
https://environment.data.gov.uk/water-quality/sampling-point/SW-81522725/sample/3508713/observation/0076,SW-81522725,ST NEOT RIVER AT ST NEOT BRIDGE,218446,67861,SouthWest,SOUTH WEST - DEVON AND CORNWALL,WEST DEVON AND CORNWALL,OPEN,FRESHWATER - RIVERS,2024-03-11 09:59:00,MONITORING  (UK GOVT POLICY - NOT GQA OR RE),RIVER / RUNNING SURFACE WATER,0076,Temperature of Water,9.3,CELSIUS,2024-03-11
https://environment.data.gov.uk/water-quality/sampling-point/SW-81522725/sample/3509654/observation/0076,SW-81522725,ST NEOT RIVER AT ST NEOT BRIDGE,218446,67861,SouthWest,SOUTH WEST - DEVON AND CORNWALL,WEST DEVON AND CORNWALL,OPEN,FRESHWATER - RIVERS,2024-03-19 12:23:00,MONITORING  (UK GOVT POLICY - NOT GQA OR RE),RIVER / RUNNING SURFACE WATER,0076,Temperature of Water,11.5,CELSIUS,2024-03-19
https://environment.data.gov.uk/water-quality/sampling-point/SW-81522725/sample/3510465/observation/0076,SW-81522725,ST NEOT RIVER AT ST NEOT BRIDGE,218446,67861,SouthWest,SOUTH WEST - DEVON AND CORNWALL,WEST DEVON AND CORNWALL,OPEN,FRESHWATER - RIVERS,2024-03-27 10:03:00,MONITORING  (UK GOVT POLICY - NOT GQA OR RE),RIVER / RUNNING SURFACE WATER,0076,Temperature of Water,9.4,CELSIUS,2024-03-27
https://environment.data.gov.uk/water-quality/sampling-point/SW-81523404/sample/3508285/observation/0076,SW-81523404,SIBLYBACK STREAM AT TREKEIVESTEPS BRIDGE,222830,69980,SouthWest,SOUTH WEST - DEVON AND CORNWALL,WEST DEVON AND CORNWALL,OPEN,FRESHWATER - RIVERS,2024-03-04 13:05:00,MONITORING  (UK GOVT POLICY - NOT GQA OR RE),RIVER / RUNNING SURFACE WATER,0076,Temperature of Water,7.3,CELSIUS,2024-03-04
https://environment.data.gov.uk/water-quality/sampling-point/SW-81523404/sample/3508711/observation/0076,SW-81523404,SIBLYBACK STREAM AT TREKEIVESTEPS BRIDGE,222830,69980,SouthWest,SOUTH WEST - DEVON AND CORNWALL,WEST DEVON AND CORNWALL,OPEN,FRESHWATER - RIVERS,2024-03-11 10:17:00,MONITORING  (UK GOVT POLICY - NOT GQA OR RE),RIVER / RUNNING SURFACE WATER,0076,Temperature of Water,7.7,CELSIUS,2024-03-11
https://environment.data.gov.uk/water-quality/sampling-point/SW-81523404/sample/3509651/observation/0076,SW-81523404,SIBLYBACK STREAM AT TREKEIVESTEPS BRIDGE,222830,69980,SouthWest,SOUTH WEST - DEVON AND CORNWALL,WEST DEVON AND CORNWALL,OPEN,FRESHWATER - RIVERS,2024-03-19 12:47:00,MONITORING  (UK GOVT POLICY - NOT GQA OR RE),RIVER / RUNNING SURFACE WATER,0076,Temperature of Water,10.2,CELSIUS,2024-03-19
https://environment.data.gov.uk/water-quality/sampling-point/SW-81523404/sample/3510461/observation/0076,SW-81523404,SIBLYBACK STREAM AT TREKEIVESTEPS BRIDGE,222830,69980,SouthWest,SOUTH WEST - DEVON AND CORNWALL,WEST DEVON AND CORNWALL,OPEN,FRESHWATER - RIVERS,2024-03-27 10:22:00,MONITORING  (UK GOVT POLICY - NOT GQA OR RE),RIVER / RUNNING SURFACE WATER,0076,Temperature of Water,9.3,CELSIUS,2024-03-27
https://environment.data.gov.uk/water-quality/sampling-point/SW-81610186/sample/3508134/observation/0076,SW-81610186,PAR RIVER DOWNSTREAM OF ST.AUSTELL (NORTH) STW,204518,58074,SouthWest,SOUTH WEST - DEVON AND CORNWALL,WEST DEVON AND CORNWALL,OPEN,FRESHWATER - RIVERS,2024-03-01 10:32:00,PLANNED INVESTIGATION (LOCAL MONITORING),RIVER / RUNNING SURFACE WATER,0076,Temperature of Water,7.1,CELSIUS,2024-03-01
https://environment.data.gov.uk/water-quality/sampling-point/SW-81610190/sample/3508135/observation/0076,SW-81610190,PAR RIVER ABOVE ST AUSTELL(NORTH) STW (LUXULYAN),204310,58219,SouthWest,SOUTH WEST - DEVON AND CORNWALL,WEST DEVON AND CORNWALL,OPEN,FRESHWATER - RIVERS,2024-03-01 10:45:00,PLANNED INVESTIGATION (LOCAL MONITORING),RIVER / RUNNING SURFACE WATER,0076,Temperature of Water,7,CELSIUS,2024-03-01
https://environment.data.gov.uk/water-quality/sampling-point/SW-81610194/sample/3508136/observation/0076,SW-81610194,PAR RIVER AT LUXULYAN BRIDGE BELOW ST AUSTELL(N) STW,204860,58050,SouthWest,SOUTH WEST - DEVON AND CORNWALL,WEST DEVON AND CORNWALL,OPEN,FRESHWATER - RIVERS,2024-03-01 10:55:00,PLANNED INVESTIGATION (LOCAL MONITORING),RIVER / RUNNING SURFACE WATER,0076,Temperature of Water,7.3,CELSIUS,2024-03-01
https://environment.data.gov.uk/water-quality/sampling-point/SW-81610210/sample/3508137/observation/0076,SW-81610210,PAR RIVER AT LAVREAN BRIDGE,203161,59148,SouthWest,SOUTH WEST - DEVON AND CORNWALL,WEST DEVON AND CORNWALL,OPEN,FRESHWATER - RIVERS,2024-03-01 09:23:00,PLANNED INVESTIGATION (LOCAL MONITORING),RIVER / RUNNING SURFACE WATER,0076,Temperature of Water,6.7,CELSIUS,2024-03-01
https://environment.data.gov.uk/water-quality/sampling-point/SW-81610221/sample/3508104/observation/0076,SW-81610221,PAR RIVER AT HIGHER MENADEW,202852,59419,SouthWest,SOUTH WEST - DEVON AND CORNWALL,WEST DEVON AND CORNWALL,OPEN,FRESHWATER - RIVERS,2024-03-01 14:12:00,PLANNED INVESTIGATION (LOCAL MONITORING),RIVER / RUNNING SURFACE WATER,0076,Temperature of Water,7.5,CELSIUS,2024-03-01
https://environment.data.gov.uk/water-quality/sampling-point/SW-81610559/sample/3508191/observation/0076,SW-81610559,TREVERBYN STREAM AT PENROSE,204280,57200,SouthWest,SOUTH WEST - DEVON AND CORNWALL,WEST DEVON AND CORNWALL,OPEN,FRESHWATER - RIVERS,2024-03-01 11:08:00,PLANNED INVESTIGATION (LOCAL MONITORING),RIVER / RUNNING SURFACE WATER,0076,Temperature of Water,7.7,CELSIUS,2024-03-01
https://environment.data.gov.uk/water-quality/sampling-point/SW-81611044/sample/3508138/observation/0076,SW-81611044,ROCK DRYERS STREAM BELOW ROCK DRYERS CP 20/6,202929,58554,SouthWest,SOUTH WEST - DEVON AND CORNWALL,WEST DEVON AND CORNWALL,OPEN,FRESHWATER - RIVERS,2024-03-01 09:55:00,PLANNED INVESTIGATION (LOCAL MONITORING),RIVER / RUNNING SURFACE WATER,0076,Temperature of Water,12.3,CELSIUS,2024-03-01
https://environment.data.gov.uk/water-quality/sampling-point/SW-81611085/sample/3508164/observation/0076,SW-81611085,ROSEVEAN STREAM D/S BOWLING GREEN,202950,58390,SouthWest,SOUTH WEST - DEVON AND CORNWALL,WEST DEVON AND CORNWALL,OPEN,FRESHWATER - RIVERS,2024-03-01 10:56:00,PLANNED INVESTIGATION (LOCAL MONITORING),RIVER / RUNNING SURFACE WATER,0076,Temperature of Water,8.8,CELSIUS,2024-03-01
https://environment.data.gov.uk/water-quality/sampling-point/SW-81611105/sample/3508139/observation/0076,SW-81611105,CARBIS STREAM PRIOR TO PAR RIVER,202831,59402,SouthWest,SOUTH WEST - DEVON AND CORNWALL,WEST DEVON AND CORNWALL,OPEN,FRESHWATER - RIVERS,2024-03-01 09:40:00,PLANNED INVESTIGATION (LOCAL MONITORING),RIVER / RUNNING SURFACE WATER,0076,Temperature of Water,7.7,CELSIUS,2024-03-01
https://environment.data.gov.uk/water-quality/sampling-point/SW-81611111/sample/3508161/observation/0076,SW-81611111,CARBIS STREAM ABOVE WHEAL HENRY (C.P.20/9),202600,59360,SouthWest,SOUTH WEST - DEVON AND CORNWALL,WEST DEVON AND CORNWALL,OPEN,FRESHWATER - RIVERS,2024-03-01 11:49:00,PLANNED INVESTIGATION (LOCAL MONITORING),RIVER / RUNNING SURFACE WATER,0076,Temperature of Water,8.4,CELSIUS,2024-03-01
https://environment.data.gov.uk/water-quality/sampling-point/SW-81611182/sample/3508106/observation/0076,SW-81611182,CARBIS STREAM BELOW WHEAL PROSPER MICA DAM,200030,59550,SouthWest,SOUTH WEST - DEVON AND CORNWALL,WEST DEVON AND CORNWALL,OPEN,FRESHWATER - RIVERS,2024-03-01 12:25:00,PLANNED INVESTIGATION (LOCAL MONITORING),RIVER / RUNNING SURFACE WATER,0076,Temperature of Water,8.2,CELSIUS,2024-03-01
https://environment.data.gov.uk/water-quality/sampling-point/SW-81611270/sample/3508160/observation/0076,SW-81611270,MOLINNIS STREAM AT MOLINNIS,202480,59280,SouthWest,SOUTH WEST - DEVON AND CORNWALL,WEST DEVON AND CORNWALL,OPEN,FRESHWATER - RIVERS,2024-03-01 11:27:00,PLANNED INVESTIGATION (LOCAL MONITORING),RIVER / RUNNING SURFACE WATER,0076,Temperature of Water,8.1,CELSIUS,2024-03-01
https://environment.data.gov.uk/water-quality/sampling-point/SW-81910014/sample/3509588/observation/0076,SW-81910014,TRENGILLY WARTHA INN (SP2)  NANCENOY  CONSTANTINE                          SAMPLED FROM SOURCE,173150,28390,SouthWest,SOUTH WEST - DEVON AND CORNWALL,WEST DEVON AND CORNWALL,OPEN,GROUNDWATER - SPRING,2024-03-18 15:18:00,MONITORING  (NATIONAL AGENCY POLICY),GROUNDWATER,0076,Temperature of Water,12.3,CELSIUS,2024-03-18
https://environment.data.gov.uk/water-quality/sampling-point/SW-81915129/sample/3509589/observation/0076,SW-81915129,LESTRAINES RIVER AT POLWHEVERAL BRIDGE BELOW CONSTANTINE STW,173705,28447,SouthWest,SOUTH WEST - DEVON AND CORNWALL,WEST DEVON AND CORNWALL,OPEN,FRESHWATER - RIVERS,2024-03-18 09:06:00,MONITORING  (NATIONAL AGENCY POLICY),RIVER / RUNNING SURFACE WATER,0076,Temperature of Water,11.2,CELSIUS,2024-03-18
https://environment.data.gov.uk/water-quality/sampling-point/SW-81915165/sample/3509592/observation/0076,SW-81915165,EATHORNE BRIDGE     LESTRAINES RIVER,174270,31139,SouthWest,SOUTH WEST - DEVON AND CORNWALL,WEST DEVON AND CORNWALL,OPEN,FRESHWATER - RIVERS,2024-03-18 09:25:00,MONITORING  (NATIONAL AGENCY POLICY),RIVER / RUNNING SURFACE WATER,0076,Temperature of Water,10.8,CELSIUS,2024-03-18
https://environment.data.gov.uk/water-quality/sampling-point/SW-81917255/sample/3508553/observation/0076,SW-81917255,POLTESCO RIVER AT TRERISE,171600,17100,SouthWest,SOUTH WEST - DEVON AND CORNWALL,WEST DEVON AND CORNWALL,OPEN,FRESHWATER - RIVERS,2024-03-07 09:05:00,MONITORING  (NATIONAL AGENCY POLICY),RIVER / RUNNING SURFACE WATER,0076,Temperature of Water,8.6,CELSIUS,2024-03-07
https://environment.data.gov.uk/water-quality/sampling-point/SW-81920177/sample/3508265/observation/0076,SW-81920177,RIVER FAL AT TOLVERNE                                                      TOLVERNE,186271,40332,SouthWest,SOUTH WEST - DEVON AND CORNWALL,ECMAS SAMPLING (DEVON AND CORNWALL),OPEN,SALINE WATER - DESIGNATED SHELLFISHERIES,2024-03-04 10:59:00,ENVIRONMENTAL MONITORING STATUTORY (EU DIRECTIVES),ESTUARINE WATER,0076,Temperature of Water,9.3,CELSIUS,2024-03-04
https://environment.data.gov.uk/water-quality/sampling-point/SW-81930120/sample/3508142/observation/0076,SW-81930120,RIVER FAL AT TREGONY GAUGING STATION,192102,44752,SouthWest,SOUTH WEST - DEVON AND CORNWALL,WEST DEVON AND CORNWALL,OPEN,FRESHWATER - RIVERS,2024-03-01 10:35:00,MONITORING  (UK GOVT POLICY - NOT GQA OR RE),RIVER / RUNNING SURFACE WATER,0076,Temperature of Water,8.1,CELSIUS,2024-03-01
https://environment.data.gov.uk/water-quality/sampling-point/SW-81930120/sample/3508862/observation/0076,SW-81930120,RIVER FAL AT TREGONY GAUGING STATION,192102,44752,SouthWest,SOUTH WEST - DEVON AND CORNWALL,WEST DEVON AND CORNWALL,OPEN,FRESHWATER - RIVERS,2024-03-12 10:05:00,MONITORING  (NATIONAL AGENCY POLICY),RIVER / RUNNING SURFACE WATER,0076,Temperature of Water,10.4,CELSIUS,2024-03-12
https://environment.data.gov.uk/water-quality/sampling-point/SW-81930144/sample/3508868/observation/0076,SW-81930144,RIVER FAL AT GRAMPOUND BRIDGE,193285,48382,SouthWest,SOUTH WEST - DEVON AND CORNWALL,WEST DEVON AND CORNWALL,OPEN,FRESHWATER - RIVERS,2024-03-12 10:33:00,MONITORING  (NATIONAL AGENCY POLICY),RIVER / RUNNING SURFACE WATER,0076,Temperature of Water,10.2,CELSIUS,2024-03-12
https://environment.data.gov.uk/water-quality/sampling-point/SW-81930903/sample/3508197/observation/0076,SW-81930903,GWINDRA STREAM AT TREWAY BRIDGE BELOW ST STEPHENS COOMBE STW,193800,50650,SouthWest,SOUTH WEST - DEVON AND CORNWALL,WEST DEVON AND CORNWALL,OPEN,FRESHWATER - RIVERS,2024-03-01 09:42:00,PLANNED INVESTIGATION (LOCAL MONITORING),RIVER / RUNNING SURFACE WATER,0076,Temperature of Water,8.3,CELSIUS,2024-03-01
https://environment.data.gov.uk/water-quality/sampling-point/SW-81930903/sample/3508863/observation/0076,SW-81930903,GWINDRA STREAM AT TREWAY BRIDGE BELOW ST STEPHENS COOMBE STW,193800,50650,SouthWest,SOUTH WEST - DEVON AND CORNWALL,WEST DEVON AND CORNWALL,OPEN,FRESHWATER - RIVERS,2024-03-12 11:02:00,MONITORING  (NATIONAL AGENCY POLICY),RIVER / RUNNING SURFACE WATER,0076,Temperature of Water,10.6,CELSIUS,2024-03-12
https://environment.data.gov.uk/water-quality/sampling-point/SW-81930914/sample/3508148/observation/0076,SW-81930914,GWINDRA STREAM ABOVE ST STEPHENS COOMBE STW (N. FAL  BUCKETS),194200,50940,SouthWest,SOUTH WEST - DEVON AND CORNWALL,WEST DEVON AND CORNWALL,OPEN,FRESHWATER - RIVERS,2024-03-01 09:59:00,PLANNED INVESTIGATION (LOCAL MONITORING),RIVER / RUNNING SURFACE WATER,0076,Temperature of Water,8.7,CELSIUS,2024-03-01
https://environment.data.gov.uk/water-quality/sampling-point/SW-81931005/sample/3508789/observation/0076,SW-81931005,COOMBE STREAM AT COOMBE,195196,51648,SouthWest,SOUTH WEST - DEVON AND CORNWALL,WEST DEVON AND CORNWALL,OPEN,FRESHWATER - RIVERS,2024-03-12 11:20:00,MONITORING  (NATIONAL AGENCY POLICY),RIVER / RUNNING SURFACE WATER,0076,Temperature of Water,10.9,CELSIUS,2024-03-12
https://environment.data.gov.uk/water-quality/sampling-point/SW-81931009/sample/3508827/observation/0076,SW-81931009,COOMBE STREAM U/S COOMBE ADIT,196027,51617,SouthWest,SOUTH WEST - DEVON AND CORNWALL,WEST DEVON AND CORNWALL,OPEN,FRESHWATER - RIVERS,2024-03-12 12:35:00,MONITORING  (NATIONAL AGENCY POLICY),RIVER / RUNNING SURFACE WATER,0076,Temperature of Water,11.1,CELSIUS,2024-03-12
https://environment.data.gov.uk/water-quality/sampling-point/SW-81931010/sample/3508828/observation/0076,SW-81931010,COOMBE ADIT,196015,51620,SouthWest,SOUTH WEST - DEVON AND CORNWALL,WEST DEVON AND CORNWALL,OPEN,FRESHWATER - RIVERS,2024-03-12 13:05:00,MONITORING  (NATIONAL AGENCY POLICY),MINEWATER,0076,Temperature of Water,11.6,CELSIUS,2024-03-12
https://environment.data.gov.uk/water-quality/sampling-point/SW-81931015/sample/3508832/observation/0076,SW-81931015,COOMBE ADIT AT SHAFT UPSTREAM SURFACE RUN-OFF,195995,51510,SouthWest,SOUTH WEST - DEVON AND CORNWALL,WEST DEVON AND CORNWALL,OPEN,MINEWATER,2024-03-12 14:14:00,MONITORING  (NATIONAL AGENCY POLICY),MINEWATER (FLOWING/PUMPED),0076,Temperature of Water,11.7,CELSIUS,2024-03-12
https://environment.data.gov.uk/water-quality/sampling-point/SW-81931020/sample/3508844/observation/0076,SW-81931020,COOMBE MINEWATER PILOT TREATMENT PLANT FINAL EFFLUENT,195990,51609,SouthWest,SOUTH WEST - DEVON AND CORNWALL,WEST DEVON AND CORNWALL,OPEN,TRADE DISCHARGES - PROCESS EFFLUENT - NOT WATER COMPANY,2024-03-12 13:50:00,MONITORING  (NATIONAL AGENCY POLICY),ANY TRADE EFFLUENT,0076,Temperature of Water,11.6,CELSIUS,2024-03-12
https://environment.data.gov.uk/water-quality/sampling-point/SW-81940113/sample/3508312/observation/0076,SW-81940113,TRESSILLIAN SHELLFISH WATER SITE,185500,43300,SouthWest,SOUTH WEST - DEVON AND CORNWALL,ECMAS SAMPLING (DEVON AND CORNWALL),OPEN,SALINE WATER - DESIGNATED SHELLFISHERIES,2024-03-04 11:19:00,ENVIRONMENTAL MONITORING STATUTORY (EU DIRECTIVES),ESTUARINE WATER,0076,Temperature of Water,9.6,CELSIUS,2024-03-04
https://environment.data.gov.uk/water-quality/sampling-point/SW-81940411/sample/3508113/observation/0076,SW-81940411,CALENICK STREAM AT CALENICK BRIDGE,182124,43124,SouthWest,SOUTH WEST - DEVON AND CORNWALL,WEST DEVON AND CORNWALL,OPEN,FRESHWATER - RIVERS,2024-03-01 09:05:00,MONITORING  (UK GOVT POLICY - NOT GQA OR RE),RIVER / RUNNING SURFACE WATER,0076,Temperature of Water,8.1,CELSIUS,2024-03-01
https://environment.data.gov.uk/water-quality/sampling-point/SW-81940411/sample/3508680/observation/0076,SW-81940411,CALENICK STREAM AT CALENICK BRIDGE,182124,43124,SouthWest,SOUTH WEST - DEVON AND CORNWALL,WEST DEVON AND CORNWALL,OPEN,FRESHWATER - RIVERS,2024-03-11 09:57:00,MONITORING  (UK GOVT POLICY - NOT GQA OR RE),RIVER / RUNNING SURFACE WATER,0076,Temperature of Water,9.7,CELSIUS,2024-03-11
https://environment.data.gov.uk/water-quality/sampling-point/SW-81940411/sample/3509815/observation/0076,SW-81940411,CALENICK STREAM AT CALENICK BRIDGE,182124,43124,SouthWest,SOUTH WEST - DEVON AND CORNWALL,WEST DEVON AND CORNWALL,OPEN,FRESHWATER - RIVERS,2024-03-22 08:54:00,MONITORING  (UK GOVT POLICY - NOT GQA OR RE),RIVER / RUNNING SURFACE WATER,0076,Temperature of Water,11,CELSIUS,2024-03-22
https://environment.data.gov.uk/water-quality/sampling-point/SW-81940411/sample/3509895/observation/0076,SW-81940411,CALENICK STREAM AT CALENICK BRIDGE,182124,43124,SouthWest,SOUTH WEST - DEVON AND CORNWALL,WEST DEVON AND CORNWALL,OPEN,FRESHWATER - RIVERS,2024-03-25 11:45:00,MONITORING  (UK GOVT POLICY - NOT GQA OR RE),RIVER / RUNNING SURFACE WATER,0076,Temperature of Water,10.2,CELSIUS,2024-03-25
https://environment.data.gov.uk/water-quality/sampling-point/SW-81940830/sample/3508554/observation/0076,SW-81940830,RIVER ALLEN (FAL) AT IDLESS BRIDGE,182180,47010,SouthWest,SOUTH WEST - DEVON AND CORNWALL,WEST DEVON AND CORNWALL,OPEN,FRESHWATER - RIVERS,2024-03-07 09:17:00,MONITORING  (UK GOVT POLICY - NOT GQA OR RE),RIVER / RUNNING SURFACE WATER,0076,Temperature of Water,9.7,CELSIUS,2024-03-07
https://environment.data.gov.uk/water-quality/sampling-point/SW-81940830/sample/3508727/observation/0076,SW-81940830,RIVER ALLEN (FAL) AT IDLESS BRIDGE,182180,47010,SouthWest,SOUTH WEST - DEVON AND CORNWALL,WEST DEVON AND CORNWALL,OPEN,FRESHWATER - RIVERS,2024-03-11 09:21:00,MONITORING  (UK GOVT POLICY - NOT GQA OR RE),RIVER / RUNNING SURFACE WATER,0076,Temperature of Water,9.1,CELSIUS,2024-03-11
https://environment.data.gov.uk/water-quality/sampling-point/SW-81940830/sample/3509758/observation/0076,SW-81940830,RIVER ALLEN (FAL) AT IDLESS BRIDGE,182180,47010,SouthWest,SOUTH WEST - DEVON AND CORNWALL,WEST DEVON AND CORNWALL,OPEN,FRESHWATER - RIVERS,2024-03-20 09:13:00,MONITORING  (UK GOVT POLICY - NOT GQA OR RE),RIVER / RUNNING SURFACE WATER,0076,Temperature of Water,11.7,CELSIUS,2024-03-20
https://environment.data.gov.uk/water-quality/sampling-point/SW-81940830/sample/3510479/observation/0076,SW-81940830,RIVER ALLEN (FAL) AT IDLESS BRIDGE,182180,47010,SouthWest,SOUTH WEST - DEVON AND CORNWALL,WEST DEVON AND CORNWALL,OPEN,FRESHWATER - RIVERS,2024-03-27 08:59:00,MONITORING  (UK GOVT POLICY - NOT GQA OR RE),RIVER / RUNNING SURFACE WATER,0076,Temperature of Water,8.8,CELSIUS,2024-03-27
https://environment.data.gov.uk/water-quality/sampling-point/SW-81942260/sample/3508472/observation/0076,SW-81942260,HOSPITAL BRIDGE     RIVER KENWYN,179600,46200,SouthWest,SOUTH WEST - DEVON AND CORNWALL,WEST DEVON AND CORNWALL,OPEN,FRESHWATER - RIVERS,2024-03-06 09:08:00,MONITORING  (UK GOVT POLICY - NOT GQA OR RE),RIVER / RUNNING SURFACE WATER,0076,Temperature of Water,10.5,CELSIUS,2024-03-06
https://environment.data.gov.uk/water-quality/sampling-point/SW-81942260/sample/3508732/observation/0076,SW-81942260,HOSPITAL BRIDGE     RIVER KENWYN,179600,46200,SouthWest,SOUTH WEST - DEVON AND CORNWALL,WEST DEVON AND CORNWALL,OPEN,FRESHWATER - RIVERS,2024-03-11 09:07:00,MONITORING  (UK GOVT POLICY - NOT GQA OR RE),RIVER / RUNNING SURFACE WATER,0076,Temperature of Water,9.7,CELSIUS,2024-03-11
https://environment.data.gov.uk/water-quality/sampling-point/SW-81942260/sample/3509857/observation/0076,SW-81942260,HOSPITAL BRIDGE     RIVER KENWYN,179600,46200,SouthWest,SOUTH WEST - DEVON AND CORNWALL,WEST DEVON AND CORNWALL,OPEN,FRESHWATER - RIVERS,2024-03-22 09:16:00,MONITORING  (UK GOVT POLICY - NOT GQA OR RE),RIVER / RUNNING SURFACE WATER,0076,Temperature of Water,11.1,CELSIUS,2024-03-22
https://environment.data.gov.uk/water-quality/sampling-point/SW-81942260/sample/3510373/observation/0076,SW-81942260,HOSPITAL BRIDGE     RIVER KENWYN,179600,46200,SouthWest,SOUTH WEST - DEVON AND CORNWALL,WEST DEVON AND CORNWALL,OPEN,FRESHWATER - RIVERS,2024-03-26 12:06:00,MONITORING  (UK GOVT POLICY - NOT GQA OR RE),RIVER / RUNNING SURFACE WATER,0076,Temperature of Water,10.7,CELSIUS,2024-03-26
https://environment.data.gov.uk/water-quality/sampling-point/SW-81950522/sample/3508332/observation/0076,SW-81950522,CARNON RIVER AT DEVORAN BRIDGE BELOW CARNON DOWNS STW,179087,39436,SouthWest,SOUTH WEST - DEVON AND CORNWALL,WEST DEVON AND CORNWALL,OPEN,FRESHWATER - RIVERS,2024-03-05 10:49:00,MONITORING  (UK GOVT POLICY - NOT GQA OR RE),RIVER / RUNNING SURFACE WATER,0076,Temperature of Water,10.8,CELSIUS,2024-03-05
https://environment.data.gov.uk/water-quality/sampling-point/SW-81951578/sample/3512320/observation/0076,SW-81951578,STITHIANS  WTW - DISCHARGE FROM SLUDGE PLANT,171950,36350,SouthWest,SOUTH WEST - DEVON AND CORNWALL,WEST DEVON AND CORNWALL,OPEN,TRADE DISCHARGES - PROCESS EFFLUENT - WATER COMPANY (WTW),2024-03-13 09:12:00,WATER QUALITY OPERATOR SELF MONITORING COMPLIANCE DATA,ANY TRADE EFFLUENT,0076,Temperature of Water,14.5,CELSIUS,2024-03-13
https://environment.data.gov.uk/water-quality/sampling-point/SW-82010111/sample/3509577/observation/0076,SW-82010111,RIVER COBER AT LOE POOL BAR OUTFALL,164250,24280,SouthWest,SOUTH WEST - DEVON AND CORNWALL,WEST DEVON AND CORNWALL,OPEN,FRESHWATER - RIVERS,2024-03-18 11:40:00,ENVIRONMENTAL MONITORING STATUTORY (EU DIRECTIVES),RIVER / RUNNING SURFACE WATER,0076,Temperature of Water,12.5,CELSIUS,2024-03-18
https://environment.data.gov.uk/water-quality/sampling-point/SW-82010130/sample/3509578/observation/0076,SW-82010130,RIVER COBER AT INFLOW TO LOE POOL,165286,26231,SouthWest,SOUTH WEST - DEVON AND CORNWALL,WEST DEVON AND CORNWALL,OPEN,FRESHWATER - RIVERS,2024-03-18 10:19:00,ENVIRONMENTAL MONITORING STATUTORY (EU DIRECTIVES),RIVER / RUNNING SURFACE WATER,0076,Temperature of Water,11.7,CELSIUS,2024-03-18
https://environment.data.gov.uk/water-quality/sampling-point/SW-82010131/sample/3508292/observation/0076,SW-82010131,CARMINOWE CREEK D/S CULDROSE STW,166227,24294,SouthWest,SOUTH WEST - DEVON AND CORNWALL,WEST DEVON AND CORNWALL,OPEN,FRESHWATER - RIVERS,2024-03-04 09:56:00,PLANNED INVESTIGATION (LOCAL MONITORING),RIVER / RUNNING SURFACE WATER,0076,Temperature of Water,9.1,CELSIUS,2024-03-04
https://environment.data.gov.uk/water-quality/sampling-point/SW-82010156/sample/3508249/observation/0076,SW-82010156,RIVER COBER AT LOWERTOWN BRIDGE,165800,29130,SouthWest,SOUTH WEST - DEVON AND CORNWALL,WEST DEVON AND CORNWALL,OPEN,FRESHWATER - RIVERS,2024-03-04 11:02:00,MONITORING  (UK GOVT POLICY - NOT GQA OR RE),RIVER / RUNNING SURFACE WATER,0076,Temperature of Water,8.8,CELSIUS,2024-03-04
https://environment.data.gov.uk/water-quality/sampling-point/SW-82010156/sample/3508790/observation/0076,SW-82010156,RIVER COBER AT LOWERTOWN BRIDGE,165800,29130,SouthWest,SOUTH WEST - DEVON AND CORNWALL,WEST DEVON AND CORNWALL,OPEN,FRESHWATER - RIVERS,2024-03-12 09:12:00,MONITORING  (UK GOVT POLICY - NOT GQA OR RE),RIVER / RUNNING SURFACE WATER,0076,Temperature of Water,10.7,CELSIUS,2024-03-12
https://environment.data.gov.uk/water-quality/sampling-point/SW-82010156/sample/3509579/observation/0076,SW-82010156,RIVER COBER AT LOWERTOWN BRIDGE,165800,29130,SouthWest,SOUTH WEST - DEVON AND CORNWALL,WEST DEVON AND CORNWALL,OPEN,FRESHWATER - RIVERS,2024-03-18 12:13:00,MONITORING  (UK GOVT POLICY - NOT GQA OR RE),RIVER / RUNNING SURFACE WATER,0076,Temperature of Water,11.9,CELSIUS,2024-03-18
https://environment.data.gov.uk/water-quality/sampling-point/SW-82010156/sample/3509899/observation/0076,SW-82010156,RIVER COBER AT LOWERTOWN BRIDGE,165800,29130,SouthWest,SOUTH WEST - DEVON AND CORNWALL,WEST DEVON AND CORNWALL,OPEN,FRESHWATER - RIVERS,2024-03-25 14:38:00,MONITORING  (UK GOVT POLICY - NOT GQA OR RE),RIVER / RUNNING SURFACE WATER,0076,Temperature of Water,10.3,CELSIUS,2024-03-25
https://environment.data.gov.uk/water-quality/sampling-point/SW-82010188/sample/3509619/observation/0076,SW-82010188,RIVER COBER AT BURRAS BRIDGE,167832,34895,SouthWest,SOUTH WEST - DEVON AND CORNWALL,WEST DEVON AND CORNWALL,OPEN,FRESHWATER - RIVERS,2024-03-18 12:31:00,MONITORING  (NATIONAL AGENCY POLICY),RIVER / RUNNING SURFACE WATER,0076,Temperature of Water,11.9,CELSIUS,2024-03-18
https://environment.data.gov.uk/water-quality/sampling-point/SW-82010192/sample/3508322/observation/0076,SW-82010192,CARMINOWE CREEK U/S CULDROSE STW,166571,24261,SouthWest,SOUTH WEST - DEVON AND CORNWALL,WEST DEVON AND CORNWALL,OPEN,FRESHWATER - RIVERS,2024-03-04 09:30:00,PLANNED INVESTIGATION (LOCAL MONITORING),RIVER / RUNNING SURFACE WATER,0076,Temperature of Water,8.9,CELSIUS,2024-03-04
https://environment.data.gov.uk/water-quality/sampling-point/SW-82010208/sample/3508250/observation/0076,SW-82010208,CARMINOWE CREEK FEEDER AT INFLOW TO LOE POOL,165494,24470,SouthWest,SOUTH WEST - DEVON AND CORNWALL,WEST DEVON AND CORNWALL,OPEN,FRESHWATER - RIVERS,2024-03-04 10:19:00,ENVIRONMENTAL MONITORING STATUTORY (EU DIRECTIVES),RIVER / RUNNING SURFACE WATER,0076,Temperature of Water,9.2,CELSIUS,2024-03-04
https://environment.data.gov.uk/water-quality/sampling-point/SW-82010347/sample/3508251/observation/0076,SW-82010347,PENROSE FEEDER AT INFLOW TO LOE POOL,164313,25715,SouthWest,SOUTH WEST - DEVON AND CORNWALL,WEST DEVON AND CORNWALL,OPEN,FRESHWATER - RIVERS,2024-03-04 10:43:00,ENVIRONMENTAL MONITORING STATUTORY (EU DIRECTIVES),RIVER / RUNNING SURFACE WATER,0076,Temperature of Water,9.8,CELSIUS,2024-03-04
https://environment.data.gov.uk/water-quality/sampling-point/SW-82110766/sample/3509659/observation/0076,SW-82110766,MARAZION RIVER AT NANCLEDRA ABOVE NANCLEDRA STW,149588,35951,SouthWest,SOUTH WEST - DEVON AND CORNWALL,WEST DEVON AND CORNWALL,OPEN,FRESHWATER - RIVERS,2024-03-19 13:15:00,MONITORING  (NATIONAL AGENCY POLICY),RIVER / RUNNING SURFACE WATER,0076,Temperature of Water,12,CELSIUS,2024-03-19
https://environment.data.gov.uk/water-quality/sampling-point/SW-82112121/sample/3509625/observation/0076,SW-82112121,NEWLYN RIVER AT NEWLYN BRIDGE,146257,29014,SouthWest,SOUTH WEST - DEVON AND CORNWALL,WEST DEVON AND CORNWALL,OPEN,FRESHWATER - RIVERS,2024-03-19 12:52:00,MONITORING  (NATIONAL AGENCY POLICY),RIVER / RUNNING SURFACE WATER,0076,Temperature of Water,12,CELSIUS,2024-03-19
https://environment.data.gov.uk/water-quality/sampling-point/SW-82112177/sample/3509657/observation/0076,SW-82112177,NEWLYN RIVER AT SKIMMEL BRIDGE,143375,30174,SouthWest,SOUTH WEST - DEVON AND CORNWALL,WEST DEVON AND CORNWALL,OPEN,FRESHWATER - RIVERS,2024-03-19 12:36:00,MONITORING  (NATIONAL AGENCY POLICY),RIVER / RUNNING SURFACE WATER,0076,Temperature of Water,11.8,CELSIUS,2024-03-19
https://environment.data.gov.uk/water-quality/sampling-point/SW-82112424/sample/3509656/observation/0076,SW-82112424,SANCREED BROOK AT SELLAN BRIDGE,142740,29871,SouthWest,SOUTH WEST - DEVON AND CORNWALL,WEST DEVON AND CORNWALL,OPEN,FRESHWATER - RIVERS,2024-03-19 12:22:00,MONITORING  (NATIONAL AGENCY POLICY),RIVER / RUNNING SURFACE WATER,0076,Temperature of Water,12,CELSIUS,2024-03-19
https://environment.data.gov.uk/water-quality/sampling-point/SW-82115057/sample/3508906/observation/0076,SW-82115057,MOUSEHOLE CULVERT OUTFALL,146930,26370,SouthWest,SOUTH WEST - DEVON AND CORNWALL,WEST DEVON AND CORNWALL,OPEN,SEWAGE DISCHARGES - FINAL/TREATED EFFLUENT - WATER COMPANY,2024-03-13 10:27:00,PLANNED INVESTIGATION (LOCAL MONITORING),RIVER / RUNNING SURFACE WATER,0076,Temperature of Water,11.8,CELSIUS,2024-03-13
https://environment.data.gov.uk/water-quality/sampling-point/SW-82115060/sample/3508902/observation/0076,SW-82115060,PAUL STREAM AT TRUNGLE MOOR,146150,27194,SouthWest,SOUTH WEST - DEVON AND CORNWALL,WEST DEVON AND CORNWALL,OPEN,FRESHWATER - RIVERS,2024-03-13 11:05:00,PLANNED INVESTIGATION (LOCAL MONITORING),RIVER / RUNNING SURFACE WATER,0076,Temperature of Water,10.8,CELSIUS,2024-03-13
https://environment.data.gov.uk/water-quality/sampling-point/SW-82115061/sample/3508903/observation/0076,SW-82115061,PAUL STREAM AT TRUNGLE FARM,146370,27165,SouthWest,SOUTH WEST - DEVON AND CORNWALL,WEST DEVON AND CORNWALL,OPEN,FRESHWATER - RIVERS,2024-03-13 10:58:00,PLANNED INVESTIGATION (LOCAL MONITORING),RIVER / RUNNING SURFACE WATER,0076,Temperature of Water,11.3,CELSIUS,2024-03-13
https://environment.data.gov.uk/water-quality/sampling-point/SW-82115062/sample/3508904/observation/0076,SW-82115062,PAUL STREAM AT PENOLVA BARN,146735,26935,SouthWest,SOUTH WEST - DEVON AND CORNWALL,WEST DEVON AND CORNWALL,OPEN,FRESHWATER - RIVERS,2024-03-13 10:49:00,PLANNED INVESTIGATION (LOCAL MONITORING),RIVER / RUNNING SURFACE WATER,0076,Temperature of Water,11.6,CELSIUS,2024-03-13
https://environment.data.gov.uk/water-quality/sampling-point/SW-82115063/sample/3508905/observation/0076,SW-82115063,PAUL STREAM UPSTREAM TELEPHONE EXCHANGE,146778,26766,SouthWest,SOUTH WEST - DEVON AND CORNWALL,WEST DEVON AND CORNWALL,OPEN,FRESHWATER - RIVERS,2024-03-13 10:40:00,PLANNED INVESTIGATION (LOCAL MONITORING),RIVER / RUNNING SURFACE WATER,0076,Temperature of Water,11.7,CELSIUS,2024-03-13
https://environment.data.gov.uk/water-quality/sampling-point/SW-82115065/sample/3508907/observation/0076,SW-82115065,TUMBLE TYN AT TREEN ORCHARDS,146712,26225,SouthWest,SOUTH WEST - DEVON AND CORNWALL,WEST DEVON AND CORNWALL,OPEN,FRESHWATER - RIVERS,2024-03-13 10:05:00,PLANNED INVESTIGATION (LOCAL MONITORING),RIVER / RUNNING SURFACE WATER,0076,Temperature of Water,11.6,CELSIUS,2024-03-13
https://environment.data.gov.uk/water-quality/sampling-point/SW-82210105/sample/3508885/observation/0076,SW-82210105,PENBERTH STREAM AT PENBERTH BRIDGE,140081,22944,SouthWest,SOUTH WEST - DEVON AND CORNWALL,WEST DEVON AND CORNWALL,OPEN,FRESHWATER - RIVERS,2024-03-13 09:31:00,MONITORING  (NATIONAL AGENCY POLICY),RIVER / RUNNING SURFACE WATER,0076,Temperature of Water,11,CELSIUS,2024-03-13
https://environment.data.gov.uk/water-quality/sampling-point/SW-82211815/sample/3508212/observation/0076,SW-82211815,HAYLE ESTUARY - MOUTH,154980,38000,SouthWest,SOUTH WEST - DEVON AND CORNWALL,ECMAS SAMPLING (DEVON AND CORNWALL),OPEN,SALINE WATER - ESTUARINE SITES - NON BATHING/SHELLFISH,2024-03-02 08:12:00,PLANNED INVESTIGATION (LOCAL MONITORING),SEA WATER,0076,Temperature of Water,9.7,CELSIUS,2024-03-02
https://environment.data.gov.uk/water-quality/sampling-point/SW-82211818/sample/3508214/observation/0076,SW-82211818,RIVER HAYLE OFF EAST QUAY,155502,37648,SouthWest,SOUTH WEST - DEVON AND CORNWALL,ECMAS SAMPLING (DEVON AND CORNWALL),OPEN,SALINE WATER - ESTUARINE SITES - NON BATHING/SHELLFISH,2024-03-02 08:41:00,PLANNED INVESTIGATION (LOCAL MONITORING),SEA WATER,0076,Temperature of Water,9.5,CELSIUS,2024-03-02
https://environment.data.gov.uk/water-quality/sampling-point/SW-82211838/sample/3508213/observation/0076,SW-82211838,RIVER HAYLE ESTUARY DOWNSTREAM OF HAYLE S T W,155000,37000,SouthWest,SOUTH WEST - DEVON AND CORNWALL,ECMAS SAMPLING (DEVON AND CORNWALL),OPEN,FRESHWATER - RIVERS,2024-03-02 08:25:00,PLANNED INVESTIGATION (LOCAL MONITORING),SEA WATER,0076,Temperature of Water,9.5,CELSIUS,2024-03-02
https://environment.data.gov.uk/water-quality/sampling-point/SW-82211940/sample/3508290/observation/0076,SW-82211940,ANGARRACK STREAM AT ANGARRACK VIADUCT,158450,38090,SouthWest,SOUTH WEST - DEVON AND CORNWALL,WEST DEVON AND CORNWALL,OPEN,FRESHWATER - RIVERS,2024-03-04 11:57:00,PLANNED INVESTIGATION (LOCAL MONITORING),RIVER / RUNNING SURFACE WATER,0076,Temperature of Water,9.4,CELSIUS,2024-03-04
https://environment.data.gov.uk/water-quality/sampling-point/SW-82220303/sample/3508791/observation/0076,SW-82220303,MILLPOOL STREAM AT MILLPOOL,157140,31445,SouthWest,SOUTH WEST - DEVON AND CORNWALL,WEST DEVON AND CORNWALL,OPEN,FRESHWATER - RIVERS,2024-03-12 09:47:00,PLANNED INVESTIGATION (LOCAL MONITORING),RIVER / RUNNING SURFACE WATER,0076,Temperature of Water,11.5,CELSIUS,2024-03-12
https://environment.data.gov.uk/water-quality/sampling-point/SW-82220433/sample/3508564/observation/0076,SW-82220433,GODOLPHIN STREAM AT GWEDNA,160400,32120,SouthWest,SOUTH WEST - DEVON AND CORNWALL,WEST DEVON AND CORNWALL,OPEN,FRESHWATER - RIVERS,2024-03-07 10:14:00,PLANNED INVESTIGATION (LOCAL MONITORING),RIVER / RUNNING SURFACE WATER,0076,Temperature of Water,11.2,CELSIUS,2024-03-07
https://environment.data.gov.uk/water-quality/sampling-point/SW-82220505/sample/3508276/observation/0076,SW-82220505,NANCEGOLLAN STREAM AT TRENWHEAL,161419,33046,SouthWest,SOUTH WEST - DEVON AND CORNWALL,WEST DEVON AND CORNWALL,OPEN,FRESHWATER - RIVERS,2024-03-04 11:21:00,PLANNED INVESTIGATION (LOCAL MONITORING),RIVER / RUNNING SURFACE WATER,0076,Temperature of Water,9.2,CELSIUS,2024-03-04
https://environment.data.gov.uk/water-quality/sampling-point/SW-82221813/sample/3508507/observation/0076,SW-82221813,RIVER HAYLE AT ST ERTH GAUGING STATION,154874,34201,SouthWest,SOUTH WEST - DEVON AND CORNWALL,WEST DEVON AND CORNWALL,OPEN,FRESHWATER - RIVERS,2024-03-07 11:04:00,MONITORING  (UK GOVT POLICY - NOT GQA OR RE),RIVER / RUNNING SURFACE WATER,0076,Temperature of Water,10.9,CELSIUS,2024-03-07
https://environment.data.gov.uk/water-quality/sampling-point/SW-82221863/sample/3508252/observation/0076,SW-82221863,RIVER HAYLE AT GODOLPHIN BRIDGE,159610,32410,SouthWest,SOUTH WEST - DEVON AND CORNWALL,WEST DEVON AND CORNWALL,OPEN,FRESHWATER - RIVERS,2024-03-04 11:38:00,PLANNED INVESTIGATION (LOCAL MONITORING),RIVER / RUNNING SURFACE WATER,0076,Temperature of Water,9.6,CELSIUS,2024-03-04
https://environment.data.gov.uk/water-quality/sampling-point/SW-82221901/sample/3508563/observation/0076,SW-82221901,GURLYN STREAM AT FOOTBRIDGE UPSTREAM HAYLE RIVER,156111,32980,SouthWest,SOUTH WEST - DEVON AND CORNWALL,WEST DEVON AND CORNWALL,OPEN,FRESHWATER - RIVERS,2024-03-07 10:43:00,PLANNED INVESTIGATION (LOCAL MONITORING),RIVER / RUNNING SURFACE WATER,0076,Temperature of Water,10.6,CELSIUS,2024-03-07
https://environment.data.gov.uk/water-quality/sampling-point/SW-82310103/sample/3508253/observation/0076,SW-82310103,RED RIVER AT GWITHIAN TOWANS,158691,42007,SouthWest,SOUTH WEST - DEVON AND CORNWALL,WEST DEVON AND CORNWALL,OPEN,FRESHWATER - RIVERS,2024-03-04 12:26:00,MONITORING  (UK GOVT POLICY - NOT GQA OR RE),RIVER / RUNNING SURFACE WATER,0076,Temperature of Water,9.7,CELSIUS,2024-03-04
https://environment.data.gov.uk/water-quality/sampling-point/SW-82310103/sample/3509626/observation/0076,SW-82310103,RED RIVER AT GWITHIAN TOWANS,158691,42007,SouthWest,SOUTH WEST - DEVON AND CORNWALL,WEST DEVON AND CORNWALL,OPEN,FRESHWATER - RIVERS,2024-03-19 09:30:00,MONITORING  (NATIONAL AGENCY POLICY),RIVER / RUNNING SURFACE WATER,0076,Temperature of Water,12.3,CELSIUS,2024-03-19
https://environment.data.gov.uk/water-quality/sampling-point/SW-82310132/sample/3509622/observation/0076,SW-82310132,RED RIVER AT KIEVE BRIDGE,162958,42290,SouthWest,SOUTH WEST - DEVON AND CORNWALL,WEST DEVON AND CORNWALL,OPEN,FRESHWATER - RIVERS,2024-03-19 09:53:00,MONITORING  (NATIONAL AGENCY POLICY),RIVER / RUNNING SURFACE WATER,0076,Temperature of Water,13.9,CELSIUS,2024-03-19
https://environment.data.gov.uk/water-quality/sampling-point/SW-82310144/sample/3509688/observation/0076,SW-82310144,RED RIVER AT ROSEWARNE FARM,164310,41720,SouthWest,SOUTH WEST - DEVON AND CORNWALL,WEST DEVON AND CORNWALL,OPEN,FRESHWATER - RIVERS,2024-03-19 10:15:00,UNPLANNED REACTIVE MONITORING (POLLUTION INCIDENTS),RIVER / RUNNING SURFACE WATER,0076,Temperature of Water,14.3,CELSIUS,2024-03-19
https://environment.data.gov.uk/water-quality/sampling-point/SW-82310150/sample/3509623/observation/0076,SW-82310150,DOLCOATH ADIT AT DOLCOATH ADIT DISCHARGE,164850,41880,SouthWest,SOUTH WEST - DEVON AND CORNWALL,WEST DEVON AND CORNWALL,OPEN,MINEWATER,2024-03-19 11:20:00,MONITORING  (NATIONAL AGENCY POLICY),RIVER / RUNNING SURFACE WATER,0076,Temperature of Water,17,CELSIUS,2024-03-19
https://environment.data.gov.uk/water-quality/sampling-point/SW-82310160/sample/3509627/observation/0076,SW-82310160,RED RIVER AT ROSCROGGAN BRIDGE ABOVE DOLCOATH ADIT,165020,42010,SouthWest,SOUTH WEST - DEVON AND CORNWALL,WEST DEVON AND CORNWALL,OPEN,FRESHWATER - RIVERS,2024-03-19 12:00:00,MONITORING  (NATIONAL AGENCY POLICY),RIVER / RUNNING SURFACE WATER,0076,Temperature of Water,12.3,CELSIUS,2024-03-19
https://environment.data.gov.uk/water-quality/sampling-point/SW-82310176/sample/3509676/observation/0076,SW-82310176,RED RIVER ABOVE SOUTH CROFTY PLANT AND MILL,166108,40918,SouthWest,SOUTH WEST - DEVON AND CORNWALL,WEST DEVON AND CORNWALL,OPEN,FRESHWATER - RIVERS,2024-03-19 12:49:00,MONITORING  (NATIONAL AGENCY POLICY),RIVER / RUNNING SURFACE WATER,0076,Temperature of Water,12.4,CELSIUS,2024-03-19
https://environment.data.gov.uk/water-quality/sampling-point/SW-82310183/sample/3509648/observation/0076,SW-82310183,RED RIVER D/S TRESKILLARD STREAM CONFLUENCE,166692,39678,SouthWest,SOUTH WEST - DEVON AND CORNWALL,WEST DEVON AND CORNWALL,OPEN,FRESHWATER - RIVERS,2024-03-19 13:38:00,MONITORING  (NATIONAL AGENCY POLICY),RIVER / RUNNING SURFACE WATER,0076,Temperature of Water,12.6,CELSIUS,2024-03-19
https://environment.data.gov.uk/water-quality/sampling-point/SW-82310411/sample/3509575/observation/0076,SW-82310411,ROSEWORTHY STREAM AT NANCEMELLIN,160635,41039,SouthWest,SOUTH WEST - DEVON AND CORNWALL,WEST DEVON AND CORNWALL,OPEN,FRESHWATER - RIVERS,2024-03-18 13:25:00,MONITORING  (NATIONAL AGENCY POLICY),RIVER / RUNNING SURFACE WATER,0076,Temperature of Water,12.6,CELSIUS,2024-03-18
https://environment.data.gov.uk/water-quality/sampling-point/SW-82310570/sample/3509597/observation/0076,SW-82310570,PRAZE RIVER AT PRAZE,164079,35582,SouthWest,SOUTH WEST - DEVON AND CORNWALL,WEST DEVON AND CORNWALL,OPEN,FRESHWATER - RIVERS,2024-03-18 12:56:00,MONITORING  (NATIONAL AGENCY POLICY),RIVER / RUNNING SURFACE WATER,0076,Temperature of Water,12.2,CELSIUS,2024-03-18
https://environment.data.gov.uk/water-quality/sampling-point/SW-82310575/sample/3508367/observation/0076,SW-82310575,PRAZE RIVER AT FOOTPATH APPROX 400M D/S PRAZE AN BEEBLE STW,162965,36134,SouthWest,SOUTH WEST - DEVON AND CORNWALL,WEST DEVON AND CORNWALL,OPEN,FRESHWATER - RIVERS,2024-03-05 14:14:00,PLANNED INVESTIGATION (LOCAL MONITORING),RIVER / RUNNING SURFACE WATER,0076,Temperature of Water,10.5,CELSIUS,2024-03-05
https://environment.data.gov.uk/water-quality/sampling-point/SW-82311805/sample/3508114/observation/0076,SW-82311805,PERRANPORTH STREAM AT PLEASURE GARDENS  PERRANPORTH,175600,54070,SouthWest,SOUTH WEST - DEVON AND CORNWALL,WEST DEVON AND CORNWALL,OPEN,FRESHWATER - RIVERS,2024-03-01 10:01:00,MONITORING  (NATIONAL AGENCY POLICY),RIVER / RUNNING SURFACE WATER,0076,Temperature of Water,8.3,CELSIUS,2024-03-01
https://environment.data.gov.uk/water-quality/sampling-point/SW-82311912/sample/3509580/observation/0076,SW-82311912,BOLINGEY STREAM AT BOLINGEY,176474,53276,SouthWest,SOUTH WEST - DEVON AND CORNWALL,WEST DEVON AND CORNWALL,OPEN,FRESHWATER - RIVERS,2024-03-18 14:22:00,MONITORING  (NATIONAL AGENCY POLICY),RIVER / RUNNING SURFACE WATER,0076,Temperature of Water,12.8,CELSIUS,2024-03-18
https://environment.data.gov.uk/water-quality/sampling-point/SW-82311932/sample/3509601/observation/0076,SW-82311932,BOLINGEY STREAM U/S GOONHAVERN STREAM UNDER VIADUCT,177274,52757,SouthWest,SOUTH WEST - DEVON AND CORNWALL,WEST DEVON AND CORNWALL,OPEN,FRESHWATER - RIVERS,2024-03-18 14:03:00,MONITORING  (NATIONAL AGENCY POLICY),RIVER / RUNNING SURFACE WATER,0076,Temperature of Water,12.7,CELSIUS,2024-03-18
https://environment.data.gov.uk/water-quality/sampling-point/SW-82311935/sample/3509655/observation/0076,SW-82311935,BOLINGEY STREAM AT VENTONGIMPS,178048,51479,SouthWest,SOUTH WEST - DEVON AND CORNWALL,WEST DEVON AND CORNWALL,OPEN,FRESHWATER - RIVERS,2024-03-19 09:03:00,MONITORING  (NATIONAL AGENCY POLICY),RIVER / RUNNING SURFACE WATER,0076,Temperature of Water,11.8,CELSIUS,2024-03-19
https://environment.data.gov.uk/water-quality/sampling-point/SW-82513260/sample/3509881/observation/0076,SW-82513260,ISSEY BROOK BELOW MELLINGEY STREAM BELOW MELLINGEY TROUT FARM,192054,71845,SouthWest,SOUTH WEST - DEVON AND CORNWALL,WEST DEVON AND CORNWALL,OPEN,FRESHWATER - RIVERS,2024-03-22 14:08:00,MONITORING  (NATIONAL AGENCY POLICY),RIVER / RUNNING SURFACE WATER,0076,Temperature of Water,11.7,CELSIUS,2024-03-22
https://environment.data.gov.uk/water-quality/sampling-point/SW-82513621/sample/3509877/observation/0076,SW-82513621,PORTHILLY STREAM AT FOOTBRIDGE,193721,75456,SouthWest,SOUTH WEST - DEVON AND CORNWALL,WEST DEVON AND CORNWALL,OPEN,FRESHWATER - RIVERS,2024-03-22 12:41:00,MONITORING  (NATIONAL AGENCY POLICY),RIVER / RUNNING SURFACE WATER,0076,Temperature of Water,11.8,CELSIUS,2024-03-22
https://environment.data.gov.uk/water-quality/sampling-point/SW-82513920/sample/3509816/observation/0076,SW-82513920,RIVER AMBLE AT CHAPEL AMBLE BRIDGE,199880,75340,SouthWest,SOUTH WEST - DEVON AND CORNWALL,WEST DEVON AND CORNWALL,OPEN,FRESHWATER - RIVERS,2024-03-22 13:19:00,MONITORING  (NATIONAL AGENCY POLICY),RIVER / RUNNING SURFACE WATER,0076,Temperature of Water,11.3,CELSIUS,2024-03-22
https://environment.data.gov.uk/water-quality/sampling-point/SW-82514993/sample/3508784/observation/0076,SW-82514993,FISTRAL NORTH (32200),179980,62130,SouthWest,SOUTH WEST - DEVON AND CORNWALL,WEST DEVON AND CORNWALL,OPEN,SALINE WATER - DESIGNATED BATHING BEACHES,2024-03-12 12:18:00,PLANNED INVESTIGATION (LOCAL MONITORING),SEA WATER,0076,Temperature of Water,11.1,CELSIUS,2024-03-12
https://environment.data.gov.uk/water-quality/sampling-point/SW-82514993/sample/3509576/observation/0076,SW-82514993,FISTRAL NORTH (32200),179980,62130,SouthWest,SOUTH WEST - DEVON AND CORNWALL,WEST DEVON AND CORNWALL,OPEN,SALINE WATER - DESIGNATED BATHING BEACHES,2024-03-18 14:20:00,PLANNED INVESTIGATION (LOCAL MONITORING),SEA WATER,0076,Temperature of Water,12.5,CELSIUS,2024-03-18
https://environment.data.gov.uk/water-quality/sampling-point/SW-82517005/sample/3509817/observation/0076,SW-82517005,POLZEATH BEACH - STREAM A,193650,78900,SouthWest,SOUTH WEST - DEVON AND CORNWALL,WEST DEVON AND CORNWALL,OPEN,FRESHWATER - RIVERS,2024-03-22 12:57:00,MONITORING  (NATIONAL AGENCY POLICY),RIVER / RUNNING SURFACE WATER,0076,Temperature of Water,11.6,CELSIUS,2024-03-22
https://environment.data.gov.uk/water-quality/sampling-point/SW-82518044/sample/3508995/observation/0076,SW-82518044,CAMEL ESTUARY - BY PADSTOW,192150,75600,SouthWest,SOUTH WEST - DEVON AND CORNWALL,ECMAS SAMPLING (DEVON AND CORNWALL),OPEN,SALINE WATER - ESTUARINE SITES - NON BATHING/SHELLFISH,2024-03-14 08:52:00,ENVIRONMENTAL MONITORING STATUTORY (EU DIRECTIVES),ESTUARINE WATER,0076,Temperature of Water,10.1,CELSIUS,2024-03-14
https://environment.data.gov.uk/water-quality/sampling-point/SW-82518086/sample/3509026/observation/0076,SW-82518086,CAMEL SHELLFISH WATER,193900,74700,SouthWest,SOUTH WEST - DEVON AND CORNWALL,ECMAS SAMPLING (DEVON AND CORNWALL),OPEN,SALINE WATER - DESIGNATED SHELLFISHERIES,2024-03-14 09:00:00,ENVIRONMENTAL MONITORING STATUTORY (EU DIRECTIVES),ESTUARINE WATER,0076,Temperature of Water,10.1,CELSIUS,2024-03-14
https://environment.data.gov.uk/water-quality/sampling-point/SW-82518100/sample/3509009/observation/0076,SW-82518100,CAMEL ESTUARY OFF PINKSON CREEK (SOUTH BANK),194700,73700,SouthWest,SOUTH WEST - DEVON AND CORNWALL,ECMAS SAMPLING (DEVON AND CORNWALL),OPEN,SALINE WATER - ESTUARINE SITES - NON BATHING/SHELLFISH,2024-03-14 09:05:00,ENVIRONMENTAL MONITORING STATUTORY (EU DIRECTIVES),ESTUARINE WATER,0076,Temperature of Water,10.1,CELSIUS,2024-03-14
https://environment.data.gov.uk/water-quality/sampling-point/SW-82518111/sample/3508993/observation/0076,SW-82518111,CAMEL ESTUARY - MID ESTUARY,196080,74100,SouthWest,SOUTH WEST - DEVON AND CORNWALL,ECMAS SAMPLING (DEVON AND CORNWALL),OPEN,SALINE WATER - ESTUARINE SITES - NON BATHING/SHELLFISH,2024-03-14 09:09:00,ENVIRONMENTAL MONITORING STATUTORY (EU DIRECTIVES),ESTUARINE WATER,0076,Temperature of Water,10.2,CELSIUS,2024-03-14
https://environment.data.gov.uk/water-quality/sampling-point/SW-82518180/sample/3509838/observation/0076,SW-82518180,POLMORLA STREAM AT CORONATION PARK,198548,71924,SouthWest,SOUTH WEST - DEVON AND CORNWALL,WEST DEVON AND CORNWALL,OPEN,FRESHWATER - RIVERS,2024-03-22 12:17:00,MONITORING  (NATIONAL AGENCY POLICY),RIVER / RUNNING SURFACE WATER,0076,Temperature of Water,11.2,CELSIUS,2024-03-22
https://environment.data.gov.uk/water-quality/sampling-point/SW-82521205/sample/3508115/observation/0076,SW-82521205,ST. LAWRENCE STREAM PRIOR TO RIVER CAMEL,204310,67321,SouthWest,SOUTH WEST - DEVON AND CORNWALL,WEST DEVON AND CORNWALL,OPEN,FRESHWATER - RIVERS,2024-03-01 13:58:00,PLANNED INVESTIGATION (LOCAL MONITORING),RIVER / RUNNING SURFACE WATER,0076,Temperature of Water,9.4,CELSIUS,2024-03-01
https://environment.data.gov.uk/water-quality/sampling-point/SW-82521220/sample/3508539/observation/0076,SW-82521220,ST. LAWRENCE STREAM ABOVE PENDEWEY BRIDGE,204504,66999,SouthWest,SOUTH WEST - DEVON AND CORNWALL,WEST DEVON AND CORNWALL,OPEN,FRESHWATER - RIVERS,2024-03-07 14:36:00,PLANNED INVESTIGATION (LOCAL MONITORING),RIVER / RUNNING SURFACE WATER,0076,Temperature of Water,11,CELSIUS,2024-03-07
https://environment.data.gov.uk/water-quality/sampling-point/SW-82521235/sample/3508151/observation/0076,SW-82521235,ST LAWRENCE STREAM AT BLOWINGHOUSE LANE,205604,65684,SouthWest,SOUTH WEST - DEVON AND CORNWALL,WEST DEVON AND CORNWALL,OPEN,FRESHWATER - RIVERS,2024-03-01 13:40:00,MONITORING  (UK GOVT POLICY - NOT GQA OR RE),RIVER / RUNNING SURFACE WATER,0076,Temperature of Water,9.4,CELSIUS,2024-03-01
https://environment.data.gov.uk/water-quality/sampling-point/SW-82521235/sample/3509054/observation/0076,SW-82521235,ST LAWRENCE STREAM AT BLOWINGHOUSE LANE,205604,65684,SouthWest,SOUTH WEST - DEVON AND CORNWALL,WEST DEVON AND CORNWALL,OPEN,FRESHWATER - RIVERS,2024-03-15 13:02:00,MONITORING  (UK GOVT POLICY - NOT GQA OR RE),RIVER / RUNNING SURFACE WATER,0076,Temperature of Water,11.9,CELSIUS,2024-03-15
https://environment.data.gov.uk/water-quality/sampling-point/SW-82521235/sample/3509649/observation/0076,SW-82521235,ST LAWRENCE STREAM AT BLOWINGHOUSE LANE,205604,65684,SouthWest,SOUTH WEST - DEVON AND CORNWALL,WEST DEVON AND CORNWALL,OPEN,FRESHWATER - RIVERS,2024-03-19 11:05:00,MONITORING  (UK GOVT POLICY - NOT GQA OR RE),RIVER / RUNNING SURFACE WATER,0076,Temperature of Water,12.3,CELSIUS,2024-03-19
https://environment.data.gov.uk/water-quality/sampling-point/SW-82521235/sample/3510363/observation/0076,SW-82521235,ST LAWRENCE STREAM AT BLOWINGHOUSE LANE,205604,65684,SouthWest,SOUTH WEST - DEVON AND CORNWALL,WEST DEVON AND CORNWALL,OPEN,FRESHWATER - RIVERS,2024-03-26 10:19:00,MONITORING  (UK GOVT POLICY - NOT GQA OR RE),RIVER / RUNNING SURFACE WATER,0076,Temperature of Water,10.1,CELSIUS,2024-03-26
https://environment.data.gov.uk/water-quality/sampling-point/SW-82522304/sample/3508355/observation/0076,SW-82522304,STANNON STREAM AT TRECARNE,209750,80530,SouthWest,SOUTH WEST - DEVON AND CORNWALL,WEST DEVON AND CORNWALL,OPEN,FRESHWATER - RIVERS,2024-03-05 13:22:00,ENVIRONMENTAL MONITORING STATUTORY (EU DIRECTIVES),RIVER / RUNNING SURFACE WATER,0076,Temperature of Water,8.3,CELSIUS,2024-03-05
https://environment.data.gov.uk/water-quality/sampling-point/SW-82528005/sample/3508116/observation/0076,SW-82528005,RIVER CAMEL AT POLBROCK,201349,69568,SouthWest,SOUTH WEST - DEVON AND CORNWALL,WEST DEVON AND CORNWALL,OPEN,FRESHWATER - RIVERS,2024-03-01 15:11:00,MONITORING  (UK GOVT POLICY - NOT GQA OR RE),RIVER / RUNNING SURFACE WATER,0076,Temperature of Water,8.3,CELSIUS,2024-03-01
https://environment.data.gov.uk/water-quality/sampling-point/SW-82528011/sample/3509629/observation/0076,SW-82528011,RIVER CAMEL AT GROGLEY,201495,68499,SouthWest,SOUTH WEST - DEVON AND CORNWALL,WEST DEVON AND CORNWALL,OPEN,FRESHWATER - RIVERS,2024-03-19 11:50:00,MONITORING  (UK GOVT POLICY - NOT GQA OR RE),RIVER / RUNNING SURFACE WATER,0076,Temperature of Water,11.7,CELSIUS,2024-03-19
https://environment.data.gov.uk/water-quality/sampling-point/SW-82528047/sample/3509630/observation/0076,SW-82528047,RIVER CAMEL AT DUNMERE BRIDGE,204808,67807,SouthWest,SOUTH WEST - DEVON AND CORNWALL,WEST DEVON AND CORNWALL,OPEN,FRESHWATER - RIVERS,2024-03-19 11:25:00,MONITORING  (NATIONAL AGENCY POLICY),RIVER / RUNNING SURFACE WATER,0076,Temperature of Water,11.4,CELSIUS,2024-03-19
https://environment.data.gov.uk/water-quality/sampling-point/SW-82528060/sample/3508538/observation/0076,SW-82528060,RIVER CAMEL AT HELLANDBRIDGE,206550,71500,SouthWest,SOUTH WEST - DEVON AND CORNWALL,WEST DEVON AND CORNWALL,OPEN,FRESHWATER - RIVERS,2024-03-07 13:50:00,PLANNED INVESTIGATION (LOCAL MONITORING),RIVER / RUNNING SURFACE WATER,0076,Temperature of Water,9.2,CELSIUS,2024-03-07
https://environment.data.gov.uk/water-quality/sampling-point/SW-82528082/sample/3508537/observation/0076,SW-82528082,RIVER CAMEL AT WENFORD,208500,75180,SouthWest,SOUTH WEST - DEVON AND CORNWALL,WEST DEVON AND CORNWALL,OPEN,FRESHWATER - RIVERS,2024-03-07 13:35:00,MONITORING  (NATIONAL AGENCY POLICY),RIVER / RUNNING SURFACE WATER,0076,Temperature of Water,9.3,CELSIUS,2024-03-07
https://environment.data.gov.uk/water-quality/sampling-point/SW-82528110/sample/3509836/observation/0076,SW-82528110,RIVER CAMEL AT TRECARNE BRIDGE,209723,80545,SouthWest,SOUTH WEST - DEVON AND CORNWALL,WEST DEVON AND CORNWALL,OPEN,FRESHWATER - RIVERS,2024-03-22 13:06:00,MONITORING  (NATIONAL AGENCY POLICY),RIVER / RUNNING SURFACE WATER,0076,Temperature of Water,10.8,CELSIUS,2024-03-22
https://environment.data.gov.uk/water-quality/sampling-point/SW-82528120/sample/3508333/observation/0076,SW-82528120,RIVER CAMEL AT FENTEROON BRIDGE (FORMERLY PENCARROW),210380,82700,SouthWest,SOUTH WEST - DEVON AND CORNWALL,WEST DEVON AND CORNWALL,OPEN,FRESHWATER - RIVERS,2024-03-05 11:02:00,PLANNED INVESTIGATION (LOCAL MONITORING),RIVER / RUNNING SURFACE WATER,0076,Temperature of Water,8.9,CELSIUS,2024-03-05
https://environment.data.gov.uk/water-quality/sampling-point/SW-82528154/sample/3508334/observation/0076,SW-82528154,RIVER CAMEL AT CAMELFORD BRIDGE,210670,83830,SouthWest,SOUTH WEST - DEVON AND CORNWALL,WEST DEVON AND CORNWALL,OPEN,FRESHWATER - RIVERS,2024-03-05 13:09:00,MONITORING  (NATIONAL AGENCY POLICY),RIVER / RUNNING SURFACE WATER,0076,Temperature of Water,9.8,CELSIUS,2024-03-05
https://environment.data.gov.uk/water-quality/sampling-point/SW-82528159/sample/3508325/observation/0076,SW-82528159,RIVER CAMEL AT SLAUGHTERBRIDGE,210930,85550,SouthWest,SOUTH WEST - DEVON AND CORNWALL,WEST DEVON AND CORNWALL,OPEN,FRESHWATER - RIVERS,2024-03-04 10:11:00,MONITORING  (UK GOVT POLICY - NOT GQA OR RE),RIVER / RUNNING SURFACE WATER,0076,Temperature of Water,8.2,CELSIUS,2024-03-04
https://environment.data.gov.uk/water-quality/sampling-point/SW-82528159/sample/3508766/observation/0076,SW-82528159,RIVER CAMEL AT SLAUGHTERBRIDGE,210930,85550,SouthWest,SOUTH WEST - DEVON AND CORNWALL,WEST DEVON AND CORNWALL,OPEN,FRESHWATER - RIVERS,2024-03-11 11:23:00,MONITORING  (UK GOVT POLICY - NOT GQA OR RE),RIVER / RUNNING SURFACE WATER,0076,Temperature of Water,9.6,CELSIUS,2024-03-11
https://environment.data.gov.uk/water-quality/sampling-point/SW-82528159/sample/3509802/observation/0076,SW-82528159,RIVER CAMEL AT SLAUGHTERBRIDGE,210930,85550,SouthWest,SOUTH WEST - DEVON AND CORNWALL,WEST DEVON AND CORNWALL,OPEN,FRESHWATER - RIVERS,2024-03-20 14:18:00,MONITORING  (UK GOVT POLICY - NOT GQA OR RE),RIVER / RUNNING SURFACE WATER,0076,Temperature of Water,11.2,CELSIUS,2024-03-20
https://environment.data.gov.uk/water-quality/sampling-point/SW-82528159/sample/3510405/observation/0076,SW-82528159,RIVER CAMEL AT SLAUGHTERBRIDGE,210930,85550,SouthWest,SOUTH WEST - DEVON AND CORNWALL,WEST DEVON AND CORNWALL,OPEN,FRESHWATER - RIVERS,2024-03-26 11:29:00,MONITORING  (UK GOVT POLICY - NOT GQA OR RE),RIVER / RUNNING SURFACE WATER,0076,Temperature of Water,9.7,CELSIUS,2024-03-26
https://environment.data.gov.uk/water-quality/sampling-point/SW-82530105/sample/3508335/observation/0076,SW-82530105,DE LANK RIVER AT KEYBRIDGE,208871,73890,SouthWest,SOUTH WEST - DEVON AND CORNWALL,WEST DEVON AND CORNWALL,OPEN,FRESHWATER - RIVERS,2024-03-05 13:49:00,MONITORING  (UK GOVT POLICY - NOT GQA OR RE),RIVER / RUNNING SURFACE WATER,0076,Temperature of Water,7.6,CELSIUS,2024-03-05
https://environment.data.gov.uk/water-quality/sampling-point/SW-82530105/sample/3508681/observation/0076,SW-82530105,DE LANK RIVER AT KEYBRIDGE,208871,73890,SouthWest,SOUTH WEST - DEVON AND CORNWALL,WEST DEVON AND CORNWALL,OPEN,FRESHWATER - RIVERS,2024-03-11 10:16:00,MONITORING  (UK GOVT POLICY - NOT GQA OR RE),RIVER / RUNNING SURFACE WATER,0076,Temperature of Water,8.3,CELSIUS,2024-03-11
https://environment.data.gov.uk/water-quality/sampling-point/SW-82530105/sample/3509830/observation/0076,SW-82530105,DE LANK RIVER AT KEYBRIDGE,208871,73890,SouthWest,SOUTH WEST - DEVON AND CORNWALL,WEST DEVON AND CORNWALL,OPEN,FRESHWATER - RIVERS,2024-03-22 13:24:00,MONITORING  (UK GOVT POLICY - NOT GQA OR RE),RIVER / RUNNING SURFACE WATER,0076,Temperature of Water,10.8,CELSIUS,2024-03-22
https://environment.data.gov.uk/water-quality/sampling-point/SW-82530105/sample/3510399/observation/0076,SW-82530105,DE LANK RIVER AT KEYBRIDGE,208871,73890,SouthWest,SOUTH WEST - DEVON AND CORNWALL,WEST DEVON AND CORNWALL,OPEN,FRESHWATER - RIVERS,2024-03-26 10:45:00,MONITORING  (UK GOVT POLICY - NOT GQA OR RE),RIVER / RUNNING SURFACE WATER,0076,Temperature of Water,8.1,CELSIUS,2024-03-26
https://environment.data.gov.uk/water-quality/sampling-point/SW-82540124/sample/3509837/observation/0076,SW-82540124,DINHAMS BRIDGE    RIVER ALLEN,203100,73900,SouthWest,SOUTH WEST - DEVON AND CORNWALL,WEST DEVON AND CORNWALL,OPEN,FRESHWATER - RIVERS,2024-03-22 13:37:00,MONITORING  (NATIONAL AGENCY POLICY),RIVER / RUNNING SURFACE WATER,0076,Temperature of Water,11.5,CELSIUS,2024-03-22
https://environment.data.gov.uk/water-quality/sampling-point/SW-82540150/sample/3508369/observation/0076,SW-82540150,RIVER ALLEN AT LAMELLEN WOOD,205330,77745,SouthWest,SOUTH WEST - DEVON AND CORNWALL,WEST DEVON AND CORNWALL,OPEN,FRESHWATER - RIVERS,2024-03-05 10:17:00,PLANNED INVESTIGATION (LOCAL MONITORING),RIVER / RUNNING SURFACE WATER,0076,Temperature of Water,8.9,CELSIUS,2024-03-05
https://environment.data.gov.uk/water-quality/sampling-point/SW-82540170/sample/3508354/observation/0076,SW-82540170,RIVER ALLEN (CAMEL) AT KNIGHTSMILL BRIDGE,207130,80630,SouthWest,SOUTH WEST - DEVON AND CORNWALL,WEST DEVON AND CORNWALL,OPEN,FRESHWATER - RIVERS,2024-03-05 10:36:00,PLANNED INVESTIGATION (LOCAL MONITORING),RIVER / RUNNING SURFACE WATER,0076,Temperature of Water,9.4,CELSIUS,2024-03-05
https://environment.data.gov.uk/water-quality/sampling-point/SW-82540735/sample/3509853/observation/0076,SW-82540735,DELABOLE STREAM AT DELI,208400,84100,SouthWest,SOUTH WEST - DEVON AND CORNWALL,WEST DEVON AND CORNWALL,OPEN,FRESHWATER - RIVERS,2024-03-22 12:48:00,MONITORING  (NATIONAL AGENCY POLICY),RIVER / RUNNING SURFACE WATER,0076,Temperature of Water,10.5,CELSIUS,2024-03-22
https://environment.data.gov.uk/water-quality/sampling-point/SW-82710102/sample/3508506/observation/0076,SW-82710102,SUMMERLEAZE (33500),220380,106620,SouthWest,SOUTH WEST - DEVON AND CORNWALL,CENTRAL DEVON AND CORNWALL,OPEN,SALINE WATER - DESIGNATED BATHING BEACHES,2024-03-07 16:03:00,PLANNED INVESTIGATION (LOCAL MONITORING),SEA WATER,0076,Temperature of Water,10,CELSIUS,2024-03-07
https://environment.data.gov.uk/water-quality/sampling-point/SW-82710102/sample/3508677/observation/0076,SW-82710102,SUMMERLEAZE (33500),220380,106620,SouthWest,SOUTH WEST - DEVON AND CORNWALL,CENTRAL DEVON AND CORNWALL,OPEN,SALINE WATER - DESIGNATED BATHING BEACHES,2024-03-11 15:26:00,PLANNED INVESTIGATION (LOCAL MONITORING),SEA WATER,0076,Temperature of Water,10.9,CELSIUS,2024-03-11
https://environment.data.gov.uk/water-quality/sampling-point/SW-82710102/sample/3509695/observation/0076,SW-82710102,SUMMERLEAZE (33500),220380,106620,SouthWest,SOUTH WEST - DEVON AND CORNWALL,CENTRAL DEVON AND CORNWALL,OPEN,SALINE WATER - DESIGNATED BATHING BEACHES,2024-03-20 15:05:00,PLANNED INVESTIGATION (LOCAL MONITORING),SEA WATER,0076,Temperature of Water,12.3,CELSIUS,2024-03-20
https://environment.data.gov.uk/water-quality/sampling-point/SW-82710129/sample/3508307/observation/0076,SW-82710129,RIVER STRAT AT HELE BRIDGE,221550,103715,SouthWest,SOUTH WEST - DEVON AND CORNWALL,CENTRAL DEVON AND CORNWALL,OPEN,FRESHWATER - RIVERS,2024-03-04 10:39:00,MONITORING  (NATIONAL AGENCY POLICY),RIVER / RUNNING SURFACE WATER,0076,Temperature of Water,7.5,CELSIUS,2024-03-04
https://environment.data.gov.uk/water-quality/sampling-point/SW-82710977/sample/3508356/observation/0076,SW-82710977,WEEK BROOK BELOW WEEK ST MARY STW,223760,98140,SouthWest,SOUTH WEST - DEVON AND CORNWALL,CENTRAL DEVON AND CORNWALL,OPEN,FRESHWATER - RIVERS,2024-03-05 10:24:00,PLANNED INVESTIGATION (LOCAL MONITORING),RIVER / RUNNING SURFACE WATER,0076,Temperature of Water,8.6,CELSIUS,2024-03-05
https://environment.data.gov.uk/water-quality/sampling-point/SW-82711476/sample/3508331/observation/0076,SW-82711476,GRIMSCOTT STREAM BELOW LAUNCELLS (GRIMSCOTT) STW,226000,106540,SouthWest,SOUTH WEST - DEVON AND CORNWALL,CENTRAL DEVON AND CORNWALL,OPEN,FRESHWATER - RIVERS,2024-03-05 11:04:00,PLANNED INVESTIGATION (LOCAL MONITORING),RIVER / RUNNING SURFACE WATER,0076,Temperature of Water,7.7,CELSIUS,2024-03-05
https://environment.data.gov.uk/water-quality/sampling-point/SW-82711480/sample/3508402/observation/0076,SW-82711480,GRIMSCOTT STREAM ABOVE LAUNCELLS (GRIMSCOTT) STW,226040,106580,SouthWest,SOUTH WEST - DEVON AND CORNWALL,CENTRAL DEVON AND CORNWALL,OPEN,FRESHWATER - RIVERS,2024-03-05 11:01:00,PLANNED INVESTIGATION (LOCAL MONITORING),RIVER / RUNNING SURFACE WATER,0076,Temperature of Water,7.6,CELSIUS,2024-03-05
https://environment.data.gov.uk/water-quality/sampling-point/SW-82712204/sample/3510400/observation/0076,SW-82712204,COOMBE VALLEY STREAM AT DUCKPOOL COTTAGE,220270,111649,SouthWest,SOUTH WEST - DEVON AND CORNWALL,CENTRAL DEVON AND CORNWALL,OPEN,FRESHWATER - RIVERS,2024-03-26 10:49:00,MONITORING  (NATIONAL AGENCY POLICY),RIVER / RUNNING SURFACE WATER,0076,Temperature of Water,9.3,CELSIUS,2024-03-26
https://environment.data.gov.uk/water-quality/sampling-point/SW-91210131/sample/3508499/observation/0076,SW-91210131,RIVER TAMAR AT TAMERTON BRIDGE BELOW NORTH TAMERTON STW,231822,97405,SouthWest,SOUTH WEST - DEVON AND CORNWALL,CENTRAL DEVON AND CORNWALL,OPEN,FRESHWATER - RIVERS,2024-03-06 13:50:00,PLANNED INVESTIGATION (LOCAL MONITORING),RIVER / RUNNING SURFACE WATER,0076,Temperature of Water,7.3,CELSIUS,2024-03-06
https://environment.data.gov.uk/water-quality/sampling-point/SW-91210168/sample/3508281/observation/0076,SW-91210168,RIVER TAMAR AT CROWFORD BRIDGE,228720,99425,SouthWest,SOUTH WEST - DEVON AND CORNWALL,CENTRAL DEVON AND CORNWALL,OPEN,FRESHWATER - RIVERS,2024-03-04 11:48:00,PLANNED INVESTIGATION (LOCAL MONITORING),RIVER / RUNNING SURFACE WATER,0076,Temperature of Water,7,CELSIUS,2024-03-04
https://environment.data.gov.uk/water-quality/sampling-point/SW-91210233/sample/3508308/observation/0076,SW-91210233,RIVER TAMAR AT TAMARSTONE BRIDGE,228328,105503,SouthWest,SOUTH WEST - DEVON AND CORNWALL,CENTRAL DEVON AND CORNWALL,OPEN,FRESHWATER - RIVERS,2024-03-04 10:58:00,MONITORING  (UK GOVT POLICY - NOT GQA OR RE),RIVER / RUNNING SURFACE WATER,0076,Temperature of Water,6.9,CELSIUS,2024-03-04
https://environment.data.gov.uk/water-quality/sampling-point/SW-91210233/sample/3508954/observation/0076,SW-91210233,RIVER TAMAR AT TAMARSTONE BRIDGE,228328,105503,SouthWest,SOUTH WEST - DEVON AND CORNWALL,CENTRAL DEVON AND CORNWALL,OPEN,FRESHWATER - RIVERS,2024-03-13 11:20:00,MONITORING  (UK GOVT POLICY - NOT GQA OR RE),RIVER / RUNNING SURFACE WATER,0076,Temperature of Water,9.7,CELSIUS,2024-03-13
https://environment.data.gov.uk/water-quality/sampling-point/SW-91210233/sample/3509869/observation/0076,SW-91210233,RIVER TAMAR AT TAMARSTONE BRIDGE,228328,105503,SouthWest,SOUTH WEST - DEVON AND CORNWALL,CENTRAL DEVON AND CORNWALL,OPEN,FRESHWATER - RIVERS,2024-03-22 11:13:00,MONITORING  (UK GOVT POLICY - NOT GQA OR RE),RIVER / RUNNING SURFACE WATER,0076,Temperature of Water,10.2,CELSIUS,2024-03-22
https://environment.data.gov.uk/water-quality/sampling-point/SW-91210233/sample/3510499/observation/0076,SW-91210233,RIVER TAMAR AT TAMARSTONE BRIDGE,228328,105503,SouthWest,SOUTH WEST - DEVON AND CORNWALL,CENTRAL DEVON AND CORNWALL,OPEN,FRESHWATER - RIVERS,2024-03-27 12:26:00,MONITORING  (UK GOVT POLICY - NOT GQA OR RE),RIVER / RUNNING SURFACE WATER,0076,Temperature of Water,8.8,CELSIUS,2024-03-27
https://environment.data.gov.uk/water-quality/sampling-point/SW-91210261/sample/3508360/observation/0076,SW-91210261,RIVER TAMAR AT DEXBEER BRIDGE,229530,108950,SouthWest,SOUTH WEST - DEVON AND CORNWALL,CENTRAL DEVON AND CORNWALL,OPEN,FRESHWATER - RIVERS,2024-03-05 11:32:00,PLANNED INVESTIGATION (LOCAL MONITORING),RIVER / RUNNING SURFACE WATER,0076,Temperature of Water,7.2,CELSIUS,2024-03-05
https://environment.data.gov.uk/water-quality/sampling-point/SW-91210355/sample/3508588/observation/0076,SW-91210355,RIVER TAMAR AT BUSES BRIDGE,228080,113380,SouthWest,SOUTH WEST - DEVON AND CORNWALL,CENTRAL DEVON AND CORNWALL,OPEN,FRESHWATER - RIVERS,2024-03-07 13:40:00,PLANNED INVESTIGATION (LOCAL MONITORING),RIVER / RUNNING SURFACE WATER,0076,Temperature of Water,8.3,CELSIUS,2024-03-07
https://environment.data.gov.uk/water-quality/sampling-point/SW-91210355/sample/3508597/observation/0076,SW-91210355,RIVER TAMAR AT BUSES BRIDGE,228080,113380,SouthWest,SOUTH WEST - DEVON AND CORNWALL,CENTRAL DEVON AND CORNWALL,OPEN,FRESHWATER - RIVERS,2024-03-07 12:00:00,UNPLANNED REACTIVE MONITORING (POLLUTION INCIDENTS),RIVER / RUNNING SURFACE WATER,0076,Temperature of Water,8.3,CELSIUS,2024-03-07
https://environment.data.gov.uk/water-quality/sampling-point/SW-91211328/sample/3508282/observation/0076,SW-91211328,DERRIL WATER AT DUALSTONE BRIDGE,230138,100568,SouthWest,SOUTH WEST - DEVON AND CORNWALL,CENTRAL DEVON AND CORNWALL,OPEN,FRESHWATER - RIVERS,2024-03-04 11:37:00,PLANNED INVESTIGATION (LOCAL MONITORING),RIVER / RUNNING SURFACE WATER,0076,Temperature of Water,6.8,CELSIUS,2024-03-04
https://environment.data.gov.uk/water-quality/sampling-point/SW-91212027/sample/3508284/observation/0076,SW-91212027,SMALL BROOK (TAMAR) AT YOULDON BRIDGE,229954,105256,SouthWest,SOUTH WEST - DEVON AND CORNWALL,CENTRAL DEVON AND CORNWALL,OPEN,FRESHWATER - RIVERS,2024-03-04 11:06:00,MONITORING  (NATIONAL AGENCY POLICY),RIVER / RUNNING SURFACE WATER,0076,Temperature of Water,6.8,CELSIUS,2024-03-04
https://environment.data.gov.uk/water-quality/sampling-point/SW-91212509/sample/3508358/observation/0076,SW-91212509,LAMBERAL WATER AT MORETON POUND BRIDGE,227580,108930,SouthWest,SOUTH WEST - DEVON AND CORNWALL,CENTRAL DEVON AND CORNWALL,OPEN,FRESHWATER - RIVERS,2024-03-05 12:15:00,PLANNED INVESTIGATION (LOCAL MONITORING),RIVER / RUNNING SURFACE WATER,0076,Temperature of Water,7.5,CELSIUS,2024-03-05
https://environment.data.gov.uk/water-quality/sampling-point/SW-91221137/sample/3508419/observation/0076,SW-91221137,RIVER OTTERY AT HELLESCOTT BRIDGE,228540,87795,SouthWest,SOUTH WEST - DEVON AND CORNWALL,CENTRAL DEVON AND CORNWALL,OPEN,FRESHWATER - RIVERS,2024-03-05 10:06:00,MONITORING  (NATIONAL AGENCY POLICY),RIVER / RUNNING SURFACE WATER,0076,Temperature of Water,7.2,CELSIUS,2024-03-05
https://environment.data.gov.uk/water-quality/sampling-point/SW-91221702/sample/3508403/observation/0076,SW-91221702,CAUDWORTHY WATER PRIOR TO RIVER OTTERY,226736,88854,SouthWest,SOUTH WEST - DEVON AND CORNWALL,CENTRAL DEVON AND CORNWALL,OPEN,FRESHWATER - RIVERS,2024-03-05 10:39:00,ENVIRONMENTAL MONITORING STATUTORY (EU DIRECTIVES),RIVER / RUNNING SURFACE WATER,0076,Temperature of Water,6.9,CELSIUS,2024-03-05
https://environment.data.gov.uk/water-quality/sampling-point/SW-91221702/sample/3508754/observation/0076,SW-91221702,CAUDWORTHY WATER PRIOR TO RIVER OTTERY,226736,88854,SouthWest,SOUTH WEST - DEVON AND CORNWALL,CENTRAL DEVON AND CORNWALL,OPEN,FRESHWATER - RIVERS,2024-03-11 12:36:00,MONITORING  (UK GOVT POLICY - NOT GQA OR RE),RIVER / RUNNING SURFACE WATER,0076,Temperature of Water,7.8,CELSIUS,2024-03-11
https://environment.data.gov.uk/water-quality/sampling-point/SW-91221702/sample/3509782/observation/0076,SW-91221702,CAUDWORTHY WATER PRIOR TO RIVER OTTERY,226736,88854,SouthWest,SOUTH WEST - DEVON AND CORNWALL,CENTRAL DEVON AND CORNWALL,OPEN,FRESHWATER - RIVERS,2024-03-20 13:45:00,MONITORING  (UK GOVT POLICY - NOT GQA OR RE),RIVER / RUNNING SURFACE WATER,0076,Temperature of Water,11.2,CELSIUS,2024-03-20
https://environment.data.gov.uk/water-quality/sampling-point/SW-91221702/sample/3510401/observation/0076,SW-91221702,CAUDWORTHY WATER PRIOR TO RIVER OTTERY,226736,88854,SouthWest,SOUTH WEST - DEVON AND CORNWALL,CENTRAL DEVON AND CORNWALL,OPEN,FRESHWATER - RIVERS,2024-03-26 10:27:00,MONITORING  (UK GOVT POLICY - NOT GQA OR RE),RIVER / RUNNING SURFACE WATER,0076,Temperature of Water,8.4,CELSIUS,2024-03-26
https://environment.data.gov.uk/water-quality/sampling-point/SW-91221705/sample/3508372/observation/0076,SW-91221705,CAUDWORTHY WATER AT BILLACOTT,225234,90326,SouthWest,SOUTH WEST - DEVON AND CORNWALL,WEST DEVON AND CORNWALL,OPEN,FRESHWATER - RIVERS,2024-03-05 10:52:00,ENVIRONMENTAL MONITORING STATUTORY (EU DIRECTIVES),RIVER / RUNNING SURFACE WATER,0076,Temperature of Water,7.2,CELSIUS,2024-03-05
https://environment.data.gov.uk/water-quality/sampling-point/SW-91221749/sample/3508373/observation/0076,SW-91221749,CAUDWORTHY WATER AT CAUDWORTHY BRIDGE,224700,92630,SouthWest,SOUTH WEST - DEVON AND CORNWALL,CENTRAL DEVON AND CORNWALL,OPEN,FRESHWATER - RIVERS,2024-03-05 11:40:00,ENVIRONMENTAL MONITORING STATUTORY (EU DIRECTIVES),RIVER / RUNNING SURFACE WATER,0076,Temperature of Water,7.3,CELSIUS,2024-03-05
https://environment.data.gov.uk/water-quality/sampling-point/SW-91221750/sample/3508375/observation/0076,SW-91221750,TRIB OF CAUDWORTHY WATER AT MIDDLE WHEATLY,224736,93614,SouthWest,SOUTH WEST - DEVON AND CORNWALL,WEST DEVON AND CORNWALL,OPEN,FRESHWATER - RIVERS,2024-03-05 11:57:00,ENVIRONMENTAL MONITORING STATUTORY (EU DIRECTIVES),RIVER / RUNNING SURFACE WATER,0076,Temperature of Water,8.4,CELSIUS,2024-03-05
https://environment.data.gov.uk/water-quality/sampling-point/SW-91221755/sample/3508376/observation/0076,SW-91221755,TRIB OF CAUDWORTHY WATER AT STAPLETON,224787,95003,SouthWest,SOUTH WEST - DEVON AND CORNWALL,WEST DEVON AND CORNWALL,OPEN,FRESHWATER - RIVERS,2024-03-05 12:12:00,ENVIRONMENTAL MONITORING STATUTORY (EU DIRECTIVES),RIVER / RUNNING SURFACE WATER,0076,Temperature of Water,7.2,CELSIUS,2024-03-05
https://environment.data.gov.uk/water-quality/sampling-point/SW-91221760/sample/3508374/observation/0076,SW-91221760,CAUDWORTHY WATER AT GREENAMOOR BRIDGE,225686,95458,SouthWest,SOUTH WEST - DEVON AND CORNWALL,WEST DEVON AND CORNWALL,OPEN,FRESHWATER - RIVERS,2024-03-05 10:50:00,ENVIRONMENTAL MONITORING STATUTORY (EU DIRECTIVES),RIVER / RUNNING SURFACE WATER,0076,Temperature of Water,6.9,CELSIUS,2024-03-05
https://environment.data.gov.uk/water-quality/sampling-point/SW-91241113/sample/3508691/observation/0076,SW-91241113,RIVER INNY AT BEALS MILL BRIDGE ABOVE BEALS MILL STW,235880,77060,SouthWest,SOUTH WEST - DEVON AND CORNWALL,CENTRAL DEVON AND CORNWALL,OPEN,FRESHWATER - RIVERS,2024-03-11 09:45:00,PLANNED INVESTIGATION (LOCAL MONITORING),RIVER / RUNNING SURFACE WATER,0076,Temperature of Water,8,CELSIUS,2024-03-11
https://environment.data.gov.uk/water-quality/sampling-point/SW-91241119/sample/3508692/observation/0076,SW-91241119,RIVER INNY AT TRECARRELL BRIDGE,232014,77151,SouthWest,SOUTH WEST - DEVON AND CORNWALL,CENTRAL DEVON AND CORNWALL,OPEN,FRESHWATER - RIVERS,2024-03-11 10:07:00,PLANNED INVESTIGATION (LOCAL MONITORING),RIVER / RUNNING SURFACE WATER,0076,Temperature of Water,8.5,CELSIUS,2024-03-11
https://environment.data.gov.uk/water-quality/sampling-point/SW-91241149/sample/3508163/observation/0076,SW-91241149,RIVER INNY UPSTREAM A30 AT TWO BRIDGES,226992,81810,SouthWest,SOUTH WEST - DEVON AND CORNWALL,CENTRAL DEVON AND CORNWALL,OPEN,FRESHWATER - RIVERS,2024-03-01 14:05:00,MONITORING  (UK GOVT POLICY - NOT GQA OR RE),RIVER / RUNNING SURFACE WATER,0076,Temperature of Water,8.1,CELSIUS,2024-03-01
https://environment.data.gov.uk/water-quality/sampling-point/SW-91241149/sample/3508693/observation/0076,SW-91241149,RIVER INNY UPSTREAM A30 AT TWO BRIDGES,226992,81810,SouthWest,SOUTH WEST - DEVON AND CORNWALL,CENTRAL DEVON AND CORNWALL,OPEN,FRESHWATER - RIVERS,2024-03-11 10:33:00,PLANNED INVESTIGATION (LOCAL MONITORING),RIVER / RUNNING SURFACE WATER,0076,Temperature of Water,8.7,CELSIUS,2024-03-11
https://environment.data.gov.uk/water-quality/sampling-point/SW-91241149/sample/3508730/observation/0076,SW-91241149,RIVER INNY UPSTREAM A30 AT TWO BRIDGES,226992,81810,SouthWest,SOUTH WEST - DEVON AND CORNWALL,CENTRAL DEVON AND CORNWALL,OPEN,FRESHWATER - RIVERS,2024-03-11 12:09:00,MONITORING  (UK GOVT POLICY - NOT GQA OR RE),RIVER / RUNNING SURFACE WATER,0076,Temperature of Water,9.2,CELSIUS,2024-03-11
https://environment.data.gov.uk/water-quality/sampling-point/SW-91241149/sample/3509856/observation/0076,SW-91241149,RIVER INNY UPSTREAM A30 AT TWO BRIDGES,226992,81810,SouthWest,SOUTH WEST - DEVON AND CORNWALL,CENTRAL DEVON AND CORNWALL,OPEN,FRESHWATER - RIVERS,2024-03-22 11:51:00,MONITORING  (UK GOVT POLICY - NOT GQA OR RE),RIVER / RUNNING SURFACE WATER,0076,Temperature of Water,10.4,CELSIUS,2024-03-22
https://environment.data.gov.uk/water-quality/sampling-point/SW-91241149/sample/3510371/observation/0076,SW-91241149,RIVER INNY UPSTREAM A30 AT TWO BRIDGES,226992,81810,SouthWest,SOUTH WEST - DEVON AND CORNWALL,CENTRAL DEVON AND CORNWALL,OPEN,FRESHWATER - RIVERS,2024-03-26 13:38:00,MONITORING  (UK GOVT POLICY - NOT GQA OR RE),RIVER / RUNNING SURFACE WATER,0076,Temperature of Water,10.1,CELSIUS,2024-03-26
https://environment.data.gov.uk/water-quality/sampling-point/SW-91241162/sample/3508694/observation/0076,SW-91241162,RIVER INNY AT ST. CLETHER BRIDGE,220578,84143,SouthWest,SOUTH WEST - DEVON AND CORNWALL,CENTRAL DEVON AND CORNWALL,OPEN,FRESHWATER - RIVERS,2024-03-11 10:57:00,PLANNED INVESTIGATION (LOCAL MONITORING),RIVER / RUNNING SURFACE WATER,0076,Temperature of Water,9.7,CELSIUS,2024-03-11
https://environment.data.gov.uk/water-quality/sampling-point/SW-91241171/sample/3508695/observation/0076,SW-91241171,TREMAIL STREAM AT FOOTBRIDGE,216933,86588,SouthWest,SOUTH WEST - DEVON AND CORNWALL,CENTRAL DEVON AND CORNWALL,OPEN,FRESHWATER - RIVERS,2024-03-11 11:44:00,PLANNED INVESTIGATION (LOCAL MONITORING),RIVER / RUNNING SURFACE WATER,0076,Temperature of Water,10.1,CELSIUS,2024-03-11
https://environment.data.gov.uk/water-quality/sampling-point/SW-91241172/sample/3508696/observation/0076,SW-91241172,RIVER INNY BELOW DAVIDSTOW CREAMERY DISCHARGE,216930,86600,SouthWest,SOUTH WEST - DEVON AND CORNWALL,CENTRAL DEVON AND CORNWALL,OPEN,FRESHWATER - RIVERS,2024-03-11 12:03:00,PLANNED INVESTIGATION (LOCAL MONITORING),RIVER / RUNNING SURFACE WATER,0076,Temperature of Water,11.3,CELSIUS,2024-03-11
https://environment.data.gov.uk/water-quality/sampling-point/SW-91241175/sample/3508699/observation/0076,SW-91241175,DAVIDSTOW CREAMERY OUTFALL TO RIVER INNY,216891,86663,SouthWest,SOUTH WEST - DEVON AND CORNWALL,CENTRAL DEVON AND CORNWALL,OPEN,TRADE DISCHARGES - PROCESS EFFLUENT - NOT WATER COMPANY,2024-03-11 12:17:00,PLANNED INVESTIGATION (LOCAL MONITORING),ANY TRADE EFFLUENT,0076,Temperature of Water,20.9,CELSIUS,2024-03-11
https://environment.data.gov.uk/water-quality/sampling-point/SW-91241176/sample/3508697/observation/0076,SW-91241176,RIVER INNY ABOVE DAVIDSTOW CREAMERY DISCHARGE,216892,86675,SouthWest,SOUTH WEST - DEVON AND CORNWALL,CENTRAL DEVON AND CORNWALL,OPEN,FRESHWATER - RIVERS,2024-03-11 12:31:00,PLANNED INVESTIGATION (LOCAL MONITORING),RIVER / RUNNING SURFACE WATER,0076,Temperature of Water,10.5,CELSIUS,2024-03-11
https://environment.data.gov.uk/water-quality/sampling-point/SW-91241183/sample/3508698/observation/0076,SW-91241183,RIVER INNY U/S INNY VALE DISCHARGE,215943,86910,SouthWest,SOUTH WEST - DEVON AND CORNWALL,CENTRAL DEVON AND CORNWALL,OPEN,FRESHWATER - RIVERS,2024-03-11 11:19:00,PLANNED INVESTIGATION (LOCAL MONITORING),RIVER / RUNNING SURFACE WATER,0076,Temperature of Water,10.3,CELSIUS,2024-03-11
https://environment.data.gov.uk/water-quality/sampling-point/SW-91241191/sample/3509811/observation/0076,SW-91241191,RIVER INNY AT DAVIDSTOW (FORMERLY INNY U/S DAVIDSTOW CREAMERY),215446,87010,SouthWest,SOUTH WEST - DEVON AND CORNWALL,CENTRAL DEVON AND CORNWALL,OPEN,FRESHWATER - RIVERS,2024-03-22 12:29:00,MONITORING  (NATIONAL AGENCY POLICY),RIVER / RUNNING SURFACE WATER,0076,Temperature of Water,10.7,CELSIUS,2024-03-22
https://environment.data.gov.uk/water-quality/sampling-point/SW-91241720/sample/3508288/observation/0076,SW-91241720,PENPONT WATER AT STRAYER PARK BRIDGE,225951,81544,SouthWest,SOUTH WEST - DEVON AND CORNWALL,CENTRAL DEVON AND CORNWALL,OPEN,FRESHWATER - RIVERS,2024-03-04 13:07:00,MONITORING  (UK GOVT POLICY - NOT GQA OR RE),RIVER / RUNNING SURFACE WATER,0076,Temperature of Water,8.3,CELSIUS,2024-03-04
https://environment.data.gov.uk/water-quality/sampling-point/SW-91241720/sample/3508717/observation/0076,SW-91241720,PENPONT WATER AT STRAYER PARK BRIDGE,225951,81544,SouthWest,SOUTH WEST - DEVON AND CORNWALL,CENTRAL DEVON AND CORNWALL,OPEN,FRESHWATER - RIVERS,2024-03-11 11:57:00,MONITORING  (UK GOVT POLICY - NOT GQA OR RE),RIVER / RUNNING SURFACE WATER,0076,Temperature of Water,9.2,CELSIUS,2024-03-11
https://environment.data.gov.uk/water-quality/sampling-point/SW-91241720/sample/3509848/observation/0076,SW-91241720,PENPONT WATER AT STRAYER PARK BRIDGE,225951,81544,SouthWest,SOUTH WEST - DEVON AND CORNWALL,CENTRAL DEVON AND CORNWALL,OPEN,FRESHWATER - RIVERS,2024-03-22 12:00:00,MONITORING  (UK GOVT POLICY - NOT GQA OR RE),RIVER / RUNNING SURFACE WATER,0076,Temperature of Water,10.3,CELSIUS,2024-03-22
https://environment.data.gov.uk/water-quality/sampling-point/SW-91241720/sample/3510468/observation/0076,SW-91241720,PENPONT WATER AT STRAYER PARK BRIDGE,225951,81544,SouthWest,SOUTH WEST - DEVON AND CORNWALL,CENTRAL DEVON AND CORNWALL,OPEN,FRESHWATER - RIVERS,2024-03-27 11:26:00,MONITORING  (UK GOVT POLICY - NOT GQA OR RE),RIVER / RUNNING SURFACE WATER,0076,Temperature of Water,8.6,CELSIUS,2024-03-27
https://environment.data.gov.uk/water-quality/sampling-point/SW-91241770/sample/3509726/observation/0076,SW-91241770,PENPONT WATER AT TRELYN BRIDGE,220055,82855,SouthWest,SOUTH WEST - DEVON AND CORNWALL,CENTRAL DEVON AND CORNWALL,OPEN,FRESHWATER - RIVERS,2024-03-21 10:34:00,MONITORING  (NATIONAL AGENCY POLICY),RIVER / RUNNING SURFACE WATER,0076,Temperature of Water,10.3,CELSIUS,2024-03-21
https://environment.data.gov.uk/water-quality/sampling-point/SW-91251605/sample/3509783/observation/0076,SW-91251605,RIVER LYNHER AT NOTTER BRIDGE BELOW HATT STW,238501,60986,SouthWest,SOUTH WEST - DEVON AND CORNWALL,CENTRAL DEVON AND CORNWALL,OPEN,FRESHWATER - RIVERS,2024-03-21 15:17:00,MONITORING  (UK GOVT POLICY - NOT GQA OR RE),RIVER / RUNNING SURFACE WATER,0076,Temperature of Water,11.6,CELSIUS,2024-03-21
https://environment.data.gov.uk/water-quality/sampling-point/SW-91251640/sample/3508352/observation/0076,SW-91251640,RIVER LYNHER AT BICTON MILL BRIDGE,232168,70024,SouthWest,SOUTH WEST - DEVON AND CORNWALL,CENTRAL DEVON AND CORNWALL,OPEN,FRESHWATER - RIVERS,2024-03-05 10:51:00,ENVIRONMENTAL MONITORING STATUTORY (EU DIRECTIVES),RIVER / RUNNING SURFACE WATER,0076,Temperature of Water,8.4,CELSIUS,2024-03-05
https://environment.data.gov.uk/water-quality/sampling-point/SW-91251730/sample/3508456/observation/0076,SW-91251730,RIVER LYNHER AT TREBARTHA ROAD BRIDGE,226234,77742,SouthWest,SOUTH WEST - DEVON AND CORNWALL,CENTRAL DEVON AND CORNWALL,OPEN,FRESHWATER - RIVERS,2024-03-06 14:41:00,MONITORING  (UK GOVT POLICY - NOT GQA OR RE),RIVER / RUNNING SURFACE WATER,0076,Temperature of Water,9.6,CELSIUS,2024-03-06
https://environment.data.gov.uk/water-quality/sampling-point/SW-91251730/sample/3508706/observation/0076,SW-91251730,RIVER LYNHER AT TREBARTHA ROAD BRIDGE,226234,77742,SouthWest,SOUTH WEST - DEVON AND CORNWALL,CENTRAL DEVON AND CORNWALL,OPEN,FRESHWATER - RIVERS,2024-03-11 10:51:00,MONITORING  (UK GOVT POLICY - NOT GQA OR RE),RIVER / RUNNING SURFACE WATER,0076,Temperature of Water,9,CELSIUS,2024-03-11
https://environment.data.gov.uk/water-quality/sampling-point/SW-91251730/sample/3509835/observation/0076,SW-91251730,RIVER LYNHER AT TREBARTHA ROAD BRIDGE,226234,77742,SouthWest,SOUTH WEST - DEVON AND CORNWALL,CENTRAL DEVON AND CORNWALL,OPEN,FRESHWATER - RIVERS,2024-03-22 13:55:00,MONITORING  (UK GOVT POLICY - NOT GQA OR RE),RIVER / RUNNING SURFACE WATER,0076,Temperature of Water,10.7,CELSIUS,2024-03-22
https://environment.data.gov.uk/water-quality/sampling-point/SW-91251730/sample/3510361/observation/0076,SW-91251730,RIVER LYNHER AT TREBARTHA ROAD BRIDGE,226234,77742,SouthWest,SOUTH WEST - DEVON AND CORNWALL,CENTRAL DEVON AND CORNWALL,OPEN,FRESHWATER - RIVERS,2024-03-26 10:59:00,MONITORING  (UK GOVT POLICY - NOT GQA OR RE),RIVER / RUNNING SURFACE WATER,0076,Temperature of Water,9.3,CELSIUS,2024-03-26
https://environment.data.gov.uk/water-quality/sampling-point/SW-9125GW01/sample/3508972/observation/0076,SW-9125GW01,"NORTH BOWDA FARM, TREBARTHA ESTATES",223952,76732,SouthWest,SOUTH WEST - DEVON AND CORNWALL,CENTRAL DEVON AND CORNWALL,OPEN,GROUNDWATER - SPRING,2024-03-13 14:35:00,MONITORING  (NATIONAL AGENCY POLICY),GROUNDWATER,0076,Temperature of Water,11,CELSIUS,2024-03-13
https://environment.data.gov.uk/water-quality/sampling-point/SW-91261128/sample/3509784/observation/0076,SW-91261128,RIVER TIDDY AT TIDEFORD BRIDGE,234430,59600,SouthWest,SOUTH WEST - DEVON AND CORNWALL,CENTRAL DEVON AND CORNWALL,OPEN,FRESHWATER - RIVERS,2024-03-20 15:31:00,MONITORING  (UK GOVT POLICY - NOT GQA OR RE),RIVER / RUNNING SURFACE WATER,0076,Temperature of Water,12.3,CELSIUS,2024-03-20
https://environment.data.gov.uk/water-quality/sampling-point/SW-H1210290/sample/3512518/observation/0076,SW-H1210290,PLYMOUTH CENTRAL STW (UV DISINFECTION),249827,54031,SouthWest,SOUTH WEST - DEVON AND CORNWALL,CENTRAL DEVON AND CORNWALL,OPEN,SEWAGE DISCHARGES - FINAL/TREATED EFFLUENT - WATER COMPANY,2024-03-18 08:10:00,WATER QUALITY OPERATOR SELF MONITORING COMPLIANCE DATA,FINAL SEWAGE EFFLUENT,0076,Temperature of Water,4.5,CELSIUS,2024-03-18
https://environment.data.gov.uk/water-quality/sampling-point/SW-RSN0211/sample/3508934/observation/0076,SW-RSN0211,RSN0211 TREWIDLAND STREAM AT FURSDON,226327,59825,SouthWest,SOUTH WEST - DEVON AND CORNWALL,WEST DEVON AND CORNWALL,OPEN,FRESHWATER - RIVERS,2024-03-13 13:40:00,MONITORING  (NATIONAL AGENCY POLICY),RIVER / RUNNING SURFACE WATER,0076,Temperature of Water,11.6,CELSIUS,2024-03-13
https://environment.data.gov.uk/water-quality/sampling-point/SW-RSN0243/sample/3509606/observation/0076,SW-RSN0243,RSN0243  ASHCLYST FOREST STREAM AT SCOTCH FIR AVENUE,300580,99158,SouthWest,SOUTH WEST - DEVON AND CORNWALL,EAST DEVON AND CORNWALL,OPEN,FRESHWATER - RIVERS,2024-03-18 11:45:00,MONITORING  (NATIONAL AGENCY POLICY),RIVER / RUNNING SURFACE WATER,0076,Temperature of Water,10.2,CELSIUS,2024-03-18
https://environment.data.gov.uk/water-quality/sampling-point/SW-RSN0254/sample/3508933/observation/0076,SW-RSN0254,RSN0254 DART U/S BUCKFAST ABBEY LEAT,274116,67794,SouthWest,SOUTH WEST - DEVON AND CORNWALL,CENTRAL DEVON AND CORNWALL,OPEN,FRESHWATER - RIVERS,2024-03-13 10:24:00,MONITORING  (NATIONAL AGENCY POLICY),RIVER / RUNNING SURFACE WATER,0076,Temperature of Water,9.7,CELSIUS,2024-03-13
https://environment.data.gov.uk/water-quality/sampling-point/SW-RSN0259/sample/3508478/observation/0076,SW-RSN0259,RSN0259 KATE BROOK AT CRAMMERS,288150,80896,SouthWest,SOUTH WEST - DEVON AND CORNWALL,CENTRAL DEVON AND CORNWALL,OPEN,FRESHWATER - RIVERS,2024-03-06 11:32:00,MONITORING  (NATIONAL AGENCY POLICY),RIVER / RUNNING SURFACE WATER,0076,Temperature of Water,7.7,CELSIUS,2024-03-06
https://environment.data.gov.uk/water-quality/sampling-point/SW-RSN0263/sample/3508479/observation/0076,SW-RSN0263,RSN0263 CULM AT LANGLANDS,305497,111643,SouthWest,SOUTH WEST - DEVON AND CORNWALL,EAST DEVON AND CORNWALL,OPEN,FRESHWATER - RIVERS,2024-03-06 11:10:00,MONITORING  (NATIONAL AGENCY POLICY),RIVER / RUNNING SURFACE WATER,0076,Temperature of Water,5.7,CELSIUS,2024-03-06
https://environment.data.gov.uk/water-quality/sampling-point/SW-RSN0267/sample/3508565/observation/0076,SW-RSN0267,RSN0267 ANGARRACK STREAM D/S ANGARRACK,158115,38435,SouthWest,SOUTH WEST - DEVON AND CORNWALL,WEST DEVON AND CORNWALL,OPEN,FRESHWATER - RIVERS,2024-03-07 12:19:00,MONITORING  (NATIONAL AGENCY POLICY),RIVER / RUNNING SURFACE WATER,0076,Temperature of Water,11,CELSIUS,2024-03-07
https://environment.data.gov.uk/water-quality/sampling-point/SW-RSN0275/sample/3508377/observation/0076,SW-RSN0275,RSN0275 SLUE WATER AT OGBEARE,230032,95722,SouthWest,SOUTH WEST - DEVON AND CORNWALL,CENTRAL DEVON AND CORNWALL,OPEN,FRESHWATER - RIVERS,2024-03-05 12:36:00,MONITORING  (NATIONAL AGENCY POLICY),RIVER / RUNNING SURFACE WATER,0076,Temperature of Water,7.8,CELSIUS,2024-03-05
https://environment.data.gov.uk/water-quality/sampling-point/SW-RSN0279/sample/3508378/observation/0076,SW-RSN0279,RSN0279 CUTTON STREAM AT BROADCLYST MOOR,297478,98398,SouthWest,SOUTH WEST - DEVON AND CORNWALL,EAST DEVON AND CORNWALL,OPEN,FRESHWATER - RIVERS,2024-03-05 11:52:00,MONITORING  (NATIONAL AGENCY POLICY),RIVER / RUNNING SURFACE WATER,0076,Temperature of Water,8.6,CELSIUS,2024-03-05
https://environment.data.gov.uk/water-quality/sampling-point/SW-RSN0323/sample/3508572/observation/0076,SW-RSN0323,RSN0323 COOMBE VALLEY STREAM AT SANCTUARY FARM,222692,111625,SouthWest,SOUTH WEST - DEVON AND CORNWALL,CENTRAL DEVON AND CORNWALL,OPEN,FRESHWATER - RIVERS,2024-03-07 11:25:00,MONITORING  (NATIONAL AGENCY POLICY),RIVER / RUNNING SURFACE WATER,0076,Temperature of Water,8.8,CELSIUS,2024-03-07
https://environment.data.gov.uk/water-quality/sampling-point/SW-RSN0339/sample/3508736/observation/0076,SW-RSN0339,RSN0339 ARGAL STREAM AT GWENDRA,174448,33627,SouthWest,SOUTH WEST - DEVON AND CORNWALL,WEST DEVON AND CORNWALL,OPEN,FRESHWATER - RIVERS,2024-03-11 09:26:00,MONITORING  (NATIONAL AGENCY POLICY),RIVER / RUNNING SURFACE WATER,0076,Temperature of Water,9.1,CELSIUS,2024-03-11
https://environment.data.gov.uk/water-quality/sampling-point/SW-RSN0343/sample/3508298/observation/0076,SW-RSN0343,RSN0343 OWLABOROUGH,283058,123314,SouthWest,SOUTH WEST - DEVON AND CORNWALL,EAST DEVON AND CORNWALL,OPEN,FRESHWATER - RIVERS,2024-03-04 14:09:00,MONITORING  (NATIONAL AGENCY POLICY),RIVER / RUNNING SURFACE WATER,0076,Temperature of Water,7.5,CELSIUS,2024-03-04
https://environment.data.gov.uk/water-quality/sampling-point/SW-RSN0355/sample/3508168/observation/0076,SW-RSN0355,RSN0355 TREMORE STREAM AT RETIRE,200661,64187,SouthWest,SOUTH WEST - DEVON AND CORNWALL,WEST DEVON AND CORNWALL,OPEN,FRESHWATER - RIVERS,2024-03-01 15:50:00,MONITORING  (NATIONAL AGENCY POLICY),RIVER / RUNNING SURFACE WATER,0076,Temperature of Water,7.8,CELSIUS,2024-03-01
https://environment.data.gov.uk/water-quality/sampling-point/SW-RSN0359/sample/3508737/observation/0076,SW-RSN0359,RSN0359 HOLYWELL STREAM AT WESTLAND BRIDGE,276273,130548,SouthWest,SOUTH WEST - DEVON AND CORNWALL,EAST DEVON AND CORNWALL,OPEN,FRESHWATER - RIVERS,2024-03-11 14:38:00,MONITORING  (NATIONAL AGENCY POLICY),RIVER / RUNNING SURFACE WATER,0076,Temperature of Water,10.5,CELSIUS,2024-03-11
https://environment.data.gov.uk/water-quality/sampling-point/SW-RSN0387/sample/3508949/observation/0076,SW-RSN0387,RSN0387 BLAGDON BROOK AT SCOBCHESTER DOWN,251918,95985,SouthWest,SOUTH WEST - DEVON AND CORNWALL,EAST DEVON AND CORNWALL,OPEN,FRESHWATER - RIVERS,2024-03-13 14:45:00,MONITORING  (NATIONAL AGENCY POLICY),RIVER / RUNNING SURFACE WATER,0076,Temperature of Water,10,CELSIUS,2024-03-13
https://environment.data.gov.uk/water-quality/sampling-point/SW-RSN0467/sample/3508560/observation/0076,SW-RSN0467,RSN0467 NOTTER MILL,238303,61417,SouthWest,SOUTH WEST - DEVON AND CORNWALL,CENTRAL DEVON AND CORNWALL,OPEN,FRESHWATER - RIVERS,2024-03-07 13:23:00,ENVIRONMENTAL MONITORING STATUTORY (EU DIRECTIVES),RIVER / RUNNING SURFACE WATER,0076,Temperature of Water,9.5,CELSIUS,2024-03-07
https://environment.data.gov.uk/water-quality/sampling-point/SW-RSN0675/sample/3508561/observation/0076,SW-RSN0675,RSN0675 GREAT DOWNS WOOD,191530,44188,SouthWest,SOUTH WEST - DEVON AND CORNWALL,WEST DEVON AND CORNWALL,OPEN,FRESHWATER - RIVERS,2024-03-07 10:13:00,PLANNED INVESTIGATION (LOCAL MONITORING),RIVER / RUNNING SURFACE WATER,0076,Temperature of Water,9.5,CELSIUS,2024-03-07
https://environment.data.gov.uk/water-quality/sampling-point/SW-RSN1115/sample/3509866/observation/0076,SW-RSN1115,RSN1115 WITHEY BROOK AT RHINE ARRISH COPPICE,225167,76802,SouthWest,SOUTH WEST - DEVON AND CORNWALL,CENTRAL DEVON AND CORNWALL,OPEN,FRESHWATER - RIVERS,2024-03-22 14:33:00,MONITORING  (NATIONAL AGENCY POLICY),RIVER / RUNNING SURFACE WATER,0076,Temperature of Water,10.7,CELSIUS,2024-03-22
https://environment.data.gov.uk/water-quality/sampling-point/SW-RSN1119/sample/3509087/observation/0076,SW-RSN1119,RSN1119 ODAM STREAM AT BEARA,272714,119527,SouthWest,SOUTH WEST - DEVON AND CORNWALL,EAST DEVON AND CORNWALL,OPEN,FRESHWATER - RIVERS,2024-03-15 15:16:00,MONITORING  (NATIONAL AGENCY POLICY),RIVER / RUNNING SURFACE WATER,0076,Temperature of Water,10.7,CELSIUS,2024-03-15
https://environment.data.gov.uk/water-quality/sampling-point/SW-RSN1131/sample/3508169/observation/0076,SW-RSN1131,RSN1131 PAR RIVER AT CARMINOW,205059,57801,SouthWest,SOUTH WEST - DEVON AND CORNWALL,WEST DEVON AND CORNWALL,OPEN,FRESHWATER - RIVERS,2024-03-01 12:59:00,MONITORING  (NATIONAL AGENCY POLICY),RIVER / RUNNING SURFACE WATER,0076,Temperature of Water,7.8,CELSIUS,2024-03-01
https://environment.data.gov.uk/water-quality/sampling-point/SW-RSN1142/sample/3509088/observation/0076,SW-RSN1142,RSN1142 BUTTERFORD MILL,272380,55094,SouthWest,SOUTH WEST - DEVON AND CORNWALL,CENTRAL DEVON AND CORNWALL,OPEN,FRESHWATER - RIVERS,2024-03-15 11:40:00,MONITORING  (NATIONAL AGENCY POLICY),RIVER / RUNNING SURFACE WATER,0076,Temperature of Water,10.1,CELSIUS,2024-03-15
https://environment.data.gov.uk/water-quality/sampling-point/SW-RSN1147/sample/3510492/observation/0076,SW-RSN1147,RSN1147 TORRIDGE AT WOODFORD WOOD,239747,112773,SouthWest,SOUTH WEST - DEVON AND CORNWALL,EAST DEVON AND CORNWALL,OPEN,FRESHWATER - RIVERS,2024-03-27 12:29:00,MONITORING  (NATIONAL AGENCY POLICY),RIVER / RUNNING SURFACE WATER,0076,Temperature of Water,7.9,CELSIUS,2024-03-27
https://environment.data.gov.uk/water-quality/sampling-point/SW-RSN1151/sample/3509773/observation/0076,SW-RSN1151,RSN1151 TRIB OF JACKMOOR BROOK AT SHUTE,289250,100554,SouthWest,SOUTH WEST - DEVON AND CORNWALL,EAST DEVON AND CORNWALL,OPEN,FRESHWATER - RIVERS,2024-03-21 11:56:00,MONITORING  (NATIONAL AGENCY POLICY),RIVER / RUNNING SURFACE WATER,0076,Temperature of Water,11,CELSIUS,2024-03-21
https://environment.data.gov.uk/water-quality/sampling-point/SW-RSN1163/sample/3509089/observation/0076,SW-RSN1163,RSN1163 NORTH TEIGN RIVER AT LEIGH,268263,87754,SouthWest,SOUTH WEST - DEVON AND CORNWALL,CENTRAL DEVON AND CORNWALL,OPEN,FRESHWATER - RIVERS,2024-03-15 13:30:00,MONITORING  (NATIONAL AGENCY POLICY),RIVER / RUNNING SURFACE WATER,0076,Temperature of Water,9.9,CELSIUS,2024-03-15
https://environment.data.gov.uk/water-quality/sampling-point/SW-RSN1182/sample/3509774/observation/0076,SW-RSN1182,RSN1182 WINNEY'S DOWN,261250,82281,SouthWest,SOUTH WEST - DEVON AND CORNWALL,CENTRAL DEVON AND CORNWALL,OPEN,FRESHWATER - RIVERS,2024-03-20 11:27:00,MONITORING  (NATIONAL AGENCY POLICY),RIVER / RUNNING SURFACE WATER,0076,Temperature of Water,9.6,CELSIUS,2024-03-20
https://environment.data.gov.uk/water-quality/sampling-point/SW-RSN1187/sample/3508487/observation/0076,SW-RSN1187,RSN1187 COLLEY BROOK AT TOWERHILL LANE,289646,77683,SouthWest,SOUTH WEST - DEVON AND CORNWALL,CENTRAL DEVON AND CORNWALL,OPEN,FRESHWATER - RIVERS,2024-03-06 10:54:00,MONITORING  (NATIONAL AGENCY POLICY),RIVER / RUNNING SURFACE WATER,0076,Temperature of Water,10.2,CELSIUS,2024-03-06
https://environment.data.gov.uk/water-quality/sampling-point/SW-RSN1191/sample/3508573/observation/0076,SW-RSN1191,RSN1191 MARAZION RIVER AT CROWLAS,151373,33511,SouthWest,SOUTH WEST - DEVON AND CORNWALL,WEST DEVON AND CORNWALL,OPEN,FRESHWATER - RIVERS,2024-03-07 12:00:00,MONITORING  (NATIONAL AGENCY POLICY),RIVER / RUNNING SURFACE WATER,0076,Temperature of Water,10.7,CELSIUS,2024-03-07
https://environment.data.gov.uk/water-quality/sampling-point/SW-RSN1227/sample/3509775/observation/0076,SW-RSN1227,RSN1227 SHAMLEY STREAM AT TITCHBERRY,224045,126845,SouthWest,SOUTH WEST - DEVON AND CORNWALL,EAST DEVON AND CORNWALL,OPEN,FRESHWATER - RIVERS,2024-03-21 11:53:00,MONITORING  (NATIONAL AGENCY POLICY),RIVER / RUNNING SURFACE WATER,0076,Temperature of Water,10.7,CELSIUS,2024-03-21
https://environment.data.gov.uk/water-quality/sampling-point/SW-RSN1235/sample/3508171/observation/0076,SW-RSN1235,RSN1235 WEST WOODBURN,286577,122895,SouthWest,SOUTH WEST - DEVON AND CORNWALL,EAST DEVON AND CORNWALL,OPEN,FRESHWATER - RIVERS,2024-03-01 10:29:00,MONITORING  (NATIONAL AGENCY POLICY),RIVER / RUNNING SURFACE WATER,0076,Temperature of Water,5.3,CELSIUS,2024-03-01
https://environment.data.gov.uk/water-quality/sampling-point/SW-RSN1243/sample/3508172/observation/0076,SW-RSN1243,RSN1243 RIVER CAMEL AT BUTTERWELL,202882,67432,SouthWest,SOUTH WEST - DEVON AND CORNWALL,WEST DEVON AND CORNWALL,OPEN,FRESHWATER - RIVERS,2024-03-01 14:21:00,MONITORING  (NATIONAL AGENCY POLICY),RIVER / RUNNING SURFACE WATER,0076,Temperature of Water,8.1,CELSIUS,2024-03-01
https://environment.data.gov.uk/water-quality/sampling-point/SW-RSN1247/sample/3509776/observation/0076,SW-RSN1247,RSN1247 HOLEWATER AT ROCKLEY COPSE,270601,137955,SouthWest,SOUTH WEST - DEVON AND CORNWALL,EAST DEVON AND CORNWALL,OPEN,FRESHWATER - RIVERS,2024-03-20 14:35:00,MONITORING  (NATIONAL AGENCY POLICY),RIVER / RUNNING SURFACE WATER,0076,Temperature of Water,10.1,CELSIUS,2024-03-20
https://environment.data.gov.uk/water-quality/sampling-point/SW-RSN1267/sample/3508950/observation/0076,SW-RSN1267,RSN1267 PULWORTHY BROOK AT LYDACOTT,248859,103123,SouthWest,SOUTH WEST - DEVON AND CORNWALL,EAST DEVON AND CORNWALL,OPEN,FRESHWATER - RIVERS,2024-03-13 14:04:00,MONITORING  (NATIONAL AGENCY POLICY),RIVER / RUNNING SURFACE WATER,0076,Temperature of Water,10.5,CELSIUS,2024-03-13
https://environment.data.gov.uk/water-quality/sampling-point/SW-RSN1275/sample/3508173/observation/0076,SW-RSN1275,RSN1275 RIVER TIDDY AT LAMBEST,231060,63668,SouthWest,SOUTH WEST - DEVON AND CORNWALL,CENTRAL DEVON AND CORNWALL,OPEN,FRESHWATER - RIVERS,2024-03-01 11:41:00,MONITORING  (NATIONAL AGENCY POLICY),RIVER / RUNNING SURFACE WATER,0076,Temperature of Water,8.6,CELSIUS,2024-03-01
https://environment.data.gov.uk/water-quality/sampling-point/SW-RSN1502/sample/3509660/observation/0076,SW-RSN1502,"RSN1502 LANGWORTHY BROOK AT HALSANGER WOOD, ASHBURTON (LOWER TEIGN/LEMON)",276332,73699,SouthWest,SOUTH WEST - DEVON AND CORNWALL,CENTRAL DEVON AND CORNWALL,OPEN,FRESHWATER - RIVERS,2024-03-19 12:51:00,MONITORING  (NATIONAL AGENCY POLICY),RIVER / RUNNING SURFACE WATER,0076,Temperature of Water,11,CELSIUS,2024-03-19
https://environment.data.gov.uk/water-quality/sampling-point/SW-RSN1507/sample/3509759/observation/0076,SW-RSN1507,RSN1507 THE MUDDIFORD INN - COLAM STREAM (LOWER TAW),256370,138193,SouthWest,SOUTH WEST - DEVON AND CORNWALL,EAST DEVON AND CORNWALL,OPEN,FRESHWATER - RIVERS,2024-03-21 09:32:00,MONITORING  (NATIONAL AGENCY POLICY),RIVER / RUNNING SURFACE WATER,0076,Temperature of Water,10.1,CELSIUS,2024-03-21
https://environment.data.gov.uk/water-quality/sampling-point/SW-RSN1523/sample/3508557/observation/0076,SW-RSN1523,RSN1523 DURFOLD,211569,73706,SouthWest,SOUTH WEST - DEVON AND CORNWALL,WEST DEVON AND CORNWALL,OPEN,FRESHWATER - RIVERS,2024-03-07 13:00:00,MONITORING  (NATIONAL AGENCY POLICY),RIVER / RUNNING SURFACE WATER,0076,Temperature of Water,8.9,CELSIUS,2024-03-07
https://environment.data.gov.uk/water-quality/sampling-point/SW-RSN1527/sample/3509855/observation/0076,SW-RSN1527,RSN1527 WESTERWOOD ISLAND - EAST LYN RIVER (LYN),273140,149078,SouthWest,SOUTH WEST - DEVON AND CORNWALL,EAST DEVON AND CORNWALL,OPEN,FRESHWATER - RIVERS,2024-03-22 12:28:00,MONITORING  (NATIONAL AGENCY POLICY),RIVER / RUNNING SURFACE WATER,0076,Temperature of Water,9.7,CELSIUS,2024-03-22
https://environment.data.gov.uk/water-quality/sampling-point/SW-RSN1555/sample/3508559/observation/0076,SW-RSN1555,RSN1555 KINGFORD,228074,106565,SouthWest,SOUTH WEST - DEVON AND CORNWALL,CENTRAL DEVON AND CORNWALL,OPEN,FRESHWATER - RIVERS,2024-03-07 14:18:00,MONITORING  (NATIONAL AGENCY POLICY),RIVER / RUNNING SURFACE WATER,0076,Temperature of Water,9.3,CELSIUS,2024-03-07
https://environment.data.gov.uk/water-quality/sampling-point/SW-RSN1563/sample/3510483/observation/0076,SW-RSN1563,RSN1563 HENDRA,221066,79759,SouthWest,SOUTH WEST - DEVON AND CORNWALL,CENTRAL DEVON AND CORNWALL,OPEN,FRESHWATER - RIVERS,2024-03-27 10:58:00,MONITORING  (NATIONAL AGENCY POLICY),RIVER / RUNNING SURFACE WATER,0076,Temperature of Water,8.9,CELSIUS,2024-03-27
https://environment.data.gov.uk/water-quality/sampling-point/SW-RSN1567/sample/3509854/observation/0076,SW-RSN1567,RSN1567 EASTWOOD - CROOKED OAK (MOLE),274449,123014,SouthWest,SOUTH WEST - DEVON AND CORNWALL,EAST DEVON AND CORNWALL,OPEN,FRESHWATER - RIVERS,2024-03-22 12:42:00,MONITORING  (NATIONAL AGENCY POLICY),RIVER / RUNNING SURFACE WATER,0076,Temperature of Water,9.9,CELSIUS,2024-03-22
https://environment.data.gov.uk/water-quality/sampling-point/SW-RSN1595/sample/3508471/observation/0076,SW-RSN1595,RSN1595 BRANDIS CORNER,242062,103390,SouthWest,SOUTH WEST - DEVON AND CORNWALL,EAST DEVON AND CORNWALL,OPEN,FRESHWATER - RIVERS,2024-03-06 11:45:00,MONITORING  (NATIONAL AGENCY POLICY),RIVER / RUNNING SURFACE WATER,0076,Temperature of Water,4.5,CELSIUS,2024-03-06
https://environment.data.gov.uk/water-quality/sampling-point/SW-RSN1723/sample/3508562/observation/0076,SW-RSN1723,RSN1723 ERISEY,171274,18226,SouthWest,SOUTH WEST - DEVON AND CORNWALL,WEST DEVON AND CORNWALL,OPEN,FRESHWATER - RIVERS,2024-03-07 09:37:00,PLANNED INVESTIGATION (LOCAL MONITORING),RIVER / RUNNING SURFACE WATER,0076,Temperature of Water,8.7,CELSIUS,2024-03-07
https://environment.data.gov.uk/water-quality/sampling-point/SW-RSN1795/sample/3508925/observation/0076,SW-RSN1795,RSN1795 MEETFORD CROSS - LILY BROOK (YEO(CREEDY)),281854,96400,SouthWest,SOUTH WEST - DEVON AND CORNWALL,EAST DEVON AND CORNWALL,OPEN,FRESHWATER - RIVERS,2024-03-13 11:41:00,MONITORING  (NATIONAL AGENCY POLICY),RIVER / RUNNING SURFACE WATER,0076,Temperature of Water,9.9,CELSIUS,2024-03-13
https://environment.data.gov.uk/water-quality/sampling-point/SW-RSN1803B/sample/3508566/observation/0076,SW-RSN1803B,RSN1803B PENCAVO STREAM AT TREWANDRA WOOD,234810,60984,SouthWest,SOUTH WEST - DEVON AND CORNWALL,CENTRAL DEVON AND CORNWALL,OPEN,FRESHWATER - RIVERS,2024-03-07 12:45:00,MONITORING  (NATIONAL AGENCY POLICY),RIVER / RUNNING SURFACE WATER,0076,Temperature of Water,11.1,CELSIUS,2024-03-07
https://environment.data.gov.uk/water-quality/sampling-point/SW-RSN1819/sample/3509604/observation/0076,SW-RSN1819,RSN1819 RIVER CULM AT BRADNINCH (CULM),301022,103905,SouthWest,SOUTH WEST - DEVON AND CORNWALL,EAST DEVON AND CORNWALL,OPEN,FRESHWATER - RIVERS,2024-03-18 10:53:00,MONITORING  (NATIONAL AGENCY POLICY),RIVER / RUNNING SURFACE WATER,0076,Temperature of Water,9.5,CELSIUS,2024-03-18
https://environment.data.gov.uk/water-quality/sampling-point/SW-RSN1835/sample/3508834/observation/0076,SW-RSN1835,RSN1835 MURLEY FARM - UPLOWMAN STREAM (MIDDLE EXE),302294,116732,SouthWest,SOUTH WEST - DEVON AND CORNWALL,EAST DEVON AND CORNWALL,OPEN,FRESHWATER - RIVERS,2024-03-12 10:51:00,MONITORING  (NATIONAL AGENCY POLICY),RIVER / RUNNING SURFACE WATER,0076,Temperature of Water,8.9,CELSIUS,2024-03-12
https://environment.data.gov.uk/water-quality/sampling-point/SW-RSN2035/sample/3510489/observation/0076,SW-RSN2035,RSN2035 SUTCOMBE STREAM AT SUTCOMBE,234789,111420,SouthWest,SOUTH WEST - DEVON AND CORNWALL,EAST DEVON AND CORNWALL,OPEN,FRESHWATER - RIVERS,2024-03-27 12:00:00,MONITORING  (NATIONAL AGENCY POLICY),RIVER / RUNNING SURFACE WATER,0076,Temperature of Water,8.6,CELSIUS,2024-03-27
https://environment.data.gov.uk/water-quality/sampling-point/SW-RSN2055/sample/3509861/observation/0076,SW-RSN2055,RSN2055 LILLY BROOK (HOLLY WATER) AT DOWNHAYNE,284218,106037,SouthWest,SOUTH WEST - DEVON AND CORNWALL,EAST DEVON AND CORNWALL,OPEN,FRESHWATER - RIVERS,2024-03-21 15:20:00,MONITORING  (NATIONAL AGENCY POLICY),RIVER / RUNNING SURFACE WATER,0076,Temperature of Water,11.1,CELSIUS,2024-03-21
https://environment.data.gov.uk/water-quality/sampling-point/SW-RSN2171/sample/3509777/observation/0076,SW-RSN2171,RSN2171 BODGATE STREAM AT PAYNTERSMOOR PLANTATIONS,227620,91098,SouthWest,SOUTH WEST - DEVON AND CORNWALL,CENTRAL DEVON AND CORNWALL,OPEN,FRESHWATER - RIVERS,2024-03-21 12:00:00,MONITORING  (NATIONAL AGENCY POLICY),RIVER / RUNNING SURFACE WATER,0076,Temperature of Water,10.4,CELSIUS,2024-03-21
https://environment.data.gov.uk/water-quality/sampling-point/SW-RSN2175/sample/3509778/observation/0076,SW-RSN2175,RSN2175 MOUSEBEARE LANE,292726,115648,SouthWest,SOUTH WEST - DEVON AND CORNWALL,EAST DEVON AND CORNWALL,OPEN,FRESHWATER - RIVERS,2024-03-21 14:12:00,MONITORING  (NATIONAL AGENCY POLICY),RIVER / RUNNING SURFACE WATER,0076,Temperature of Water,11.3,CELSIUS,2024-03-21
https://environment.data.gov.uk/water-quality/sampling-point/SW-RSN2187/sample/3508575/observation/0076,SW-RSN2187,RSN2187 RIVER ALLEN AT BOWOOD PARK,208617,81983,SouthWest,SOUTH WEST - DEVON AND CORNWALL,WEST DEVON AND CORNWALL,OPEN,FRESHWATER - RIVERS,2024-03-07 09:57:00,MONITORING  (NATIONAL AGENCY POLICY),RIVER / RUNNING SURFACE WATER,0076,Temperature of Water,9.9,CELSIUS,2024-03-07
https://environment.data.gov.uk/water-quality/sampling-point/SW-RSN2219/sample/3510493/observation/0076,SW-RSN2219,RSN2219 HUNTACOTT WATER AT WEEK BOTTOMS,273960,117356,SouthWest,SOUTH WEST - DEVON AND CORNWALL,EAST DEVON AND CORNWALL,OPEN,FRESHWATER - RIVERS,2024-03-27 14:42:00,MONITORING  (NATIONAL AGENCY POLICY),RIVER / RUNNING SURFACE WATER,0076,Temperature of Water,7.6,CELSIUS,2024-03-27
https://environment.data.gov.uk/water-quality/sampling-point/SW-RSN2227/sample/3508174/observation/0076,SW-RSN2227,RSN2227 ST EWE STREAM AT CROSSWYN,198467,46640,SouthWest,SOUTH WEST - DEVON AND CORNWALL,WEST DEVON AND CORNWALL,OPEN,FRESHWATER - RIVERS,2024-03-01 11:49:00,MONITORING  (NATIONAL AGENCY POLICY),RIVER / RUNNING SURFACE WATER,0076,Temperature of Water,7.7,CELSIUS,2024-03-01
https://environment.data.gov.uk/water-quality/sampling-point/SW-RSN2238/sample/3509090/observation/0076,SW-RSN2238,RSN2238 AVON MILL,272995,48352,SouthWest,SOUTH WEST - DEVON AND CORNWALL,CENTRAL DEVON AND CORNWALL,OPEN,FRESHWATER - RIVERS,2024-03-15 11:03:00,MONITORING  (NATIONAL AGENCY POLICY),RIVER / RUNNING SURFACE WATER,0076,Temperature of Water,10.3,CELSIUS,2024-03-15
https://environment.data.gov.uk/water-quality/sampling-point/SW-RSN2243/sample/3508488/observation/0076,SW-RSN2243,RSN2243 RIVER CAREY AT BRENDON,242239,100262,SouthWest,SOUTH WEST - DEVON AND CORNWALL,CENTRAL DEVON AND CORNWALL,OPEN,FRESHWATER - RIVERS,2024-03-06 12:16:00,MONITORING  (NATIONAL AGENCY POLICY),RIVER / RUNNING SURFACE WATER,0076,Temperature of Water,5.7,CELSIUS,2024-03-06
https://environment.data.gov.uk/water-quality/sampling-point/SW-RSN2251/sample/3508951/observation/0076,SW-RSN2251,RSN2251 CATHAM LAKE AT KINGSNYMPTON PARK,267155,118498,SouthWest,SOUTH WEST - DEVON AND CORNWALL,EAST DEVON AND CORNWALL,OPEN,FRESHWATER - RIVERS,2024-03-13 09:54:00,MONITORING  (NATIONAL AGENCY POLICY),RIVER / RUNNING SURFACE WATER,0076,Temperature of Water,10,CELSIUS,2024-03-13
https://environment.data.gov.uk/water-quality/sampling-point/SW-RSN2259/sample/3508576/observation/0076,SW-RSN2259,RSN2259 TRESILLIAN RIVER AT ENTRANCE WOOD,188629,53074,SouthWest,SOUTH WEST - DEVON AND CORNWALL,WEST DEVON AND CORNWALL,OPEN,FRESHWATER - RIVERS,2024-03-07 11:01:00,MONITORING  (NATIONAL AGENCY POLICY),RIVER / RUNNING SURFACE WATER,0076,Temperature of Water,9.9,CELSIUS,2024-03-07
https://environment.data.gov.uk/water-quality/sampling-point/SW-RSN2267/sample/3510494/observation/0076,SW-RSN2267,RSN2267 TALE AT DANES MILL,307643,103452,SouthWest,SOUTH WEST - DEVON AND CORNWALL,EAST DEVON AND CORNWALL,OPEN,FRESHWATER - RIVERS,2024-03-27 14:51:00,MONITORING  (NATIONAL AGENCY POLICY),RIVER / RUNNING SURFACE WATER,0076,Temperature of Water,8.3,CELSIUS,2024-03-27
https://environment.data.gov.uk/water-quality/sampling-point/SW-RSN2278/sample/3509868/observation/0076,SW-RSN2278,RSN2278 DART AT LUCKEY TOR,268163,72120,SouthWest,SOUTH WEST - DEVON AND CORNWALL,CENTRAL DEVON AND CORNWALL,OPEN,FRESHWATER - RIVERS,2024-03-22 11:41:00,MONITORING  (NATIONAL AGENCY POLICY),RIVER / RUNNING SURFACE WATER,0076,Temperature of Water,9.5,CELSIUS,2024-03-22
https://environment.data.gov.uk/water-quality/sampling-point/SW-RSN2283/sample/3508175/observation/0076,SW-RSN2283,RSN2283 BEARA BROOK AT WINSCOTT BARTON,254877,118089,SouthWest,SOUTH WEST - DEVON AND CORNWALL,EAST DEVON AND CORNWALL,OPEN,FRESHWATER - RIVERS,2024-03-01 13:05:00,MONITORING  (NATIONAL AGENCY POLICY),RIVER / RUNNING SURFACE WATER,0076,Temperature of Water,7.4,CELSIUS,2024-03-01
https://environment.data.gov.uk/water-quality/sampling-point/SW-RSN2291/sample/3508642/observation/0076,SW-RSN2291,RSN2291 HAYES BARTON BROOK AT JACOBSTOWE,259120,101475,SouthWest,SOUTH WEST - DEVON AND CORNWALL,EAST DEVON AND CORNWALL,OPEN,FRESHWATER - RIVERS,2024-03-08 10:42:00,MONITORING  (NATIONAL AGENCY POLICY),RIVER / RUNNING SURFACE WATER,0076,Temperature of Water,6.6,CELSIUS,2024-03-08
https://environment.data.gov.uk/water-quality/sampling-point/SW-RSN2323/sample/3508489/observation/0076,SW-RSN2323,RSN2323 LILLYCOMBE,317019,114326,SouthWest,SOUTH WEST - DEVON AND CORNWALL,EAST DEVON AND CORNWALL,OPEN,FRESHWATER - RIVERS,2024-03-06 10:26:00,MONITORING  (NATIONAL AGENCY POLICY),RIVER / RUNNING SURFACE WATER,0076,Temperature of Water,5,CELSIUS,2024-03-06
https://environment.data.gov.uk/water-quality/sampling-point/SW-SSN0008/sample/3509084/observation/0076,SW-SSN0008,DOETOR BROOK AT FOXHOLE MINE,254543,85159,SouthWest,SOUTH WEST - DEVON AND CORNWALL,CENTRAL DEVON AND CORNWALL,OPEN,FRESHWATER - RIVERS,2024-03-15 13:44:00,MONITORING  (NATIONAL AGENCY POLICY),RIVER / RUNNING SURFACE WATER,0076,Temperature of Water,8.7,CELSIUS,2024-03-15
https://environment.data.gov.uk/water-quality/sampling-point/SW-SSN0024/sample/3508384/observation/0076,SW-SSN0024,TREMAINE STREAM AT TREBURTLE,224786,88582,SouthWest,SOUTH WEST - DEVON AND CORNWALL,CENTRAL DEVON AND CORNWALL,OPEN,FRESHWATER - RIVERS,2024-03-05 12:02:00,MONITORING  (NATIONAL AGENCY POLICY),RIVER / RUNNING SURFACE WATER,0076,Temperature of Water,9.8,CELSIUS,2024-03-05
https://environment.data.gov.uk/water-quality/sampling-point/SW-SSN0032/sample/3508847/observation/0076,SW-SSN0032,HIGHER BLAGDON FARM - MILL POOL STREAM,285652,61188,SouthWest,SOUTH WEST - DEVON AND CORNWALL,CENTRAL DEVON AND CORNWALL,OPEN,FRESHWATER - RIVERS,2024-03-12 09:36:00,MONITORING  (NATIONAL AGENCY POLICY),RIVER / RUNNING SURFACE WATER,0076,Temperature of Water,10.7,CELSIUS,2024-03-12
https://environment.data.gov.uk/water-quality/sampling-point/SW-SSN0036/sample/3510497/observation/0076,SW-SSN0036,LADFORD BROOK AT LADFORD - LADFORD BROOK,243354,111313,SouthWest,SOUTH WEST - DEVON AND CORNWALL,EAST DEVON AND CORNWALL,OPEN,FRESHWATER - RIVERS,2024-03-27 15:03:00,MONITORING  (NATIONAL AGENCY POLICY),RIVER / RUNNING SURFACE WATER,0076,Temperature of Water,9.8,CELSIUS,2024-03-27
https://environment.data.gov.uk/water-quality/sampling-point/SW-SSN0048/sample/3509092/observation/0076,SW-SSN0048,LOWER FURSDON - FURSDON STREAM,271308,94597,SouthWest,SOUTH WEST - DEVON AND CORNWALL,EAST DEVON AND CORNWALL,OPEN,FRESHWATER - RIVERS,2024-03-15 12:48:00,MONITORING  (NATIONAL AGENCY POLICY),RIVER / RUNNING SURFACE WATER,0076,Temperature of Water,10.4,CELSIUS,2024-03-15
https://environment.data.gov.uk/water-quality/sampling-point/SW-SSN0088/sample/3508483/observation/0076,SW-SSN0088,TOLBOROUGH STREAM AT DAIRYWELL HILL,218040,77038,SouthWest,SOUTH WEST - DEVON AND CORNWALL,WEST DEVON AND CORNWALL,OPEN,FRESHWATER - RIVERS,2024-03-06 10:10:00,MONITORING  (NATIONAL AGENCY POLICY),RIVER / RUNNING SURFACE WATER,0076,Temperature of Water,7.7,CELSIUS,2024-03-06
https://environment.data.gov.uk/water-quality/sampling-point/SW-SSN0096/sample/3508946/observation/0076,SW-SSN0096,CRABLAKE FARM,294182,85923,SouthWest,SOUTH WEST - DEVON AND CORNWALL,CENTRAL DEVON AND CORNWALL,OPEN,FRESHWATER - RIVERS,2024-03-13 14:38:00,MONITORING  (NATIONAL AGENCY POLICY),RIVER / RUNNING SURFACE WATER,0076,Temperature of Water,11,CELSIUS,2024-03-13
https://environment.data.gov.uk/water-quality/sampling-point/SW-SSN0100/sample/3508484/observation/0076,SW-SSN0100,DURY WATER AT QUODITCH,239890,96761,SouthWest,SOUTH WEST - DEVON AND CORNWALL,CENTRAL DEVON AND CORNWALL,OPEN,FRESHWATER - RIVERS,2024-03-06 13:05:00,MONITORING  (NATIONAL AGENCY POLICY),RIVER / RUNNING SURFACE WATER,0076,Temperature of Water,7.3,CELSIUS,2024-03-06
https://environment.data.gov.uk/water-quality/sampling-point/SW-SSN0112/sample/3508848/observation/0076,SW-SSN0112,KIDLAND STREAM AT HARPSON WOOD,281097,123065,SouthWest,SOUTH WEST - DEVON AND CORNWALL,EAST DEVON AND CORNWALL,OPEN,FRESHWATER - RIVERS,2024-03-12 13:58:00,MONITORING  (NATIONAL AGENCY POLICY),RIVER / RUNNING SURFACE WATER,0076,Temperature of Water,9.8,CELSIUS,2024-03-12
https://environment.data.gov.uk/water-quality/sampling-point/SW-SSN0116/sample/3509940/observation/0076,SW-SSN0116,RUAN STREAM AT PONS MEDDA - RUAN STREAM,170586,16369,SouthWest,SOUTH WEST - DEVON AND CORNWALL,WEST DEVON AND CORNWALL,OPEN,FRESHWATER - RIVERS,2024-03-25 13:28:00,MONITORING  (NATIONAL AGENCY POLICY),RIVER / RUNNING SURFACE WATER,0076,Temperature of Water,9.9,CELSIUS,2024-03-25
https://environment.data.gov.uk/water-quality/sampling-point/SW-SSN0164/sample/3508849/observation/0076,SW-SSN0164,CHITTLEHAMHOLT STREAM AT SPYCOTT,263593,121401,SouthWest,SOUTH WEST - DEVON AND CORNWALL,EAST DEVON AND CORNWALL,OPEN,FRESHWATER - RIVERS,2024-03-12 10:17:00,MONITORING  (NATIONAL AGENCY POLICY),RIVER / RUNNING SURFACE WATER,0076,Temperature of Water,9.3,CELSIUS,2024-03-12
https://environment.data.gov.uk/water-quality/sampling-point/SW-SSN0180/sample/3508741/observation/0076,SW-SSN0180,TALLAND STREAM AT WALDEN - TALLAND STREAM,222788,52230,SouthWest,SOUTH WEST - DEVON AND CORNWALL,WEST DEVON AND CORNWALL,OPEN,FRESHWATER - RIVERS,2024-03-11 12:52:00,MONITORING  (NATIONAL AGENCY POLICY),RIVER / RUNNING SURFACE WATER,0076,Temperature of Water,11.6,CELSIUS,2024-03-11
https://environment.data.gov.uk/water-quality/sampling-point/SW-SSN0200/sample/3508385/observation/0076,SW-SSN0200,COLESLOGGETT STREAM AT POLVENTON,210105,65780,SouthWest,SOUTH WEST - DEVON AND CORNWALL,WEST DEVON AND CORNWALL,OPEN,FRESHWATER - RIVERS,2024-03-05 10:06:00,MONITORING  (NATIONAL AGENCY POLICY),RIVER / RUNNING SURFACE WATER,0076,Temperature of Water,8,CELSIUS,2024-03-05
https://environment.data.gov.uk/water-quality/sampling-point/SW-SSN0648/sample/3509093/observation/0076,SW-SSN0648,HERODSCOOMBE STREAM AT TREHALE,221645,60774,SouthWest,SOUTH WEST - DEVON AND CORNWALL,WEST DEVON AND CORNWALL,OPEN,FRESHWATER - RIVERS,2024-03-15 11:33:00,MONITORING  (NATIONAL AGENCY POLICY),RIVER / RUNNING SURFACE WATER,0076,Temperature of Water,11.4,CELSIUS,2024-03-15
https://environment.data.gov.uk/water-quality/sampling-point/SW-SSN0676/sample/3510496/observation/0076,SW-SSN0676,COMBE LAKE AT LANGATONS - COMBE LAKE,243966,113438,SouthWest,SOUTH WEST - DEVON AND CORNWALL,EAST DEVON AND CORNWALL,OPEN,FRESHWATER - RIVERS,2024-03-27 15:03:00,MONITORING  (NATIONAL AGENCY POLICY),RIVER / RUNNING SURFACE WATER,0076,Temperature of Water,9.8,CELSIUS,2024-03-27
https://environment.data.gov.uk/water-quality/sampling-point/SW-SSN0704/sample/3509941/observation/0076,SW-SSN0704,MOLEHEAD BROOK AT DARLICK MOORS,276929,133859,SouthWest,SOUTH WEST - DEVON AND CORNWALL,EAST DEVON AND CORNWALL,OPEN,FRESHWATER - RIVERS,2024-03-25 11:39:00,MONITORING  (NATIONAL AGENCY POLICY),RIVER / RUNNING SURFACE WATER,0076,Temperature of Water,9.1,CELSIUS,2024-03-25
https://environment.data.gov.uk/water-quality/sampling-point/SW-SSN0712/sample/3508178/observation/0076,SW-SSN0712,LANIVET STREAM AT BARGUSE - LANIVET STREAM,203736,61376,SouthWest,SOUTH WEST - DEVON AND CORNWALL,WEST DEVON AND CORNWALL,OPEN,FRESHWATER - RIVERS,2024-03-01 13:24:00,MONITORING  (NATIONAL AGENCY POLICY),RIVER / RUNNING SURFACE WATER,0076,Temperature of Water,8.9,CELSIUS,2024-03-01
https://environment.data.gov.uk/water-quality/sampling-point/SW-SSN0720/sample/3508386/observation/0076,SW-SSN0720,CHILLINGTON STREAM AT GREAT HILL WOOD,279745,42614,SouthWest,SOUTH WEST - DEVON AND CORNWALL,CENTRAL DEVON AND CORNWALL,OPEN,FRESHWATER - RIVERS,2024-03-05 13:01:00,MONITORING  (NATIONAL AGENCY POLICY),RIVER / RUNNING SURFACE WATER,0076,Temperature of Water,11.7,CELSIUS,2024-03-05
https://environment.data.gov.uk/water-quality/sampling-point/SW-SSN0724/sample/3508179/observation/0076,SW-SSN0724,STAFFORD BARTON BROOK AT HAM FARM,257487,111443,SouthWest,SOUTH WEST - DEVON AND CORNWALL,EAST DEVON AND CORNWALL,OPEN,FRESHWATER - RIVERS,2024-03-01 12:14:00,MONITORING  (NATIONAL AGENCY POLICY),RIVER / RUNNING SURFACE WATER,0076,Temperature of Water,7.5,CELSIUS,2024-03-01
https://environment.data.gov.uk/water-quality/sampling-point/SW-SSN0736/sample/3508180/observation/0076,SW-SSN0736,CHILVERTON DRAIN AT COLDRIDGE - CHILVERTON DRAIN,269886,106760,SouthWest,SOUTH WEST - DEVON AND CORNWALL,EAST DEVON AND CORNWALL,OPEN,FRESHWATER - RIVERS,2024-03-01 10:12:00,MONITORING  (NATIONAL AGENCY POLICY),RIVER / RUNNING SURFACE WATER,0076,Temperature of Water,6,CELSIUS,2024-03-01
https://environment.data.gov.uk/water-quality/sampling-point/SW-SSN0740/sample/3508305/observation/0076,SW-SSN0740,WATERGATE STREAM AT ILLOGAN,167575,43945,SouthWest,SOUTH WEST - DEVON AND CORNWALL,WEST DEVON AND CORNWALL,OPEN,FRESHWATER - RIVERS,2024-03-04 12:56:00,MONITORING  (NATIONAL AGENCY POLICY),RIVER / RUNNING SURFACE WATER,0076,Temperature of Water,9.3,CELSIUS,2024-03-04
https://environment.data.gov.uk/water-quality/sampling-point/SW-SSN1300/sample/3508567/observation/0076,SW-SSN1300,BIOGAS STREAM AT HIGHER MANWORTHY,234091,105815,SouthWest,SOUTH WEST - DEVON AND CORNWALL,CENTRAL DEVON AND CORNWALL,OPEN,FRESHWATER - RIVERS,2024-03-07 15:01:00,MONITORING  (NATIONAL AGENCY POLICY),RIVER / RUNNING SURFACE WATER,0076,Temperature of Water,8.7,CELSIUS,2024-03-07
https://environment.data.gov.uk/water-quality/sampling-point/SW-SSN1352/sample/3508568/observation/0076,SW-SSN1352,RADFORD STREAM AT BUDDLE WOOD,250958,52319,SouthWest,SOUTH WEST - DEVON AND CORNWALL,CENTRAL DEVON AND CORNWALL,OPEN,FRESHWATER - RIVERS,2024-03-07 15:17:00,MONITORING  (NATIONAL AGENCY POLICY),RIVER / RUNNING SURFACE WATER,0076,Temperature of Water,11.1,CELSIUS,2024-03-07
https://environment.data.gov.uk/water-quality/sampling-point/SW-SSN1364/sample/3508485/observation/0076,SW-SSN1364,ODD MILL STREAM AT SWANNACOTT WOOD,224771,98406,SouthWest,SOUTH WEST - DEVON AND CORNWALL,CENTRAL DEVON AND CORNWALL,OPEN,FRESHWATER - RIVERS,2024-03-06 11:51:00,MONITORING  (NATIONAL AGENCY POLICY),RIVER / RUNNING SURFACE WATER,0076,Temperature of Water,7.5,CELSIUS,2024-03-06
https://environment.data.gov.uk/water-quality/sampling-point/SW-SSN1376/sample/3509673/observation/0076,SW-SSN1376,COFTON CROSS,296323,80271,SouthWest,SOUTH WEST - DEVON AND CORNWALL,CENTRAL DEVON AND CORNWALL,OPEN,FRESHWATER - RIVERS,2024-03-19 14:48:00,MONITORING  (NATIONAL AGENCY POLICY),RIVER / RUNNING SURFACE WATER,0076,Temperature of Water,12.6,CELSIUS,2024-03-19
https://environment.data.gov.uk/water-quality/sampling-point/SW-SSN1380/sample/3510397/observation/0076,SW-SSN1380,COLLACOTT,251148,129867,SouthWest,SOUTH WEST - DEVON AND CORNWALL,EAST DEVON AND CORNWALL,OPEN,FRESHWATER - RIVERS,2024-03-26 10:48:00,MONITORING  (NATIONAL AGENCY POLICY),RIVER / RUNNING SURFACE WATER,0076,Temperature of Water,9.6,CELSIUS,2024-03-26
https://environment.data.gov.uk/water-quality/sampling-point/SW-SSN1392/sample/3509094/observation/0076,SW-SSN1392,FORD BROOK AT FORD FARM - FORD BROOK,267315,115781,SouthWest,SOUTH WEST - DEVON AND CORNWALL,EAST DEVON AND CORNWALL,OPEN,FRESHWATER - RIVERS,2024-03-15 14:24:00,MONITORING  (NATIONAL AGENCY POLICY),RIVER / RUNNING SURFACE WATER,0076,Temperature of Water,11.1,CELSIUS,2024-03-15
https://environment.data.gov.uk/water-quality/sampling-point/SW-SSN1408/sample/3509608/observation/0076,SW-SSN1408,LOCKS COTTAGE DRAIN - LOCKS COTTAGE DRAIN,304595,114612,SouthWest,SOUTH WEST - DEVON AND CORNWALL,EAST DEVON AND CORNWALL,OPEN,FRESHWATER - RIVERS,2024-03-18 10:08:00,MONITORING  (NATIONAL AGENCY POLICY),RIVER / RUNNING SURFACE WATER,0076,Temperature of Water,9.9,CELSIUS,2024-03-18
https://environment.data.gov.uk/water-quality/sampling-point/SW-SSN1428/sample/3509780/observation/0076,SW-SSN1428,HALSINGER - WINSHAM BROOK,250997,138712,SouthWest,SOUTH WEST - DEVON AND CORNWALL,EAST DEVON AND CORNWALL,OPEN,FRESHWATER - RIVERS,2024-03-21 14:12:00,MONITORING  (NATIONAL AGENCY POLICY),RIVER / RUNNING SURFACE WATER,0076,Temperature of Water,11.3,CELSIUS,2024-03-21
https://environment.data.gov.uk/water-quality/sampling-point/SW-SSN1440/sample/3508490/observation/0076,SW-SSN1440,TASTERS WOOD STREAM NR BICKLEIGH CASTLE,293641,106483,SouthWest,SOUTH WEST - DEVON AND CORNWALL,EAST DEVON AND CORNWALL,OPEN,FRESHWATER - RIVERS,2024-03-06 12:16:00,MONITORING  (NATIONAL AGENCY POLICY),RIVER / RUNNING SURFACE WATER,0076,Temperature of Water,6.9,CELSIUS,2024-03-06
https://environment.data.gov.uk/water-quality/sampling-point/SW-SSN1460/sample/3508388/observation/0076,SW-SSN1460,BROOK LAKE AT SWAINSTONE CROSS - BROOK LAKE,260135,54189,SouthWest,SOUTH WEST - DEVON AND CORNWALL,CENTRAL DEVON AND CORNWALL,OPEN,FRESHWATER - RIVERS,2024-03-05 14:46:00,MONITORING  (NATIONAL AGENCY POLICY),RIVER / RUNNING SURFACE WATER,0076,Temperature of Water,9.8,CELSIUS,2024-03-05
https://environment.data.gov.uk/water-quality/sampling-point/SW-SSN1480/sample/3508181/observation/0076,SW-SSN1480,CRIFT STREAM AT TREGANTLE - CRIFT STREAM,206403,59736,SouthWest,SOUTH WEST - DEVON AND CORNWALL,WEST DEVON AND CORNWALL,OPEN,FRESHWATER - RIVERS,2024-03-01 09:02:00,MONITORING  (NATIONAL AGENCY POLICY),RIVER / RUNNING SURFACE WATER,0076,Temperature of Water,8.9,CELSIUS,2024-03-01
https://environment.data.gov.uk/water-quality/sampling-point/SW-SSN1492/sample/3508647/observation/0076,SW-SSN1492,PRIESTACOTT BROOK AT WHITEHOUSE SERVICES,261781,94743,SouthWest,SOUTH WEST - DEVON AND CORNWALL,EAST DEVON AND CORNWALL,OPEN,FRESHWATER - RIVERS,2024-03-08 14:35:00,MONITORING  (NATIONAL AGENCY POLICY),RIVER / RUNNING SURFACE WATER,0076,Temperature of Water,9.5,CELSIUS,2024-03-08
https://environment.data.gov.uk/water-quality/sampling-point/SW-SSN1504/sample/3508182/observation/0076,SW-SSN1504,CHENSON BROOK AT CHENSON FARM,270251,109776,SouthWest,SOUTH WEST - DEVON AND CORNWALL,EAST DEVON AND CORNWALL,OPEN,FRESHWATER - RIVERS,2024-03-01 11:56:00,MONITORING  (NATIONAL AGENCY POLICY),RIVER / RUNNING SURFACE WATER,0076,Temperature of Water,7.6,CELSIUS,2024-03-01
